Genero_Usuario,Edad_Usuario,Bici,Ciclo_Estacion_Retiro,Fecha_Retiro,Hora_Retiro,Ciclo_EstacionArribo,Fecha_Arribo,Hora_Arribo
F,40.0,17455,1,01/06/2025,00:54:30,3,01/06/2025,01:11:51
F,24.0,96947,7,01/06/2025,00:22:45,5,01/06/2025,00:34:15
M,16.0,72439,7,01/06/2025,00:04:05,6,01/06/2025,00:15:42
M,31.0,43776,10,01/06/2025,00:18:39,15,01/06/2025,00:32:48
F,23.0,47243,20,01/06/2025,00:36:35,12,01/06/2025,00:49:01
M,27.0,27430,24,01/06/2025,00:46:48,15,01/06/2025,00:55:06
M,36.0,73298,2,01/06/2025,01:18:06,10,01/06/2025,01:28:41
M,24.0,11666,2,01/06/2025,01:43:19,16,01/06/2025,01:53:49
M,33.0,99145,5,01/06/2025,01:12:57,8,01/06/2025,01:29:38
M,36.0,89450,9,01/06/2025,01:56:13,20,01/06/2025,02:12:13
F,35.0,1525,9,01/06/2025,01:24:22,14,01/06/2025,01:41:22
M,40.0,60338,12,01/06/2025,01:56:22,6,01/06/2025,02:02:37
M,40.0,96960,13,01/06/2025,01:56:00,5,01/06/2025,02:19:51
M,44.0,13974,18,01/06/2025,01:07:49,20,01/06/2025,01:18:25
M,35.0,84237,19,01/06/2025,01:57:55,10,01/06/2025,02:10:20
F,37.0,80630,22,01/06/2025,01:06:44,23,01/06/2025,01:10:29
F,56.0,29695,24,01/06/2025,01:20:31,9,01/06/2025,01:27:04
F,63.0,24429,4,01/06/2025,02:24:16,5,01/06/2025,02:30:35
M,32.0,46109,8,01/06/2025,02:54:55,3,01/06/2025,03:11:57
M,37.0,24437,18,01/06/2025,02:06:53,8,01/06/2025,02:35:32
M,45.0,11567,18,01/06/2025,02:00:22,3,01/06/2025,02:16:11
F,36.0,90361,19,01/06/2025,02:03:48,22,01/06/2025,02:10:01
M,31.0,68929,21,01/06/2025,02:19:30,16,01/06/2025,02:43:48
F,42.0,54007,9,01/06/2025,03:38:27,8,01/06/2025,04:04:39
F,22.0,60146,9,01/06/2025,03:45:37,12,01/06/2025,03:54:44
M,18.0,10414,10,01/06/2025,03:41:38,14,01/06/2025,04:08:22
M,21.0,5964,12,01/06/2025,03:59:47,18,01/06/2025,04:06:41
M,16.0,17957,12,01/06/2025,03:05:10,15,01/06/2025,03:27:15
M,18.0,72400,14,01/06/2025,03:14:35,13,01/06/2025,03:24:26
M,25.0,89937,17,01/06/2025,03:05:44,12,01/06/2025,03:21:22
F,36.0,61654,21,01/06/2025,03:07:43,12,01/06/2025,03:16:30
F,16.0,12729,23,01/06/2025,03:28:25,24,01/06/2025,03:58:42
M,26.0,2197,1,01/06/2025,04:43:49,8,01/06/2025,04:49:03
F,41.0,88039,2,01/06/2025,04:18:02,24,01/06/2025,04:28:43
M,36.0,86480,2,01/06/2025,04:01:39,24,01/06/2025,04:16:37
M,42.0,65969,5,01/06/2025,04:01:17,21,01/06/2025,04:13:25
F,47.0,45208,9,01/06/2025,04:58:55,18,01/06/2025,05:14:18
F,51.0,20110,15,01/06/2025,04:02:03,19,01/06/2025,04:13:32
F,27.0,54757,20,01/06/2025,04:22:05,7,01/06/2025,04:32:20
M,44.0,94655,21,01/06/2025,04:47:14,6,01/06/2025,04:58:50
M,34.0,94836,23,01/06/2025,04:41:24,17,01/06/2025,05:09:03
M,48.0,62974,19,01/06/2025,05:16:31,14,01/06/2025,05:48:42
F,40.0,86982,20,01/06/2025,05:16:47,15,01/06/2025,05:33:47
M,43.0,28780,20,01/06/2025,05:50:04,3,01/06/2025,06:07:14
M,26.0,67176,21,01/06/2025,05:42:51,22,01/06/2025,06:06:23
M,34.0,69078,23,01/06/2025,05:07:46,12,01/06/2025,05:10:50
M,27.0,42357,23,01/06/2025,05:40:12,1,01/06/2025,05:56:36
M,29.0,99040,24,01/06/2025,05:50:48,21,01/06/2025,06:03:27
F,38.0,63576,2,01/06/2025,06:55:09,8,01/06/2025,07:02:33
M,23.0,67349,9,01/06/2025,06:13:24,14,01/06/2025,06:26:17
F,26.0,12896,12,01/06/2025,06:41:51,18,01/06/2025,06:55:14
M,27.0,34546,18,01/06/2025,06:51:00,8,01/06/2025,07:10:10
F,16.0,29188,1,01/06/2025,07:52:28,12,01/06/2025,08:04:41
F,50.0,44568,2,01/06/2025,07:57:48,14,01/06/2025,08:05:56
F,29.0,1466,2,01/06/2025,07:09:17,24,01/06/2025,07:36:01
M,28.0,47031,4,01/06/2025,07:07:51,24,01/06/2025,07:10:51
M,23.0,93223,7,01/06/2025,07:14:02,18,01/06/2025,07:17:02
M,27.0,74202,8,01/06/2025,07:40:44,19,01/06/2025,07:59:43
M,29.0,61450,10,01/06/2025,07:15:40,12,01/06/2025,07:32:57
M,31.0,30595,12,01/06/2025,07:40:54,20,01/06/2025,07:43:54
F,54.0,64185,13,01/06/2025,07:40:20,3,01/06/2025,07:43:52
M,50.0,91613,17,01/06/2025,07:17:29,12,01/06/2025,07:44:25
M,35.0,88190,17,01/06/2025,07:21:12,3,01/06/2025,07:37:26
M,38.0,89801,19,01/06/2025,07:20:20,10,01/06/2025,07:23:20
F,26.0,85605,19,01/06/2025,07:59:44,15,01/06/2025,08:19:13
M,40.0,79404,22,01/06/2025,07:14:15,17,01/06/2025,07:27:04
M,41.0,32625,23,01/06/2025,07:40:54,21,01/06/2025,07:51:51
M,26.0,4548,1,01/06/2025,08:06:08,8,01/06/2025,08:09:08
M,41.0,42062,11,01/06/2025,08:29:23,7,01/06/2025,08:47:54
F,48.0,25005,17,01/06/2025,08:51:35,11,01/06/2025,08:55:06
M,38.0,19944,17,01/06/2025,08:14:55,12,01/06/2025,08:20:56
F,44.0,4097,20,01/06/2025,08:09:48,8,01/06/2025,08:12:48
M,39.0,89772,21,01/06/2025,08:29:00,22,01/06/2025,08:49:30
F,45.0,45990,22,01/06/2025,08:46:33,23,01/06/2025,09:14:53
M,41.0,82503,23,01/06/2025,08:06:36,21,01/06/2025,08:29:20
M,34.0,32397,4,01/06/2025,09:04:49,15,01/06/2025,09:20:36
M,51.0,58202,6,01/06/2025,09:07:59,11,01/06/2025,09:21:37
M,39.0,28045,8,01/06/2025,09:35:10,13,01/06/2025,09:43:56
M,44.0,84890,8,01/06/2025,09:58:50,14,01/06/2025,10:11:58
M,32.0,68083,10,01/06/2025,09:52:45,9,01/06/2025,10:15:45
M,28.0,94007,11,01/06/2025,09:56:00,12,01/06/2025,10:05:57
M,48.0,15787,12,01/06/2025,09:05:28,17,01/06/2025,09:11:29
M,32.0,9788,13,01/06/2025,09:52:44,12,01/06/2025,10:06:56
M,30.0,78512,13,01/06/2025,09:44:32,18,01/06/2025,10:09:27
F,34.0,80692,14,01/06/2025,09:25:44,7,01/06/2025,09:37:22
M,42.0,40067,14,01/06/2025,09:43:37,21,01/06/2025,10:00:10
M,37.0,31471,16,01/06/2025,09:20:22,7,01/06/2025,09:36:19
M,33.0,95533,16,01/06/2025,09:41:01,11,01/06/2025,09:48:08
M,33.0,13668,17,01/06/2025,09:58:11,8,01/06/2025,10:09:20
M,32.0,11958,18,01/06/2025,09:02:53,14,01/06/2025,09:16:47
F,22.0,59271,18,01/06/2025,09:46:54,23,01/06/2025,10:07:32
M,34.0,62058,21,01/06/2025,09:04:44,22,01/06/2025,09:14:49
M,35.0,3985,23,01/06/2025,09:44:17,19,01/06/2025,09:47:32
F,26.0,10939,1,01/06/2025,10:46:43,21,01/06/2025,11:01:12
F,24.0,53951,2,01/06/2025,10:52:42,5,01/06/2025,11:14:48
M,34.0,53444,6,01/06/2025,10:31:27,11,01/06/2025,10:48:20
F,37.0,37886,6,01/06/2025,10:10:57,2,01/06/2025,10:33:06
M,36.0,26065,6,01/06/2025,10:33:09,4,01/06/2025,10:53:43
F,37.0,81873,8,01/06/2025,10:31:31,9,01/06/2025,10:47:52
F,33.0,34897,11,01/06/2025,10:44:55,2,01/06/2025,10:55:31
M,20.0,28783,12,01/06/2025,10:31:26,22,01/06/2025,10:44:39
M,29.0,32596,17,01/06/2025,10:16:38,23,01/06/2025,10:23:20
F,37.0,58781,18,01/06/2025,10:31:20,24,01/06/2025,10:46:56
M,48.0,53609,19,01/06/2025,10:02:27,24,01/06/2025,10:13:04
M,41.0,59366,19,01/06/2025,10:44:44,13,01/06/2025,10:57:57
M,34.0,34893,20,01/06/2025,10:30:24,17,01/06/2025,10:41:29
M,28.0,94032,22,01/06/2025,10:18:01,18,01/06/2025,10:23:22
F,37.0,14726,24,01/06/2025,10:51:45,11,01/06/2025,11:10:05
F,36.0,44596,2,01/06/2025,11:18:37,5,01/06/2025,11:39:56
M,28.0,40605,2,01/06/2025,11:41:32,1,01/06/2025,11:55:31
M,40.0,44833,2,01/06/2025,11:50:51,22,01/06/2025,11:58:09
F,21.0,92462,3,01/06/2025,11:37:57,21,01/06/2025,11:45:15
M,35.0,46715,4,01/06/2025,11:41:14,9,01/06/2025,11:56:16
F,27.0,22666,4,01/06/2025,11:35:17,8,01/06/2025,11:46:05
F,24.0,94643,7,01/06/2025,11:36:06,16,01/06/2025,11:48:29
F,36.0,62346,7,01/06/2025,11:09:24,8,01/06/2025,11:19:17
F,40.0,16416,9,01/06/2025,11:13:39,20,01/06/2025,11:17:51
F,33.0,65615,10,01/06/2025,11:25:47,15,01/06/2025,11:35:11
F,23.0,33050,12,01/06/2025,11:10:25,11,01/06/2025,11:28:36
M,48.0,82301,12,01/06/2025,11:47:54,19,01/06/2025,12:11:01
M,30.0,31478,13,01/06/2025,11:16:08,22,01/06/2025,11:30:41
M,31.0,65572,17,01/06/2025,11:32:20,2,01/06/2025,11:58:43
F,33.0,54339,18,01/06/2025,11:32:44,13,01/06/2025,11:47:09
M,34.0,37422,18,01/06/2025,11:45:18,14,01/06/2025,11:48:18
M,44.0,7051,18,01/06/2025,11:45:05,6,01/06/2025,11:56:23
M,35.0,14583,18,01/06/2025,11:23:51,24,01/06/2025,11:33:55
F,24.0,74844,19,01/06/2025,11:28:39,9,01/06/2025,11:40:52
M,22.0,71342,19,01/06/2025,11:33:22,22,01/06/2025,11:44:29
F,17.0,35503,19,01/06/2025,11:37:15,14,01/06/2025,11:44:15
M,33.0,56844,21,01/06/2025,11:33:27,11,01/06/2025,11:41:50
F,41.0,34664,23,01/06/2025,11:05:28,22,01/06/2025,11:26:31
M,23.0,20352,23,01/06/2025,11:12:27,18,01/06/2025,11:19:57
M,25.0,52989,1,01/06/2025,12:39:51,3,01/06/2025,12:49:07
M,20.0,88947,2,01/06/2025,12:21:48,4,01/06/2025,12:30:48
M,41.0,44817,4,01/06/2025,12:57:45,19,01/06/2025,13:20:47
M,22.0,58108,5,01/06/2025,12:02:05,23,01/06/2025,12:20:02
M,34.0,65803,6,01/06/2025,12:57:22,23,01/06/2025,13:13:39
F,16.0,43719,9,01/06/2025,12:19:26,8,01/06/2025,12:33:54
M,26.0,29830,9,01/06/2025,12:46:19,8,01/06/2025,13:07:05
M,43.0,38480,10,01/06/2025,12:39:04,8,01/06/2025,13:05:14
F,40.0,18965,11,01/06/2025,12:45:45,14,01/06/2025,12:58:56
M,34.0,39855,12,01/06/2025,12:35:50,23,01/06/2025,12:52:26
M,34.0,57212,14,01/06/2025,12:09:51,18,01/06/2025,12:12:51
M,35.0,87996,14,01/06/2025,12:47:52,9,01/06/2025,13:15:53
M,24.0,96252,16,01/06/2025,12:04:57,23,01/06/2025,12:14:19
M,31.0,11009,16,01/06/2025,12:52:07,11,01/06/2025,13:10:24
F,27.0,7821,17,01/06/2025,12:07:25,12,01/06/2025,12:13:09
M,19.0,87558,17,01/06/2025,12:17:43,11,01/06/2025,12:30:17
M,43.0,96143,18,01/06/2025,12:06:22,19,01/06/2025,12:09:25
F,61.0,97466,24,01/06/2025,12:31:24,20,01/06/2025,12:48:40
F,37.0,21140,1,01/06/2025,13:12:32,2,01/06/2025,13:19:18
F,21.0,90395,1,01/06/2025,13:42:31,6,01/06/2025,13:54:44
M,30.0,98927,4,01/06/2025,13:04:54,10,01/06/2025,13:16:01
F,43.0,96471,5,01/06/2025,13:03:11,8,01/06/2025,13:26:29
F,33.0,92366,5,01/06/2025,13:07:58,19,01/06/2025,13:24:48
M,30.0,97207,6,01/06/2025,13:47:12,21,01/06/2025,14:09:46
M,27.0,83680,8,01/06/2025,13:43:04,3,01/06/2025,13:59:25
M,30.0,93680,11,01/06/2025,13:36:39,13,01/06/2025,13:40:46
M,36.0,26820,11,01/06/2025,13:55:03,5,01/06/2025,14:04:59
F,47.0,62160,12,01/06/2025,13:32:51,18,01/06/2025,13:35:52
M,35.0,18245,15,01/06/2025,13:07:32,19,01/06/2025,13:24:16
M,31.0,23635,15,01/06/2025,13:40:48,12,01/06/2025,13:59:22
M,27.0,97355,18,01/06/2025,13:16:59,13,01/06/2025,13:22:15
M,57.0,23568,18,01/06/2025,13:04:14,17,01/06/2025,13:17:13
F,48.0,46149,19,01/06/2025,13:48:49,3,01/06/2025,14:02:04
F,43.0,63474,19,01/06/2025,13:38:46,23,01/06/2025,14:05:15
M,19.0,60198,20,01/06/2025,13:22:30,19,01/06/2025,13:27:29
F,32.0,20659,20,01/06/2025,13:44:23,5,01/06/2025,13:58:17
M,39.0,19716,21,01/06/2025,13:48:09,23,01/06/2025,14:14:05
M,27.0,48361,22,01/06/2025,13:52:47,13,01/06/2025,14:09:04
M,22.0,24784,22,01/06/2025,13:42:33,6,01/06/2025,13:49:02
M,31.0,24834,23,01/06/2025,13:46:16,21,01/06/2025,14:09:32
M,35.0,37183,23,01/06/2025,13:43:14,14,01/06/2025,13:56:55
F,47.0,24363,24,01/06/2025,13:07:54,13,01/06/2025,13:23:22
M,39.0,45683,1,01/06/2025,14:42:00,2,01/06/2025,14:45:00
M,41.0,83823,1,01/06/2025,14:34:38,11,01/06/2025,15:02:41
F,42.0,13691,1,01/06/2025,14:46:59,19,01/06/2025,15:11:35
M,25.0,61023,1,01/06/2025,14:24:49,6,01/06/2025,14:37:09
M,28.0,76788,1,01/06/2025,14:12:10,6,01/06/2025,14:15:11
M,42.0,68450,1,01/06/2025,14:24:00,18,01/06/2025,14:32:53
F,22.0,42606,1,01/06/2025,14:55:54,6,01/06/2025,15:10:52
F,37.0,43818,2,01/06/2025,14:14:59,7,01/06/2025,14:29:09
M,44.0,36985,2,01/06/2025,14:44:50,7,01/06/2025,14:49:59
M,24.0,74959,5,01/06/2025,14:59:20,9,01/06/2025,15:02:20
F,26.0,14291,5,01/06/2025,14:26:28,9,01/06/2025,14:30:35
F,45.0,25341,6,01/06/2025,14:58:04,22,01/06/2025,15:04:35
F,31.0,54346,7,01/06/2025,14:24:27,3,01/06/2025,14:42:00
M,63.0,14368,8,01/06/2025,14:48:16,6,01/06/2025,14:57:31
F,45.0,39879,9,01/06/2025,14:05:09,2,01/06/2025,14:19:28
M,35.0,86874,10,01/06/2025,14:55:51,2,01/06/2025,15:01:18
F,43.0,6614,10,01/06/2025,14:07:46,4,01/06/2025,14:29:21
M,45.0,24595,11,01/06/2025,14:52:59,3,01/06/2025,15:07:21
M,39.0,29660,11,01/06/2025,14:49:47,9,01/06/2025,15:00:14
F,41.0,19664,11,01/06/2025,14:40:47,13,01/06/2025,14:57:30
F,51.0,8032,11,01/06/2025,14:09:59,22,01/06/2025,14:16:16
F,38.0,38895,14,01/06/2025,14:59:36,19,01/06/2025,15:02:36
M,18.0,91868,15,01/06/2025,14:17:39,16,01/06/2025,14:26:34
M,42.0,86644,16,01/06/2025,14:42:49,11,01/06/2025,14:58:33
F,28.0,30495,16,01/06/2025,14:21:44,2,01/06/2025,14:34:38
F,35.0,3691,17,01/06/2025,14:12:24,9,01/06/2025,14:18:30
M,36.0,31734,17,01/06/2025,14:55:31,20,01/06/2025,15:22:50
F,28.0,97261,18,01/06/2025,14:12:15,6,01/06/2025,14:27:08
M,27.0,7066,18,01/06/2025,14:17:12,7,01/06/2025,14:38:31
M,34.0,14121,18,01/06/2025,14:59:01,4,01/06/2025,15:06:25
M,32.0,42649,19,01/06/2025,14:24:26,20,01/06/2025,14:44:50
F,20.0,16199,19,01/06/2025,14:47:25,10,01/06/2025,15:11:45
F,29.0,75513,19,01/06/2025,14:38:51,18,01/06/2025,14:48:48
F,56.0,29693,20,01/06/2025,14:12:14,15,01/06/2025,14:30:38
F,27.0,61328,20,01/06/2025,14:55:08,17,01/06/2025,15:00:53
M,30.0,44654,21,01/06/2025,14:04:19,8,01/06/2025,14:37:59
M,45.0,72422,21,01/06/2025,14:02:45,16,01/06/2025,14:07:40
M,16.0,74013,22,01/06/2025,14:55:59,17,01/06/2025,15:15:38
M,17.0,59119,23,01/06/2025,14:30:27,24,01/06/2025,14:46:33
M,30.0,77154,23,01/06/2025,14:00:21,15,01/06/2025,14:03:21
M,34.0,16150,1,01/06/2025,15:11:19,12,01/06/2025,15:23:11
M,40.0,25792,2,01/06/2025,15:13:20,6,01/06/2025,15:28:31
F,41.0,32920,2,01/06/2025,15:06:31,24,01/06/2025,15:18:41
M,49.0,83450,2,01/06/2025,15:12:40,9,01/06/2025,15:31:22
M,22.0,64052,2,01/06/2025,15:55:54,24,01/06/2025,16:15:07
M,48.0,51044,2,01/06/2025,15:32:10,10,01/06/2025,15:47:42
M,16.0,11376,3,01/06/2025,15:25:11,4,01/06/2025,15:28:42
M,40.0,18522,4,01/06/2025,15:45:06,7,01/06/2025,16:00:43
M,23.0,38882,6,01/06/2025,15:06:09,19,01/06/2025,15:10:22
M,42.0,90485,7,01/06/2025,15:04:35,3,01/06/2025,15:15:59
F,16.0,56393,7,01/06/2025,15:08:43,13,01/06/2025,15:14:21
F,35.0,5550,8,01/06/2025,15:18:44,5,01/06/2025,15:42:41
F,44.0,86606,9,01/06/2025,15:37:46,14,01/06/2025,15:40:50
M,29.0,23135,10,01/06/2025,15:28:51,2,01/06/2025,15:31:59
F,34.0,87431,11,01/06/2025,15:31:01,22,01/06/2025,15:49:21
M,39.0,90683,11,01/06/2025,15:45:11,23,01/06/2025,15:53:43
F,23.0,70584,12,01/06/2025,15:38:34,11,01/06/2025,15:50:20
M,28.0,47773,12,01/06/2025,15:43:31,20,01/06/2025,15:57:07
F,46.0,10692,13,01/06/2025,15:22:13,6,01/06/2025,15:33:23
F,34.0,24928,14,01/06/2025,15:12:47,20,01/06/2025,15:21:10
M,54.0,75693,15,01/06/2025,15:40:40,4,01/06/2025,15:48:18
M,23.0,34169,15,01/06/2025,15:45:30,9,01/06/2025,15:54:55
M,26.0,14137,16,01/06/2025,15:41:29,22,01/06/2025,15:53:35
M,31.0,14838,16,01/06/2025,15:02:27,9,01/06/2025,15:13:26
M,41.0,76211,16,01/06/2025,15:25:01,9,01/06/2025,15:50:53
M,26.0,81219,18,01/06/2025,15:06:45,13,01/06/2025,15:20:58
F,36.0,98009,20,01/06/2025,15:44:06,14,01/06/2025,16:00:50
M,38.0,98118,21,01/06/2025,15:36:58,23,01/06/2025,15:47:48
M,22.0,11187,21,01/06/2025,15:47:20,6,01/06/2025,16:09:11
M,33.0,48499,21,01/06/2025,15:50:00,11,01/06/2025,16:16:26
F,34.0,98711,22,01/06/2025,15:02:05,16,01/06/2025,15:20:09
M,47.0,85691,24,01/06/2025,15:58:24,11,01/06/2025,16:13:50
M,41.0,71721,24,01/06/2025,15:42:18,8,01/06/2025,15:53:31
M,20.0,35536,2,01/06/2025,16:40:24,7,01/06/2025,17:07:48
M,45.0,95300,3,01/06/2025,16:25:20,20,01/06/2025,16:44:42
F,16.0,13944,3,01/06/2025,16:14:20,15,01/06/2025,16:32:24
M,43.0,35419,4,01/06/2025,16:06:31,3,01/06/2025,16:18:21
M,16.0,27192,4,01/06/2025,16:00:36,21,01/06/2025,16:12:12
M,33.0,42401,4,01/06/2025,16:49:01,6,01/06/2025,16:59:00
F,44.0,3495,5,01/06/2025,16:23:36,3,01/06/2025,16:29:31
F,35.0,17813,6,01/06/2025,16:01:46,7,01/06/2025,16:17:07
F,16.0,80832,6,01/06/2025,16:26:42,17,01/06/2025,16:46:47
F,48.0,52421,7,01/06/2025,16:08:02,13,01/06/2025,16:20:04
M,43.0,28316,7,01/06/2025,16:51:45,2,01/06/2025,17:08:28
M,25.0,47304,10,01/06/2025,16:55:25,20,01/06/2025,17:13:18
M,38.0,16028,10,01/06/2025,16:15:02,12,01/06/2025,16:44:28
M,42.0,23446,11,01/06/2025,16:34:50,23,01/06/2025,16:46:22
M,37.0,27081,11,01/06/2025,16:49:18,14,01/06/2025,17:00:58
F,30.0,51374,11,01/06/2025,16:15:03,17,01/06/2025,16:22:27
M,25.0,89577,13,01/06/2025,16:30:15,23,01/06/2025,16:48:27
M,40.0,92173,14,01/06/2025,16:42:06,5,01/06/2025,17:05:12
F,34.0,42199,16,01/06/2025,16:05:44,12,01/06/2025,16:11:13
F,55.0,59253,16,01/06/2025,16:36:04,18,01/06/2025,16:54:17
F,32.0,95034,16,01/06/2025,16:39:47,4,01/06/2025,16:42:47
M,34.0,66793,17,01/06/2025,16:28:17,16,01/06/2025,16:35:45
F,34.0,35192,19,01/06/2025,16:23:14,13,01/06/2025,16:33:27
M,41.0,54324,20,01/06/2025,16:54:47,23,01/06/2025,17:13:03
M,34.0,10185,20,01/06/2025,16:59:01,14,01/06/2025,17:06:57
F,36.0,10804,21,01/06/2025,16:26:45,17,01/06/2025,16:35:11
M,23.0,86173,21,01/06/2025,16:33:09,8,01/06/2025,16:49:05
M,33.0,71420,21,01/06/2025,16:42:42,12,01/06/2025,16:50:14
F,26.0,30613,24,01/06/2025,16:45:36,12,01/06/2025,16:55:15
F,40.0,24770,24,01/06/2025,16:57:43,1,01/06/2025,17:04:27
F,16.0,43683,1,01/06/2025,17:29:33,10,01/06/2025,17:51:08
F,16.0,61930,3,01/06/2025,17:08:17,7,01/06/2025,17:26:32
M,34.0,57789,9,01/06/2025,17:55:07,4,01/06/2025,17:58:07
M,43.0,65688,10,01/06/2025,17:05:41,9,01/06/2025,17:24:33
F,28.0,7573,13,01/06/2025,17:04:00,18,01/06/2025,17:36:00
M,34.0,89038,16,01/06/2025,17:46:25,14,01/06/2025,17:56:57
F,31.0,88746,18,01/06/2025,17:59:05,14,01/06/2025,18:16:33
M,34.0,86621,19,01/06/2025,17:15:27,15,01/06/2025,17:38:15
M,33.0,84918,21,01/06/2025,17:21:58,18,01/06/2025,17:25:05
M,44.0,11558,21,01/06/2025,17:17:45,2,01/06/2025,17:51:07
F,32.0,2082,22,01/06/2025,17:04:33,13,01/06/2025,17:24:13
F,16.0,53147,1,01/06/2025,18:41:45,17,01/06/2025,18:57:07
M,30.0,49223,4,01/06/2025,18:33:55,10,01/06/2025,18:58:16
M,32.0,83946,4,01/06/2025,18:51:55,2,01/06/2025,18:58:12
F,34.0,72843,4,01/06/2025,18:05:55,20,01/06/2025,18:23:26
M,40.0,41852,5,01/06/2025,18:55:41,8,01/06/2025,19:05:23
M,37.0,99768,5,01/06/2025,18:26:22,16,01/06/2025,18:45:18
M,27.0,75928,5,01/06/2025,18:50:34,10,01/06/2025,19:01:28
M,36.0,79233,6,01/06/2025,18:35:17,13,01/06/2025,18:43:13
F,47.0,96118,8,01/06/2025,18:10:13,13,01/06/2025,18:14:07
F,31.0,45178,8,01/06/2025,18:35:43,7,01/06/2025,18:38:43
F,35.0,83801,14,01/06/2025,18:56:06,8,01/06/2025,19:17:17
M,32.0,95949,15,01/06/2025,18:46:54,16,01/06/2025,19:02:50
M,29.0,77488,16,01/06/2025,18:44:49,7,01/06/2025,19:17:02
F,25.0,28442,16,01/06/2025,18:57:42,21,01/06/2025,19:08:52
M,21.0,32396,17,01/06/2025,18:40:25,13,01/06/2025,18:43:25
F,29.0,56767,20,01/06/2025,18:50:23,7,01/06/2025,19:09:01
M,52.0,91014,22,01/06/2025,18:36:38,17,01/06/2025,18:55:58
M,35.0,38350,22,01/06/2025,18:35:08,21,01/06/2025,18:48:25
F,26.0,61945,22,01/06/2025,18:31:20,15,01/06/2025,18:45:19
M,38.0,3478,2,01/06/2025,19:19:59,13,01/06/2025,19:35:43
M,43.0,32989,2,01/06/2025,19:36:40,11,01/06/2025,20:01:19
M,16.0,75349,5,01/06/2025,19:23:38,11,01/06/2025,19:47:41
F,52.0,72488,5,01/06/2025,19:48:51,15,01/06/2025,20:01:21
M,40.0,30243,12,01/06/2025,19:11:49,4,01/06/2025,19:19:45
F,41.0,70854,12,01/06/2025,19:34:57,23,01/06/2025,19:51:48
F,16.0,35770,15,01/06/2025,19:45:03,18,01/06/2025,19:58:17
F,37.0,35748,16,01/06/2025,19:17:11,13,01/06/2025,19:41:13
M,16.0,57549,17,01/06/2025,19:52:54,23,01/06/2025,20:08:18
M,46.0,25692,21,01/06/2025,19:41:31,17,01/06/2025,19:49:48
F,48.0,86428,23,01/06/2025,19:49:17,18,01/06/2025,20:10:14
F,17.0,7654,24,01/06/2025,19:04:59,21,01/06/2025,19:22:16
F,33.0,11488,1,01/06/2025,20:27:32,11,01/06/2025,20:37:43
M,30.0,50285,5,01/06/2025,20:23:28,12,01/06/2025,20:43:13
F,50.0,50596,5,01/06/2025,20:28:13,12,01/06/2025,20:48:43
F,48.0,74488,7,01/06/2025,20:05:34,3,01/06/2025,20:18:28
M,31.0,98706,10,01/06/2025,20:40:14,20,01/06/2025,21:02:41
M,32.0,31793,11,01/06/2025,20:43:48,9,01/06/2025,20:51:06
M,16.0,64636,11,01/06/2025,20:13:33,6,01/06/2025,20:44:17
M,32.0,92338,12,01/06/2025,20:31:59,13,01/06/2025,20:47:51
M,40.0,89396,16,01/06/2025,20:48:31,11,01/06/2025,21:02:22
M,37.0,26432,16,01/06/2025,20:33:16,11,01/06/2025,20:50:39
M,35.0,36695,19,01/06/2025,20:42:51,20,01/06/2025,20:52:01
F,38.0,57141,24,01/06/2025,20:24:47,22,01/06/2025,20:48:34
F,36.0,32260,1,01/06/2025,21:31:35,2,01/06/2025,21:51:25
F,41.0,22716,2,01/06/2025,21:17:09,24,01/06/2025,21:30:21
M,35.0,14386,4,01/06/2025,21:45:31,5,01/06/2025,22:06:47
M,22.0,23167,8,01/06/2025,21:27:23,22,01/06/2025,21:54:16
F,58.0,35975,9,01/06/2025,21:59:51,14,01/06/2025,22:07:14
M,30.0,48140,16,01/06/2025,21:01:02,6,01/06/2025,21:20:16
M,27.0,29492,18,01/06/2025,21:33:45,23,01/06/2025,21:53:00
M,42.0,55115,19,01/06/2025,21:49:48,9,01/06/2025,21:52:48
F,29.0,68699,19,01/06/2025,21:27:45,22,01/06/2025,21:40:02
M,44.0,59150,22,01/06/2025,21:45:14,15,01/06/2025,21:54:36
M,40.0,94013,3,01/06/2025,22:03:16,15,01/06/2025,22:13:39
M,28.0,88199,12,01/06/2025,22:53:27,16,01/06/2025,23:09:23
M,17.0,15507,24,01/06/2025,22:13:11,6,01/06/2025,22:40:04
M,32.0,44309,1,01/06/2025,23:24:12,23,01/06/2025,23:31:13
F,27.0,96821,3,01/06/2025,23:55:17,12,02/06/2025,00:13:20
M,48.0,26268,4,01/06/2025,23:09:40,10,01/06/2025,23:30:29
M,40.0,67739,7,01/06/2025,23:51:07,3,01/06/2025,23:58:53
M,35.0,16415,14,01/06/2025,23:44:19,12,01/06/2025,23:50:48
F,45.0,42409,16,01/06/2025,23:59:44,9,02/06/2025,00:19:59
M,25.0,69160,17,01/06/2025,23:11:08,21,01/06/2025,23:22:21
M,42.0,59625,20,01/06/2025,23:09:44,4,01/06/2025,23:24:17
M,29.0,26108,20,01/06/2025,23:09:34,10,01/06/2025,23:30:42
F,33.0,65735,21,01/06/2025,23:07:11,22,01/06/2025,23:17:47
F,48.0,40269,16,02/06/2025,00:38:35,21,02/06/2025,00:41:35
F,22.0,28581,22,02/06/2025,00:46:31,19,02/06/2025,01:05:35
M,18.0,15837,8,02/06/2025,01:28:47,9,02/06/2025,01:37:37
M,32.0,75201,15,02/06/2025,01:59:23,12,02/06/2025,02:03:58
F,20.0,86627,16,02/06/2025,01:29:05,22,02/06/2025,01:41:42
M,16.0,87039,8,02/06/2025,02:29:05,15,02/06/2025,02:41:13
M,38.0,27236,20,02/06/2025,02:10:51,23,02/06/2025,02:16:16
F,21.0,76322,24,02/06/2025,02:05:42,23,02/06/2025,02:19:00
M,32.0,15994,3,02/06/2025,03:22:42,5,02/06/2025,03:36:11
F,35.0,10733,16,02/06/2025,03:09:32,22,02/06/2025,03:21:19
M,54.0,7978,17,02/06/2025,03:02:22,21,02/06/2025,03:18:09
M,33.0,71459,18,02/06/2025,03:03:04,19,02/06/2025,03:25:56
F,46.0,7410,2,02/06/2025,04:07:57,24,02/06/2025,04:23:01
M,41.0,98472,7,02/06/2025,04:41:33,14,02/06/2025,04:48:26
M,50.0,15457,11,02/06/2025,04:49:10,12,02/06/2025,05:04:48
F,27.0,91750,23,02/06/2025,04:51:48,24,02/06/2025,05:08:23
M,36.0,8422,6,02/06/2025,05:51:44,2,02/06/2025,06:00:11
F,38.0,14761,8,02/06/2025,05:19:11,14,02/06/2025,05:35:04
M,27.0,78881,17,02/06/2025,05:43:19,12,02/06/2025,05:59:41
M,37.0,55747,21,02/06/2025,05:17:30,24,02/06/2025,05:32:44
M,40.0,1440,21,02/06/2025,05:05:06,22,02/06/2025,05:14:06
F,29.0,59880,4,02/06/2025,06:04:18,23,02/06/2025,06:16:51
M,38.0,63894,4,02/06/2025,06:10:29,18,02/06/2025,06:22:20
M,20.0,9926,9,02/06/2025,06:39:02,10,02/06/2025,07:00:09
M,16.0,14096,10,02/06/2025,06:00:57,11,02/06/2025,06:15:32
M,19.0,99940,11,02/06/2025,06:01:52,6,02/06/2025,06:06:46
F,45.0,10593,15,02/06/2025,06:26:17,16,02/06/2025,06:46:38
F,25.0,2234,15,02/06/2025,06:05:19,9,02/06/2025,06:22:42
F,30.0,69629,16,02/06/2025,06:53:30,21,02/06/2025,06:57:39
M,35.0,37301,16,02/06/2025,06:01:27,8,02/06/2025,06:09:18
M,30.0,83037,18,02/06/2025,06:22:09,22,02/06/2025,06:25:09
M,16.0,12493,19,02/06/2025,06:47:31,2,02/06/2025,06:53:35
F,28.0,86328,19,02/06/2025,06:33:33,13,02/06/2025,06:59:45
F,36.0,33701,21,02/06/2025,06:19:41,11,02/06/2025,06:26:29
M,35.0,66194,23,02/06/2025,06:00:09,22,02/06/2025,06:13:43
F,29.0,56125,1,02/06/2025,07:54:39,21,02/06/2025,08:13:34
M,44.0,24821,1,02/06/2025,07:31:26,22,02/06/2025,07:44:12
M,43.0,69503,3,02/06/2025,07:58:04,2,02/06/2025,08:13:13
F,31.0,37529,3,02/06/2025,07:29:54,9,02/06/2025,07:44:20
M,38.0,14263,4,02/06/2025,07:15:59,13,02/06/2025,07:28:00
F,36.0,35239,6,02/06/2025,07:16:51,19,02/06/2025,07:20:34
F,42.0,9549,6,02/06/2025,07:09:40,11,02/06/2025,07:24:07
M,23.0,44888,7,02/06/2025,07:26:14,24,02/06/2025,07:49:03
F,31.0,5002,9,02/06/2025,07:19:02,4,02/06/2025,07:24:03
M,27.0,16738,10,02/06/2025,07:02:41,19,02/06/2025,07:12:35
M,37.0,93818,10,02/06/2025,07:59:17,18,02/06/2025,08:11:20
M,28.0,48834,11,02/06/2025,07:43:45,7,02/06/2025,07:54:14
M,40.0,44481,11,02/06/2025,07:18:48,23,02/06/2025,07:25:28
M,26.0,34665,12,02/06/2025,07:25:54,19,02/06/2025,07:42:41
M,33.0,67962,13,02/06/2025,07:42:13,18,02/06/2025,08:07:54
F,22.0,75056,13,02/06/2025,07:31:36,20,02/06/2025,07:46:30
F,44.0,57479,14,02/06/2025,07:45:58,10,02/06/2025,08:00:01
F,41.0,13289,15,02/06/2025,07:36:40,20,02/06/2025,07:54:20
F,53.0,76771,16,02/06/2025,07:59:48,14,02/06/2025,08:11:48
M,30.0,38458,16,02/06/2025,07:47:30,11,02/06/2025,07:58:53
M,41.0,5823,16,02/06/2025,07:50:29,13,02/06/2025,08:04:13
M,36.0,23854,16,02/06/2025,07:17:47,18,02/06/2025,07:42:00
F,47.0,47623,17,02/06/2025,07:18:39,12,02/06/2025,07:36:05
M,30.0,28756,17,02/06/2025,07:27:51,22,02/06/2025,07:48:24
F,31.0,50329,17,02/06/2025,07:17:56,21,02/06/2025,07:36:12
M,41.0,23222,18,02/06/2025,07:19:48,24,02/06/2025,07:39:55
M,31.0,14904,18,02/06/2025,07:18:59,20,02/06/2025,07:24:29
F,44.0,5495,18,02/06/2025,07:08:49,13,02/06/2025,07:22:31
F,38.0,39653,19,02/06/2025,07:45:59,21,02/06/2025,08:11:31
M,27.0,48079,19,02/06/2025,07:03:19,21,02/06/2025,07:20:53
M,38.0,88401,19,02/06/2025,07:59:44,23,02/06/2025,08:16:13
M,24.0,25934,21,02/06/2025,07:46:00,23,02/06/2025,07:57:48
F,47.0,89134,22,02/06/2025,07:13:00,17,02/06/2025,07:37:55
M,32.0,21526,1,02/06/2025,08:08:50,8,02/06/2025,08:24:04
F,26.0,19786,1,02/06/2025,08:40:08,12,02/06/2025,09:05:22
M,31.0,71640,2,02/06/2025,08:04:12,17,02/06/2025,08:24:41
F,21.0,18469,2,02/06/2025,08:01:39,17,02/06/2025,08:20:40
M,42.0,76439,3,02/06/2025,08:45:17,19,02/06/2025,08:50:57
F,20.0,90925,6,02/06/2025,08:19:54,4,02/06/2025,08:35:12
M,37.0,88428,6,02/06/2025,08:20:12,9,02/06/2025,08:34:44
M,52.0,79275,7,02/06/2025,08:21:55,6,02/06/2025,08:35:34
M,47.0,76348,8,02/06/2025,08:00:10,16,02/06/2025,08:10:10
M,41.0,4852,9,02/06/2025,08:05:41,8,02/06/2025,08:08:41
M,29.0,4819,9,02/06/2025,08:59:25,16,02/06/2025,09:08:03
M,31.0,68745,10,02/06/2025,08:25:59,14,02/06/2025,08:35:04
F,45.0,59243,11,02/06/2025,08:53:49,20,02/06/2025,09:12:13
M,47.0,51978,11,02/06/2025,08:28:33,16,02/06/2025,08:33:30
F,33.0,54876,11,02/06/2025,08:51:57,18,02/06/2025,08:55:03
M,47.0,57778,11,02/06/2025,08:56:26,22,02/06/2025,09:20:23
M,41.0,46851,11,02/06/2025,08:28:43,6,02/06/2025,08:44:30
F,34.0,51564,11,02/06/2025,08:11:48,20,02/06/2025,08:39:12
M,34.0,63476,12,02/06/2025,08:51:05,6,02/06/2025,09:03:54
M,23.0,98828,15,02/06/2025,08:27:09,6,02/06/2025,08:31:37
F,36.0,66499,17,02/06/2025,08:17:37,18,02/06/2025,08:28:28
M,33.0,49638,17,02/06/2025,08:49:21,21,02/06/2025,09:12:48
M,23.0,20294,18,02/06/2025,08:16:55,22,02/06/2025,08:26:01
M,32.0,3305,20,02/06/2025,08:57:00,11,02/06/2025,09:09:44
M,34.0,28043,20,02/06/2025,08:29:46,17,02/06/2025,08:48:26
F,40.0,16587,21,02/06/2025,08:12:03,1,02/06/2025,08:28:00
M,36.0,8798,22,02/06/2025,08:13:03,17,02/06/2025,08:31:28
F,29.0,84252,22,02/06/2025,08:16:48,18,02/06/2025,08:28:10
M,61.0,78654,24,02/06/2025,08:48:56,12,02/06/2025,08:51:56
F,31.0,29740,24,02/06/2025,08:24:17,15,02/06/2025,08:33:11
M,32.0,38033,1,02/06/2025,09:51:38,13,02/06/2025,10:02:09
M,33.0,42977,2,02/06/2025,09:43:31,6,02/06/2025,09:59:38
M,20.0,81193,3,02/06/2025,09:08:26,17,02/06/2025,09:27:41
M,16.0,33087,4,02/06/2025,09:01:33,22,02/06/2025,09:18:46
F,30.0,21475,5,02/06/2025,09:09:06,4,02/06/2025,09:35:52
F,19.0,72029,6,02/06/2025,09:00:21,9,02/06/2025,09:11:43
M,30.0,84441,7,02/06/2025,09:05:50,24,02/06/2025,09:25:42
M,33.0,62387,8,02/06/2025,09:39:56,22,02/06/2025,09:48:06
M,49.0,16604,11,02/06/2025,09:05:48,16,02/06/2025,09:19:21
M,30.0,86676,11,02/06/2025,09:30:48,12,02/06/2025,09:44:21
M,22.0,86613,11,02/06/2025,09:55:32,13,02/06/2025,10:11:09
M,30.0,54124,13,02/06/2025,09:52:14,15,02/06/2025,10:10:16
M,16.0,29716,14,02/06/2025,09:42:02,13,02/06/2025,10:08:59
M,30.0,19379,15,02/06/2025,09:38:55,3,02/06/2025,09:47:43
M,21.0,63537,16,02/06/2025,09:52:52,4,02/06/2025,10:04:00
M,37.0,98917,17,02/06/2025,09:56:12,16,02/06/2025,10:13:07
M,38.0,19680,18,02/06/2025,09:59:16,19,02/06/2025,10:04:46
M,26.0,20500,20,02/06/2025,09:25:43,15,02/06/2025,09:41:58
M,16.0,22608,22,02/06/2025,09:35:26,4,02/06/2025,09:40:55
M,17.0,33033,24,02/06/2025,09:04:50,4,02/06/2025,09:08:10
F,19.0,94559,24,02/06/2025,09:43:20,15,02/06/2025,09:49:59
M,31.0,54300,24,02/06/2025,09:51:18,10,02/06/2025,09:56:03
M,37.0,55469,24,02/06/2025,09:14:36,7,02/06/2025,09:30:08
F,19.0,45823,1,02/06/2025,10:02:48,6,02/06/2025,10:22:19
M,48.0,77431,4,02/06/2025,10:36:28,13,02/06/2025,10:53:45
M,46.0,13277,4,02/06/2025,10:38:48,10,02/06/2025,10:54:11
F,33.0,67558,4,02/06/2025,10:02:49,8,02/06/2025,10:05:49
F,26.0,27242,5,02/06/2025,10:55:20,6,02/06/2025,11:16:15
M,29.0,12738,6,02/06/2025,10:39:49,11,02/06/2025,11:03:11
F,36.0,59026,7,02/06/2025,10:23:26,3,02/06/2025,10:26:29
M,31.0,60616,7,02/06/2025,10:48:54,14,02/06/2025,11:04:58
M,45.0,45618,11,02/06/2025,10:25:55,5,02/06/2025,10:32:02
M,31.0,57905,14,02/06/2025,10:09:04,15,02/06/2025,10:18:18
F,25.0,90613,18,02/06/2025,10:50:30,19,02/06/2025,11:02:16
M,49.0,62173,20,02/06/2025,10:03:43,19,02/06/2025,10:18:54
F,25.0,27519,21,02/06/2025,10:49:19,20,02/06/2025,10:53:49
M,26.0,52117,23,02/06/2025,10:36:09,24,02/06/2025,10:54:15
M,34.0,63054,23,02/06/2025,10:54:46,19,02/06/2025,11:03:54
F,32.0,63833,23,02/06/2025,10:07:30,1,02/06/2025,10:11:23
M,25.0,21529,15,02/06/2025,11:23:13,12,02/06/2025,11:38:29
M,45.0,56115,23,02/06/2025,11:15:17,24,02/06/2025,11:26:30
F,41.0,70242,1,02/06/2025,12:59:52,3,02/06/2025,13:02:52
M,46.0,3842,13,02/06/2025,12:40:12,4,02/06/2025,12:59:37
M,31.0,2395,3,02/06/2025,13:44:18,4,02/06/2025,14:05:22
F,27.0,47439,4,02/06/2025,13:57:33,3,02/06/2025,14:11:03
M,34.0,78517,9,02/06/2025,13:43:38,14,02/06/2025,14:07:34
M,20.0,73156,20,02/06/2025,13:33:27,2,02/06/2025,13:38:09
F,23.0,99826,2,02/06/2025,14:53:30,15,02/06/2025,15:01:19
M,33.0,5036,6,02/06/2025,14:58:00,15,02/06/2025,15:02:04
M,23.0,60869,8,02/06/2025,14:53:54,24,02/06/2025,15:13:39
F,16.0,25782,10,02/06/2025,14:10:35,9,02/06/2025,14:26:48
M,30.0,13436,11,02/06/2025,14:42:12,1,02/06/2025,15:02:24
F,30.0,59364,16,02/06/2025,14:26:56,17,02/06/2025,14:44:16
F,39.0,7694,1,02/06/2025,15:49:19,22,02/06/2025,16:13:10
F,26.0,99231,5,02/06/2025,15:40:34,4,02/06/2025,15:48:37
F,29.0,19107,6,02/06/2025,15:45:33,18,02/06/2025,16:09:48
F,49.0,75823,7,02/06/2025,15:30:18,22,02/06/2025,15:33:18
M,37.0,59287,9,02/06/2025,15:32:46,10,02/06/2025,15:43:25
M,37.0,43147,9,02/06/2025,15:24:30,4,02/06/2025,15:29:36
M,16.0,32690,11,02/06/2025,15:43:46,13,02/06/2025,15:51:03
M,32.0,27139,12,02/06/2025,15:49:43,6,02/06/2025,15:58:43
M,29.0,80001,17,02/06/2025,15:31:40,21,02/06/2025,15:57:24
M,16.0,23431,20,02/06/2025,15:45:09,23,02/06/2025,16:13:47
M,28.0,1221,22,02/06/2025,15:09:17,1,02/06/2025,15:22:54
M,44.0,80656,1,02/06/2025,16:34:08,4,02/06/2025,16:41:36
M,39.0,57168,2,02/06/2025,16:54:00,11,02/06/2025,17:18:41
M,37.0,13959,6,02/06/2025,16:41:22,11,02/06/2025,16:51:58
M,22.0,65686,6,02/06/2025,16:50:36,23,02/06/2025,17:08:14
M,53.0,66954,8,02/06/2025,16:43:25,18,02/06/2025,16:54:52
M,18.0,28582,11,02/06/2025,16:10:55,22,02/06/2025,16:23:57
F,16.0,45381,11,02/06/2025,16:22:32,16,02/06/2025,16:48:56
F,27.0,86579,12,02/06/2025,16:27:23,7,02/06/2025,16:43:34
M,46.0,99638,14,02/06/2025,16:12:59,20,02/06/2025,16:38:09
M,21.0,2866,15,02/06/2025,16:28:26,19,02/06/2025,16:39:10
M,36.0,86059,17,02/06/2025,16:23:45,7,02/06/2025,16:46:38
M,37.0,25281,21,02/06/2025,16:52:58,20,02/06/2025,17:15:37
M,35.0,64319,22,02/06/2025,16:58:40,19,02/06/2025,17:05:38
M,39.0,48666,22,02/06/2025,16:19:51,18,02/06/2025,16:33:28
F,20.0,15295,23,02/06/2025,16:55:02,13,02/06/2025,17:06:04
M,48.0,7978,1,02/06/2025,17:21:13,6,02/06/2025,17:38:11
F,38.0,37389,1,02/06/2025,17:09:44,6,02/06/2025,17:22:00
F,44.0,16879,2,02/06/2025,17:42:05,17,02/06/2025,17:58:45
F,30.0,70684,2,02/06/2025,17:55:34,10,02/06/2025,18:13:20
M,39.0,8827,3,02/06/2025,17:21:55,17,02/06/2025,17:42:07
M,50.0,97132,4,02/06/2025,17:04:38,21,02/06/2025,17:19:02
M,26.0,21922,4,02/06/2025,17:43:24,5,02/06/2025,18:09:43
F,16.0,37334,4,02/06/2025,17:00:23,7,02/06/2025,17:04:46
M,41.0,32860,4,02/06/2025,17:39:44,14,02/06/2025,18:01:19
F,24.0,81183,4,02/06/2025,17:09:51,23,02/06/2025,17:29:05
M,42.0,45212,5,02/06/2025,17:19:33,11,02/06/2025,17:34:11
M,32.0,37212,6,02/06/2025,17:16:50,13,02/06/2025,17:23:26
F,26.0,33270,6,02/06/2025,17:16:37,11,02/06/2025,17:28:57
M,24.0,35609,8,02/06/2025,17:32:12,5,02/06/2025,17:46:08
F,34.0,46906,9,02/06/2025,17:16:50,7,02/06/2025,17:24:03
F,25.0,99359,9,02/06/2025,17:39:25,4,02/06/2025,18:02:06
M,40.0,41442,11,02/06/2025,17:34:06,14,02/06/2025,17:53:38
F,35.0,4794,11,02/06/2025,17:59:02,7,02/06/2025,18:11:26
F,50.0,8677,11,02/06/2025,17:06:42,4,02/06/2025,17:23:49
M,16.0,43059,12,02/06/2025,17:25:51,11,02/06/2025,17:42:23
M,46.0,40594,12,02/06/2025,17:43:25,20,02/06/2025,18:03:01
M,32.0,84420,13,02/06/2025,17:58:26,24,02/06/2025,18:01:26
M,30.0,79563,15,02/06/2025,17:17:28,10,02/06/2025,17:36:45
M,39.0,19446,16,02/06/2025,17:25:35,11,02/06/2025,17:39:53
M,53.0,34323,17,02/06/2025,17:32:46,3,02/06/2025,17:43:44
F,61.0,75835,18,02/06/2025,17:07:20,23,02/06/2025,17:10:20
M,27.0,78133,21,02/06/2025,17:40:27,8,02/06/2025,17:50:40
M,22.0,20264,22,02/06/2025,17:55:06,23,02/06/2025,18:00:51
M,33.0,7456,23,02/06/2025,17:28:24,24,02/06/2025,17:48:33
M,31.0,9416,23,02/06/2025,17:49:30,24,02/06/2025,17:58:08
M,17.0,1599,1,02/06/2025,18:34:56,8,02/06/2025,18:44:35
F,42.0,22750,1,02/06/2025,18:46:39,6,02/06/2025,18:55:47
F,32.0,86932,1,02/06/2025,18:35:57,23,02/06/2025,18:44:26
M,24.0,45209,2,02/06/2025,18:55:57,6,02/06/2025,19:12:37
M,27.0,76041,2,02/06/2025,18:28:33,18,02/06/2025,18:38:11
M,26.0,86609,3,02/06/2025,18:27:26,11,02/06/2025,18:43:29
M,34.0,43374,3,02/06/2025,18:30:39,22,02/06/2025,18:43:59
M,41.0,38179,3,02/06/2025,18:54:33,10,02/06/2025,18:57:33
M,25.0,78894,4,02/06/2025,18:42:50,9,02/06/2025,18:52:54
F,36.0,40850,4,02/06/2025,18:36:44,14,02/06/2025,18:56:48
M,30.0,40088,7,02/06/2025,18:00:16,8,02/06/2025,18:06:51
F,30.0,32624,7,02/06/2025,18:44:46,2,02/06/2025,19:14:27
M,36.0,51033,9,02/06/2025,18:07:48,6,02/06/2025,18:21:15
M,42.0,91909,9,02/06/2025,18:54:06,14,02/06/2025,19:00:44
M,35.0,25208,9,02/06/2025,18:38:31,10,02/06/2025,19:05:00
M,50.0,76275,10,02/06/2025,18:19:23,15,02/06/2025,18:53:23
M,40.0,39989,11,02/06/2025,18:36:50,16,02/06/2025,18:39:50
M,33.0,62649,11,02/06/2025,18:40:41,6,02/06/2025,18:48:43
M,34.0,50383,11,02/06/2025,18:53:42,18,02/06/2025,19:01:44
M,33.0,91084,12,02/06/2025,18:27:13,17,02/06/2025,18:30:13
F,29.0,81674,12,02/06/2025,18:56:03,8,02/06/2025,19:15:58
F,43.0,19815,12,02/06/2025,18:39:09,10,02/06/2025,18:56:56
M,33.0,63348,14,02/06/2025,18:20:51,19,02/06/2025,18:32:08
F,39.0,40467,14,02/06/2025,18:46:21,5,02/06/2025,19:13:30
F,16.0,69421,16,02/06/2025,18:51:39,17,02/06/2025,18:54:39
F,16.0,8930,16,02/06/2025,18:37:13,24,02/06/2025,18:40:13
M,18.0,16715,16,02/06/2025,18:21:13,18,02/06/2025,18:36:31
M,40.0,62164,16,02/06/2025,18:20:00,8,02/06/2025,18:40:04
F,16.0,8009,16,02/06/2025,18:37:48,17,02/06/2025,18:50:23
M,39.0,80172,17,02/06/2025,18:18:54,21,02/06/2025,18:31:20
M,30.0,33947,17,02/06/2025,18:09:11,11,02/06/2025,18:23:47
M,39.0,34530,20,02/06/2025,18:55:10,8,02/06/2025,19:15:43
M,38.0,76918,20,02/06/2025,18:13:15,18,02/06/2025,18:22:51
M,45.0,61598,20,02/06/2025,18:41:39,19,02/06/2025,19:06:47
M,37.0,51147,21,02/06/2025,18:31:51,11,02/06/2025,18:50:09
F,35.0,33298,21,02/06/2025,18:22:50,23,02/06/2025,18:37:19
F,39.0,3527,22,02/06/2025,18:36:30,17,02/06/2025,18:49:50
F,36.0,13757,23,02/06/2025,18:22:53,8,02/06/2025,18:25:53
F,37.0,99889,1,02/06/2025,19:14:09,6,02/06/2025,19:36:00
M,27.0,70631,2,02/06/2025,19:46:07,10,02/06/2025,20:03:52
M,28.0,6493,2,02/06/2025,19:32:30,11,02/06/2025,19:39:49
M,25.0,94286,4,02/06/2025,19:14:30,6,02/06/2025,19:34:24
M,16.0,23108,4,02/06/2025,19:30:36,24,02/06/2025,19:59:03
M,36.0,85864,4,02/06/2025,19:50:10,14,02/06/2025,19:59:31
F,19.0,29756,5,02/06/2025,19:55:49,22,02/06/2025,20:12:11
F,35.0,61010,5,02/06/2025,19:07:59,9,02/06/2025,19:18:51
M,38.0,61825,6,02/06/2025,19:49:52,1,02/06/2025,20:17:10
M,18.0,75293,6,02/06/2025,19:34:30,7,02/06/2025,19:45:02
M,34.0,60544,7,02/06/2025,19:45:10,22,02/06/2025,19:56:45
M,18.0,13245,8,02/06/2025,19:15:33,9,02/06/2025,19:32:32
F,33.0,22730,9,02/06/2025,19:12:39,4,02/06/2025,19:16:46
F,22.0,4808,9,02/06/2025,19:14:02,2,02/06/2025,19:21:29
F,32.0,89693,10,02/06/2025,19:33:04,19,02/06/2025,19:36:04
M,46.0,36081,10,02/06/2025,19:08:05,15,02/06/2025,19:30:12
M,25.0,99127,11,02/06/2025,19:00:58,7,02/06/2025,19:07:05
F,43.0,64461,11,02/06/2025,19:18:44,16,02/06/2025,19:21:44
M,33.0,5800,12,02/06/2025,19:42:53,6,02/06/2025,19:51:46
M,23.0,34813,12,02/06/2025,19:26:39,13,02/06/2025,19:41:09
M,27.0,89595,13,02/06/2025,19:03:27,14,02/06/2025,19:06:27
M,42.0,83573,15,02/06/2025,19:44:45,10,02/06/2025,20:01:39
M,41.0,17842,15,02/06/2025,19:10:22,12,02/06/2025,19:25:03
M,54.0,76454,15,02/06/2025,19:44:04,3,02/06/2025,19:52:55
M,57.0,4748,16,02/06/2025,19:54:36,11,02/06/2025,20:06:49
M,34.0,36317,17,02/06/2025,19:25:28,5,02/06/2025,19:46:45
M,50.0,71534,18,02/06/2025,19:11:45,13,02/06/2025,19:25:49
M,40.0,90338,18,02/06/2025,19:38:33,13,02/06/2025,19:51:09
M,48.0,65652,18,02/06/2025,19:15:51,14,02/06/2025,19:29:16
F,20.0,35864,19,02/06/2025,19:02:48,10,02/06/2025,19:16:53
M,38.0,20205,19,02/06/2025,19:25:31,14,02/06/2025,19:42:44
M,26.0,66072,20,02/06/2025,19:53:52,11,02/06/2025,20:08:39
F,47.0,86110,20,02/06/2025,19:52:51,21,02/06/2025,20:06:16
F,33.0,94859,21,02/06/2025,19:45:57,19,02/06/2025,19:55:34
F,41.0,33877,23,02/06/2025,19:11:44,18,02/06/2025,19:32:50
M,32.0,83526,23,02/06/2025,19:59:35,20,02/06/2025,20:06:53
F,63.0,34208,24,02/06/2025,19:05:31,19,02/06/2025,19:18:57
M,39.0,8786,3,02/06/2025,20:17:38,7,02/06/2025,20:24:19
M,31.0,63783,4,02/06/2025,20:55:47,3,02/06/2025,21:01:34
M,30.0,41060,6,02/06/2025,20:35:45,8,02/06/2025,20:39:27
F,39.0,69810,6,02/06/2025,20:21:19,17,02/06/2025,20:31:28
F,37.0,76568,9,02/06/2025,20:22:04,7,02/06/2025,20:25:04
M,54.0,92901,10,02/06/2025,20:12:17,21,02/06/2025,20:15:17
M,26.0,48657,10,02/06/2025,20:24:38,19,02/06/2025,20:32:27
F,44.0,43356,10,02/06/2025,20:53:14,23,02/06/2025,21:12:45
M,48.0,17009,12,02/06/2025,20:04:39,15,02/06/2025,20:12:31
M,36.0,78557,13,02/06/2025,20:12:54,18,02/06/2025,20:18:12
M,26.0,31600,16,02/06/2025,20:49:58,11,02/06/2025,20:52:58
F,16.0,69095,16,02/06/2025,20:18:22,11,02/06/2025,20:36:29
M,37.0,69039,19,02/06/2025,20:45:13,7,02/06/2025,21:05:34
M,25.0,73002,19,02/06/2025,20:19:42,8,02/06/2025,20:46:05
F,37.0,92448,21,02/06/2025,20:45:47,16,02/06/2025,20:59:29
M,47.0,44848,22,02/06/2025,20:57:00,13,02/06/2025,21:11:56
F,32.0,8318,22,02/06/2025,20:30:49,5,02/06/2025,20:37:34
M,27.0,27783,23,02/06/2025,20:07:28,24,02/06/2025,20:26:19
F,25.0,95770,23,02/06/2025,20:03:00,15,02/06/2025,20:28:23
M,42.0,68845,2,02/06/2025,21:55:38,1,02/06/2025,22:02:12
M,22.0,78851,4,02/06/2025,21:40:05,10,02/06/2025,21:53:31
M,43.0,13700,4,02/06/2025,21:12:03,14,02/06/2025,21:22:05
F,29.0,77669,5,02/06/2025,21:23:21,1,02/06/2025,21:26:21
F,34.0,24476,8,02/06/2025,21:52:53,14,02/06/2025,22:03:01
M,42.0,47188,9,02/06/2025,21:33:15,1,02/06/2025,21:42:52
M,27.0,40602,10,02/06/2025,21:37:28,5,02/06/2025,21:58:24
M,17.0,45694,15,02/06/2025,21:26:08,7,02/06/2025,21:51:21
M,45.0,95501,17,02/06/2025,21:40:07,8,02/06/2025,22:02:20
M,23.0,66688,20,02/06/2025,21:13:36,10,02/06/2025,21:16:36
F,40.0,29714,21,02/06/2025,21:32:34,16,02/06/2025,21:56:05
F,56.0,63252,4,02/06/2025,22:20:40,7,02/06/2025,22:35:21
F,37.0,16460,6,02/06/2025,22:06:52,13,02/06/2025,22:16:44
F,33.0,47355,9,02/06/2025,22:06:58,4,02/06/2025,22:16:00
M,42.0,49462,14,02/06/2025,22:41:34,9,02/06/2025,23:04:29
M,31.0,45714,19,02/06/2025,22:30:28,16,02/06/2025,22:47:04
M,25.0,36677,18,03/06/2025,00:54:11,17,03/06/2025,01:12:55
M,21.0,23646,5,03/06/2025,01:58:36,19,03/06/2025,02:01:36
F,43.0,75687,6,03/06/2025,01:30:17,12,03/06/2025,01:55:58
F,38.0,18325,14,03/06/2025,01:14:32,4,03/06/2025,01:19:07
M,32.0,82542,15,03/06/2025,01:07:20,3,03/06/2025,01:30:43
M,29.0,96398,18,03/06/2025,01:37:36,3,03/06/2025,01:51:01
M,32.0,76574,21,03/06/2025,01:41:44,4,03/06/2025,01:51:46
M,37.0,31791,21,03/06/2025,01:46:52,22,03/06/2025,02:02:03
F,33.0,61660,1,03/06/2025,02:17:54,23,03/06/2025,02:36:19
F,41.0,23860,5,03/06/2025,02:00:10,3,03/06/2025,02:09:23
M,16.0,47528,16,03/06/2025,02:02:49,23,03/06/2025,02:21:32
F,29.0,36911,20,03/06/2025,02:19:13,15,03/06/2025,02:35:45
F,37.0,25113,22,03/06/2025,02:43:31,23,03/06/2025,02:46:31
F,32.0,17865,22,03/06/2025,02:59:27,21,03/06/2025,03:17:39
F,37.0,41978,2,03/06/2025,03:06:53,7,03/06/2025,03:27:53
F,52.0,35098,20,03/06/2025,03:27:21,7,03/06/2025,03:45:33
M,27.0,33953,21,03/06/2025,03:31:49,11,03/06/2025,03:47:33
F,18.0,10912,7,03/06/2025,04:42:06,4,03/06/2025,04:58:46
M,16.0,20319,21,03/06/2025,04:01:12,6,03/06/2025,04:15:29
F,18.0,38650,3,03/06/2025,05:12:13,6,03/06/2025,05:32:17
F,32.0,59262,6,03/06/2025,05:02:50,23,03/06/2025,05:18:30
M,29.0,82615,9,03/06/2025,05:12:49,3,03/06/2025,05:24:23
F,59.0,29930,10,03/06/2025,05:27:34,14,03/06/2025,05:41:11
M,51.0,82373,15,03/06/2025,05:14:17,20,03/06/2025,05:24:39
M,56.0,99252,18,03/06/2025,05:18:06,3,03/06/2025,05:25:08
F,20.0,23593,18,03/06/2025,05:01:14,16,03/06/2025,05:18:06
M,38.0,6648,21,03/06/2025,05:41:10,10,03/06/2025,05:48:05
M,35.0,8893,2,03/06/2025,06:05:04,10,03/06/2025,06:16:23
M,22.0,24824,3,03/06/2025,06:09:13,14,03/06/2025,06:20:28
F,26.0,68172,4,03/06/2025,06:44:32,2,03/06/2025,06:47:32
F,48.0,82911,7,03/06/2025,06:45:15,11,03/06/2025,07:04:22
F,41.0,10056,10,03/06/2025,06:28:41,4,03/06/2025,06:36:47
M,27.0,12766,11,03/06/2025,06:22:04,12,03/06/2025,06:32:47
F,54.0,39277,11,03/06/2025,06:37:39,12,03/06/2025,07:00:55
M,45.0,2003,11,03/06/2025,06:45:55,16,03/06/2025,07:00:04
M,33.0,13709,13,03/06/2025,06:27:58,23,03/06/2025,06:39:25
M,51.0,92456,14,03/06/2025,06:50:34,4,03/06/2025,07:02:55
M,30.0,82292,17,03/06/2025,06:49:25,8,03/06/2025,07:06:35
M,31.0,39437,17,03/06/2025,06:59:27,15,03/06/2025,07:14:23
F,50.0,27060,17,03/06/2025,06:42:25,14,03/06/2025,07:01:25
M,31.0,63875,20,03/06/2025,06:01:44,23,03/06/2025,06:18:53
F,39.0,42961,22,03/06/2025,06:01:17,9,03/06/2025,06:14:33
F,41.0,36415,24,03/06/2025,06:00:39,18,03/06/2025,06:06:31
M,16.0,4410,2,03/06/2025,07:41:48,1,03/06/2025,07:44:48
M,24.0,54215,5,03/06/2025,07:43:03,3,03/06/2025,07:55:36
M,19.0,24447,5,03/06/2025,07:32:50,4,03/06/2025,07:55:31
M,33.0,37403,5,03/06/2025,07:58:02,4,03/06/2025,08:20:34
F,34.0,23761,7,03/06/2025,07:28:23,16,03/06/2025,07:42:01
M,33.0,7564,8,03/06/2025,07:03:59,7,03/06/2025,07:28:28
M,29.0,83935,9,03/06/2025,07:19:38,7,03/06/2025,07:30:15
M,50.0,45058,10,03/06/2025,07:14:09,5,03/06/2025,07:17:51
F,19.0,93517,11,03/06/2025,07:49:43,22,03/06/2025,08:07:32
M,34.0,10605,11,03/06/2025,07:16:12,10,03/06/2025,07:35:07
M,44.0,28615,11,03/06/2025,07:09:41,22,03/06/2025,07:30:51
F,20.0,60645,11,03/06/2025,07:53:38,16,03/06/2025,08:06:36
F,50.0,97240,12,03/06/2025,07:47:25,11,03/06/2025,07:50:25
M,20.0,73074,15,03/06/2025,07:22:05,7,03/06/2025,07:51:00
M,28.0,77180,15,03/06/2025,07:02:50,16,03/06/2025,07:16:24
M,40.0,98986,16,03/06/2025,07:02:57,12,03/06/2025,07:16:16
M,45.0,92516,16,03/06/2025,07:17:08,7,03/06/2025,07:23:46
M,37.0,38816,17,03/06/2025,07:01:20,20,03/06/2025,07:18:49
M,36.0,57066,18,03/06/2025,07:24:26,13,03/06/2025,07:29:06
M,19.0,49068,18,03/06/2025,07:30:51,5,03/06/2025,07:38:35
F,52.0,50113,19,03/06/2025,07:05:04,13,03/06/2025,07:24:30
F,38.0,18549,19,03/06/2025,07:33:01,18,03/06/2025,07:44:40
M,33.0,18290,19,03/06/2025,07:15:56,4,03/06/2025,07:24:02
M,47.0,92057,21,03/06/2025,07:49:34,23,03/06/2025,08:01:43
F,20.0,16527,23,03/06/2025,07:27:42,3,03/06/2025,07:44:46
F,41.0,3555,2,03/06/2025,08:48:49,11,03/06/2025,09:00:48
M,19.0,20297,3,03/06/2025,08:41:16,16,03/06/2025,08:56:27
F,48.0,96885,3,03/06/2025,08:33:12,9,03/06/2025,08:36:12
M,16.0,81867,4,03/06/2025,08:18:48,17,03/06/2025,08:29:11
F,22.0,52626,4,03/06/2025,08:12:50,9,03/06/2025,08:22:20
F,30.0,33072,4,03/06/2025,08:26:50,14,03/06/2025,08:55:29
F,39.0,51076,5,03/06/2025,08:50:00,15,03/06/2025,09:00:39
M,30.0,85136,6,03/06/2025,08:44:51,8,03/06/2025,09:08:07
M,16.0,44247,7,03/06/2025,08:50:27,5,03/06/2025,08:59:04
F,36.0,10204,8,03/06/2025,08:27:09,7,03/06/2025,08:48:13
F,20.0,29122,8,03/06/2025,08:52:24,10,03/06/2025,09:05:11
M,26.0,11161,9,03/06/2025,08:06:45,21,03/06/2025,08:26:41
M,33.0,35471,9,03/06/2025,08:30:33,10,03/06/2025,08:45:33
F,43.0,84485,10,03/06/2025,08:23:33,5,03/06/2025,08:33:10
M,43.0,30312,10,03/06/2025,08:17:21,5,03/06/2025,08:31:17
F,27.0,42468,11,03/06/2025,08:31:16,21,03/06/2025,08:45:03
M,32.0,32567,11,03/06/2025,08:08:59,16,03/06/2025,08:22:17
F,28.0,32153,11,03/06/2025,08:27:09,18,03/06/2025,08:31:56
F,46.0,52938,11,03/06/2025,08:12:04,1,03/06/2025,08:34:39
F,28.0,93149,13,03/06/2025,08:23:45,1,03/06/2025,08:42:46
M,38.0,69398,14,03/06/2025,08:09:36,21,03/06/2025,08:16:42
M,33.0,92730,15,03/06/2025,08:17:06,2,03/06/2025,08:34:06
M,41.0,60314,16,03/06/2025,08:24:31,22,03/06/2025,08:37:39
M,24.0,37060,17,03/06/2025,08:01:09,9,03/06/2025,08:06:11
M,28.0,29180,17,03/06/2025,08:45:03,11,03/06/2025,09:09:27
M,43.0,92184,17,03/06/2025,08:44:28,20,03/06/2025,08:49:42
M,43.0,71796,17,03/06/2025,08:13:19,20,03/06/2025,08:25:39
F,30.0,7173,17,03/06/2025,08:51:44,9,03/06/2025,09:20:24
M,53.0,79240,18,03/06/2025,08:36:54,3,03/06/2025,08:54:45
F,20.0,73782,18,03/06/2025,08:05:27,20,03/06/2025,08:13:00
F,36.0,26839,19,03/06/2025,08:53:21,24,03/06/2025,09:04:18
M,17.0,24156,19,03/06/2025,08:05:00,22,03/06/2025,08:17:15
F,25.0,77525,20,03/06/2025,08:35:55,23,03/06/2025,08:44:00
M,40.0,21406,20,03/06/2025,08:53:34,15,03/06/2025,09:10:02
M,42.0,65472,21,03/06/2025,08:45:54,19,03/06/2025,09:10:47
M,34.0,24039,22,03/06/2025,08:06:20,9,03/06/2025,08:33:15
M,35.0,17991,24,03/06/2025,08:05:30,15,03/06/2025,08:34:20
F,37.0,67122,24,03/06/2025,08:16:53,19,03/06/2025,08:19:53
F,48.0,72439,1,03/06/2025,09:15:02,11,03/06/2025,09:32:36
M,33.0,66547,2,03/06/2025,09:08:22,3,03/06/2025,09:12:34
F,24.0,94485,3,03/06/2025,09:13:31,2,03/06/2025,09:32:34
M,51.0,93984,4,03/06/2025,09:53:38,10,03/06/2025,09:59:43
M,47.0,96025,4,03/06/2025,09:45:00,23,03/06/2025,09:48:00
M,40.0,85178,4,03/06/2025,09:20:28,3,03/06/2025,09:33:47
F,17.0,44044,5,03/06/2025,09:51:24,15,03/06/2025,09:57:27
F,44.0,61302,9,03/06/2025,09:59:16,3,03/06/2025,10:14:42
M,29.0,12049,13,03/06/2025,09:51:09,14,03/06/2025,10:16:30
M,27.0,62137,14,03/06/2025,09:34:48,8,03/06/2025,09:51:07
M,34.0,70293,15,03/06/2025,09:00:22,7,03/06/2025,09:12:25
M,48.0,33328,15,03/06/2025,09:13:47,14,03/06/2025,09:28:48
F,16.0,21403,16,03/06/2025,09:47:35,21,03/06/2025,09:55:28
M,33.0,14188,19,03/06/2025,09:37:40,24,03/06/2025,09:47:44
M,33.0,79015,19,03/06/2025,09:35:32,24,03/06/2025,09:46:35
F,62.0,25272,21,03/06/2025,09:57:28,22,03/06/2025,10:20:13
M,27.0,44073,21,03/06/2025,09:19:28,16,03/06/2025,09:29:33
M,19.0,54761,22,03/06/2025,09:35:39,16,03/06/2025,09:48:41
F,43.0,6820,24,03/06/2025,09:13:46,15,03/06/2025,09:29:14
F,30.0,91542,24,03/06/2025,09:43:20,11,03/06/2025,09:46:20
M,22.0,97942,24,03/06/2025,09:14:28,18,03/06/2025,09:38:20
M,33.0,4799,2,03/06/2025,10:09:09,3,03/06/2025,10:30:31
M,34.0,39962,3,03/06/2025,10:37:50,8,03/06/2025,10:50:57
M,33.0,8164,3,03/06/2025,10:01:23,8,03/06/2025,10:12:12
F,45.0,54725,3,03/06/2025,10:34:32,17,03/06/2025,10:57:21
M,22.0,31202,4,03/06/2025,10:13:47,11,03/06/2025,10:36:32
M,32.0,69499,8,03/06/2025,10:03:06,10,03/06/2025,10:18:14
M,51.0,96842,9,03/06/2025,10:21:47,3,03/06/2025,10:36:02
M,42.0,64645,10,03/06/2025,10:02:48,7,03/06/2025,10:09:44
M,20.0,6326,10,03/06/2025,10:02:20,9,03/06/2025,10:17:53
F,33.0,62079,15,03/06/2025,10:30:34,10,03/06/2025,10:48:38
F,26.0,15184,16,03/06/2025,10:14:50,20,03/06/2025,10:38:45
M,29.0,56014,17,03/06/2025,10:37:06,8,03/06/2025,10:53:28
F,41.0,85534,18,03/06/2025,10:16:46,23,03/06/2025,10:32:09
M,29.0,49498,4,03/06/2025,11:47:19,22,03/06/2025,12:04:16
M,26.0,27739,6,03/06/2025,11:45:29,16,03/06/2025,11:48:29
M,32.0,72559,10,03/06/2025,11:24:05,24,03/06/2025,11:52:01
F,18.0,58103,10,03/06/2025,11:34:12,9,03/06/2025,12:00:36
M,29.0,53316,19,03/06/2025,11:42:27,12,03/06/2025,11:48:50
M,33.0,28441,11,03/06/2025,12:53:25,23,03/06/2025,13:09:09
M,30.0,94798,17,03/06/2025,12:37:31,16,03/06/2025,12:57:56
F,39.0,5592,23,03/06/2025,12:14:36,20,03/06/2025,12:23:09
M,30.0,24906,9,03/06/2025,13:39:42,24,03/06/2025,14:04:31
M,39.0,29822,12,03/06/2025,13:52:16,2,03/06/2025,14:18:38
F,49.0,12799,18,03/06/2025,13:35:22,24,03/06/2025,13:49:08
M,26.0,23537,22,03/06/2025,13:46:34,8,03/06/2025,13:57:56
M,40.0,95169,2,03/06/2025,14:32:50,5,03/06/2025,14:54:11
F,29.0,98386,4,03/06/2025,14:02:57,23,03/06/2025,14:14:13
M,45.0,83992,11,03/06/2025,14:37:09,18,03/06/2025,14:58:33
F,37.0,26102,14,03/06/2025,14:00:53,13,03/06/2025,14:21:19
M,30.0,25094,17,03/06/2025,14:00:44,19,03/06/2025,14:19:55
M,33.0,66850,20,03/06/2025,14:35:06,14,03/06/2025,14:46:59
M,56.0,1094,20,03/06/2025,14:36:48,23,03/06/2025,14:43:45
F,44.0,16255,1,03/06/2025,15:24:05,4,03/06/2025,15:42:38
F,41.0,51490,1,03/06/2025,15:22:24,6,03/06/2025,15:35:26
M,32.0,15215,6,03/06/2025,15:18:24,12,03/06/2025,15:30:49
F,25.0,43274,8,03/06/2025,15:03:21,22,03/06/2025,15:23:56
F,38.0,26103,11,03/06/2025,15:27:59,6,03/06/2025,15:51:29
M,28.0,75917,12,03/06/2025,15:50:43,16,03/06/2025,16:21:00
M,31.0,83845,16,03/06/2025,15:37:28,9,03/06/2025,16:01:17
M,26.0,57617,16,03/06/2025,15:20:49,8,03/06/2025,15:25:22
M,29.0,7204,17,03/06/2025,15:26:08,12,03/06/2025,15:41:27
M,35.0,23758,18,03/06/2025,15:31:53,19,03/06/2025,15:41:57
F,41.0,80343,18,03/06/2025,15:34:52,24,03/06/2025,15:54:10
M,40.0,66892,19,03/06/2025,15:27:25,14,03/06/2025,15:41:07
M,48.0,25633,20,03/06/2025,15:16:42,9,03/06/2025,15:29:09
M,31.0,76615,22,03/06/2025,15:45:20,12,03/06/2025,16:09:18
F,28.0,13382,24,03/06/2025,15:08:44,20,03/06/2025,15:11:44
M,21.0,80005,1,03/06/2025,16:09:25,11,03/06/2025,16:28:35
F,23.0,14808,3,03/06/2025,16:15:32,9,03/06/2025,16:37:06
M,18.0,44204,5,03/06/2025,16:00:50,7,03/06/2025,16:19:46
M,29.0,35669,5,03/06/2025,16:59:15,9,03/06/2025,17:03:04
F,27.0,13936,8,03/06/2025,16:31:36,23,03/06/2025,16:46:28
F,34.0,97937,12,03/06/2025,16:02:02,13,03/06/2025,16:14:46
M,44.0,60541,12,03/06/2025,16:47:58,16,03/06/2025,17:05:51
M,35.0,51618,13,03/06/2025,16:15:12,7,03/06/2025,16:43:19
M,28.0,20480,18,03/06/2025,16:39:46,9,03/06/2025,16:42:46
M,49.0,67304,19,03/06/2025,16:22:50,14,03/06/2025,16:41:12
M,34.0,78888,20,03/06/2025,16:49:50,8,03/06/2025,17:10:33
M,24.0,40026,20,03/06/2025,16:21:36,22,03/06/2025,16:39:43
M,27.0,82839,21,03/06/2025,16:54:29,22,03/06/2025,17:14:33
M,20.0,23945,24,03/06/2025,16:35:55,21,03/06/2025,16:52:13
F,39.0,66018,24,03/06/2025,16:45:21,14,03/06/2025,17:08:01
M,19.0,79873,4,03/06/2025,17:51:11,10,03/06/2025,18:13:21
M,40.0,98404,4,03/06/2025,17:08:37,13,03/06/2025,17:20:05
F,39.0,34733,4,03/06/2025,17:12:27,13,03/06/2025,17:28:54
M,29.0,13514,5,03/06/2025,17:31:46,17,03/06/2025,17:46:48
F,20.0,67064,6,03/06/2025,17:35:10,7,03/06/2025,18:12:13
M,40.0,96835,9,03/06/2025,17:19:09,8,03/06/2025,17:36:11
F,36.0,93160,9,03/06/2025,17:04:53,5,03/06/2025,17:31:29
F,41.0,55134,10,03/06/2025,17:54:07,21,03/06/2025,18:10:28
M,32.0,32619,10,03/06/2025,17:43:32,7,03/06/2025,17:47:57
M,37.0,71132,13,03/06/2025,17:07:49,11,03/06/2025,17:22:19
F,27.0,15433,13,03/06/2025,17:43:46,12,03/06/2025,17:59:11
M,32.0,54086,15,03/06/2025,17:05:52,20,03/06/2025,17:28:39
M,39.0,61999,15,03/06/2025,17:57:57,4,03/06/2025,18:17:52
F,27.0,7207,15,03/06/2025,17:22:12,23,03/06/2025,17:45:13
F,30.0,46093,18,03/06/2025,17:07:12,1,03/06/2025,17:10:50
M,35.0,32808,19,03/06/2025,17:23:10,10,03/06/2025,17:35:53
M,30.0,30264,19,03/06/2025,17:44:34,24,03/06/2025,17:52:00
F,50.0,59903,19,03/06/2025,17:44:09,5,03/06/2025,18:00:48
M,22.0,49466,20,03/06/2025,17:31:11,5,03/06/2025,17:48:07
F,24.0,16990,20,03/06/2025,17:11:32,24,03/06/2025,17:31:52
M,47.0,42785,21,03/06/2025,17:25:26,1,03/06/2025,17:51:09
M,39.0,82074,21,03/06/2025,17:54:44,22,03/06/2025,18:16:39
M,39.0,11225,22,03/06/2025,17:20:29,16,03/06/2025,17:47:31
F,55.0,54309,22,03/06/2025,17:36:17,24,03/06/2025,17:43:09
F,34.0,68523,23,03/06/2025,17:44:02,18,03/06/2025,17:54:54
M,37.0,35993,1,03/06/2025,18:12:21,17,03/06/2025,18:20:23
F,34.0,27030,1,03/06/2025,18:26:16,9,03/06/2025,18:38:41
M,16.0,2935,2,03/06/2025,18:54:50,6,03/06/2025,19:05:45
F,25.0,92805,2,03/06/2025,18:16:45,24,03/06/2025,18:25:38
M,21.0,66513,2,03/06/2025,18:19:32,9,03/06/2025,18:30:09
F,42.0,4056,3,03/06/2025,18:38:44,9,03/06/2025,18:44:50
F,30.0,71916,4,03/06/2025,18:35:28,14,03/06/2025,18:49:55
M,23.0,93622,4,03/06/2025,18:37:01,8,03/06/2025,19:00:22
M,16.0,77356,5,03/06/2025,18:10:41,17,03/06/2025,18:25:02
F,34.0,20916,7,03/06/2025,18:43:57,6,03/06/2025,18:57:12
M,33.0,53662,8,03/06/2025,18:16:28,7,03/06/2025,18:27:13
M,40.0,87737,8,03/06/2025,18:34:40,20,03/06/2025,18:51:54
F,26.0,32834,8,03/06/2025,18:55:32,7,03/06/2025,19:03:24
M,33.0,93770,8,03/06/2025,18:07:07,7,03/06/2025,18:11:41
F,26.0,1862,9,03/06/2025,18:02:00,8,03/06/2025,18:07:21
M,43.0,41576,9,03/06/2025,18:48:22,1,03/06/2025,19:02:28
M,24.0,15426,9,03/06/2025,18:33:01,8,03/06/2025,18:57:50
F,16.0,94691,9,03/06/2025,18:37:54,8,03/06/2025,18:40:54
M,16.0,70666,9,03/06/2025,18:53:31,7,03/06/2025,19:04:13
F,19.0,10834,10,03/06/2025,18:23:19,3,03/06/2025,18:38:43
M,47.0,40920,10,03/06/2025,18:40:16,9,03/06/2025,19:01:36
F,44.0,68086,10,03/06/2025,18:56:50,16,03/06/2025,19:03:58
F,39.0,6467,10,03/06/2025,18:08:20,9,03/06/2025,18:16:18
F,46.0,36738,10,03/06/2025,18:29:30,19,03/06/2025,18:51:07
F,27.0,91582,12,03/06/2025,18:06:43,1,03/06/2025,18:31:00
M,26.0,69534,12,03/06/2025,18:28:03,7,03/06/2025,18:40:58
M,35.0,53294,12,03/06/2025,18:49:25,7,03/06/2025,19:00:36
F,23.0,48011,13,03/06/2025,18:46:25,14,03/06/2025,19:08:59
F,35.0,77388,13,03/06/2025,18:08:47,12,03/06/2025,18:29:30
M,32.0,56474,14,03/06/2025,18:36:24,23,03/06/2025,18:57:08
F,16.0,83605,15,03/06/2025,18:57:41,2,03/06/2025,19:00:41
M,26.0,39903,15,03/06/2025,18:02:01,10,03/06/2025,18:11:44
M,21.0,32459,15,03/06/2025,18:14:18,14,03/06/2025,18:22:53
F,41.0,77233,15,03/06/2025,18:02:31,5,03/06/2025,18:23:14
F,38.0,46838,15,03/06/2025,18:30:39,6,03/06/2025,18:33:39
F,30.0,46245,16,03/06/2025,18:45:02,9,03/06/2025,19:03:11
M,65.0,86484,16,03/06/2025,18:26:34,7,03/06/2025,18:43:30
F,28.0,15840,17,03/06/2025,18:55:36,10,03/06/2025,19:06:49
M,35.0,44594,18,03/06/2025,18:20:00,20,03/06/2025,18:35:55
F,49.0,1370,18,03/06/2025,18:35:48,13,03/06/2025,18:50:56
M,36.0,90378,19,03/06/2025,18:32:11,10,03/06/2025,18:35:58
M,28.0,73796,19,03/06/2025,18:31:01,5,03/06/2025,18:34:01
M,47.0,28839,19,03/06/2025,18:56:40,10,03/06/2025,19:09:57
F,24.0,45435,20,03/06/2025,18:47:05,4,03/06/2025,18:57:52
F,29.0,20953,20,03/06/2025,18:12:39,23,03/06/2025,18:34:40
F,30.0,91808,20,03/06/2025,18:54:13,15,03/06/2025,19:08:07
F,22.0,18507,21,03/06/2025,18:50:51,16,03/06/2025,19:10:04
M,45.0,64503,21,03/06/2025,18:53:52,9,03/06/2025,19:07:17
M,41.0,68922,22,03/06/2025,18:48:44,9,03/06/2025,19:00:56
F,44.0,68405,1,03/06/2025,19:32:19,11,03/06/2025,19:44:59
M,51.0,58225,1,03/06/2025,19:27:37,13,03/06/2025,19:48:20
F,38.0,41781,2,03/06/2025,19:34:11,17,03/06/2025,19:38:51
F,16.0,34416,2,03/06/2025,19:41:26,11,03/06/2025,19:54:27
M,34.0,92029,3,03/06/2025,19:27:35,2,03/06/2025,19:33:49
F,28.0,70614,3,03/06/2025,19:17:02,4,03/06/2025,19:26:41
F,46.0,75492,4,03/06/2025,19:18:11,17,03/06/2025,19:47:10
M,26.0,2711,7,03/06/2025,19:36:18,9,03/06/2025,19:45:55
F,36.0,53737,10,03/06/2025,19:57:07,13,03/06/2025,20:12:49
M,27.0,71138,11,03/06/2025,19:56:44,7,03/06/2025,20:16:27
M,29.0,47021,13,03/06/2025,19:25:06,22,03/06/2025,19:36:59
M,44.0,95883,13,03/06/2025,19:35:45,3,03/06/2025,19:43:24
M,20.0,16213,14,03/06/2025,19:57:49,15,03/06/2025,20:11:04
F,31.0,87463,14,03/06/2025,19:08:25,10,03/06/2025,19:20:10
F,32.0,85586,14,03/06/2025,19:48:55,3,03/06/2025,19:55:19
F,28.0,44596,15,03/06/2025,19:48:43,6,03/06/2025,20:02:32
F,31.0,14749,15,03/06/2025,19:46:04,14,03/06/2025,20:03:08
M,33.0,17601,16,03/06/2025,19:12:58,17,03/06/2025,19:28:16
F,24.0,60577,17,03/06/2025,19:58:39,23,03/06/2025,20:01:39
M,19.0,36638,17,03/06/2025,19:50:22,18,03/06/2025,20:04:06
M,22.0,81566,19,03/06/2025,19:29:09,20,03/06/2025,19:50:33
F,22.0,2396,21,03/06/2025,19:05:42,16,03/06/2025,19:18:24
F,29.0,81732,22,03/06/2025,19:27:55,23,03/06/2025,19:31:04
M,25.0,66946,22,03/06/2025,19:56:50,23,03/06/2025,20:04:32
M,20.0,66777,22,03/06/2025,19:07:20,3,03/06/2025,19:20:18
M,41.0,77789,23,03/06/2025,19:57:48,2,03/06/2025,20:05:15
F,38.0,11006,23,03/06/2025,19:08:35,22,03/06/2025,19:27:07
F,29.0,20333,2,03/06/2025,20:21:39,12,03/06/2025,20:34:19
F,45.0,86639,2,03/06/2025,20:47:29,5,03/06/2025,21:03:27
F,32.0,32613,3,03/06/2025,20:35:48,10,03/06/2025,20:49:52
F,39.0,42825,4,03/06/2025,20:34:10,18,03/06/2025,20:50:56
F,44.0,39929,6,03/06/2025,20:55:54,15,03/06/2025,21:09:59
M,21.0,57173,6,03/06/2025,20:00:35,22,03/06/2025,20:07:24
M,33.0,75837,7,03/06/2025,20:52:37,11,03/06/2025,21:14:03
F,42.0,75506,10,03/06/2025,20:58:13,13,03/06/2025,21:17:31
M,29.0,8613,12,03/06/2025,20:00:18,15,03/06/2025,20:18:39
M,20.0,74208,12,03/06/2025,20:12:10,23,03/06/2025,20:37:43
M,41.0,8667,14,03/06/2025,20:03:26,20,03/06/2025,20:13:47
M,29.0,56142,17,03/06/2025,20:45:15,2,03/06/2025,20:48:15
M,45.0,94707,17,03/06/2025,20:17:54,10,03/06/2025,20:47:47
M,16.0,88634,18,03/06/2025,20:20:43,13,03/06/2025,20:34:49
M,28.0,70152,19,03/06/2025,20:11:46,14,03/06/2025,20:33:23
F,19.0,17237,20,03/06/2025,20:18:33,13,03/06/2025,20:33:57
M,50.0,29054,20,03/06/2025,20:16:20,9,03/06/2025,20:39:16
M,32.0,22790,20,03/06/2025,20:58:12,9,03/06/2025,21:09:26
M,24.0,87263,21,03/06/2025,20:31:15,24,03/06/2025,20:37:36
M,34.0,41082,21,03/06/2025,20:34:33,13,03/06/2025,20:42:48
M,38.0,96502,22,03/06/2025,20:40:50,14,03/06/2025,20:50:33
M,37.0,28911,22,03/06/2025,20:58:53,4,03/06/2025,21:12:56
M,37.0,40509,24,03/06/2025,20:23:32,2,03/06/2025,20:33:01
F,37.0,72861,2,03/06/2025,21:02:06,18,03/06/2025,21:19:04
M,17.0,30724,7,03/06/2025,21:37:54,12,03/06/2025,21:40:54
M,26.0,73138,9,03/06/2025,21:45:40,24,03/06/2025,22:07:42
M,35.0,33468,12,03/06/2025,21:51:20,18,03/06/2025,22:11:44
M,36.0,1764,15,03/06/2025,21:32:12,8,03/06/2025,21:45:16
F,16.0,37914,16,03/06/2025,21:06:45,17,03/06/2025,21:17:05
M,30.0,13844,18,03/06/2025,21:47:04,7,03/06/2025,22:02:34
M,39.0,76917,19,03/06/2025,21:08:32,8,03/06/2025,21:15:51
F,40.0,97918,19,03/06/2025,21:25:56,22,03/06/2025,21:42:54
F,33.0,16539,20,03/06/2025,21:11:23,14,03/06/2025,21:40:21
M,44.0,63858,24,03/06/2025,21:03:35,15,03/06/2025,21:16:12
M,34.0,74542,2,03/06/2025,22:10:58,5,03/06/2025,22:29:43
M,39.0,10229,18,03/06/2025,22:10:18,2,03/06/2025,22:29:23
M,28.0,43430,18,03/06/2025,22:52:46,11,03/06/2025,23:08:32
M,25.0,9811,19,03/06/2025,22:00:34,20,03/06/2025,22:20:35
F,23.0,58873,19,03/06/2025,22:38:42,4,03/06/2025,22:57:12
M,37.0,41560,3,03/06/2025,23:44:08,12,04/06/2025,00:01:14
M,41.0,90198,10,03/06/2025,23:52:42,5,04/06/2025,00:17:47
M,27.0,28025,11,03/06/2025,23:32:20,17,03/06/2025,23:36:47
M,38.0,50172,16,03/06/2025,23:12:39,12,03/06/2025,23:28:16
M,51.0,8118,19,03/06/2025,23:35:33,14,03/06/2025,23:50:57
F,25.0,17775,24,03/06/2025,23:42:36,16,03/06/2025,23:45:36
F,34.0,36508,1,04/06/2025,00:51:52,14,04/06/2025,00:59:27
M,21.0,34057,4,04/06/2025,00:38:10,19,04/06/2025,00:58:01
F,27.0,18423,6,04/06/2025,00:31:47,11,04/06/2025,00:49:49
F,36.0,78616,8,04/06/2025,00:00:39,17,04/06/2025,00:12:34
M,47.0,30557,20,04/06/2025,00:16:58,6,04/06/2025,00:29:47
M,35.0,84524,23,04/06/2025,00:53:21,18,04/06/2025,01:09:07
M,27.0,89867,18,04/06/2025,01:17:47,3,04/06/2025,01:24:44
M,33.0,16792,19,04/06/2025,01:24:00,15,04/06/2025,01:42:14
F,35.0,1958,4,04/06/2025,02:16:31,6,04/06/2025,02:30:34
M,39.0,11461,5,04/06/2025,02:33:01,11,04/06/2025,02:36:01
M,33.0,7985,16,04/06/2025,02:48:06,8,04/06/2025,03:13:31
F,43.0,74846,19,04/06/2025,02:10:51,15,04/06/2025,02:20:44
M,25.0,67718,5,04/06/2025,03:57:52,6,04/06/2025,04:26:27
M,35.0,95129,10,04/06/2025,03:53:26,9,04/06/2025,04:10:35
F,37.0,58697,17,04/06/2025,03:14:26,6,04/06/2025,03:22:56
F,22.0,77509,18,04/06/2025,03:02:19,4,04/06/2025,03:11:07
M,35.0,19437,23,04/06/2025,03:57:13,14,04/06/2025,04:08:28
M,36.0,68274,8,04/06/2025,04:43:38,4,04/06/2025,05:04:47
M,35.0,46704,9,04/06/2025,04:14:30,19,04/06/2025,04:32:13
F,47.0,32820,16,04/06/2025,04:06:12,11,04/06/2025,04:19:34
M,23.0,84392,20,04/06/2025,04:18:12,12,04/06/2025,04:39:39
F,22.0,28583,20,04/06/2025,04:25:22,10,04/06/2025,04:44:34
M,39.0,4517,1,04/06/2025,05:36:59,7,04/06/2025,05:42:48
F,54.0,14441,2,04/06/2025,05:46:11,13,04/06/2025,05:49:11
M,32.0,67515,5,04/06/2025,05:05:49,2,04/06/2025,05:20:24
M,29.0,36491,6,04/06/2025,05:02:27,2,04/06/2025,05:19:39
M,22.0,58814,16,04/06/2025,05:05:42,21,04/06/2025,05:19:26
F,28.0,75318,19,04/06/2025,05:03:17,20,04/06/2025,05:17:57
F,35.0,41031,2,04/06/2025,06:45:32,6,04/06/2025,07:04:39
F,25.0,57165,3,04/06/2025,06:00:51,14,04/06/2025,06:16:58
F,34.0,87962,4,04/06/2025,06:27:24,14,04/06/2025,06:38:00
M,44.0,66885,9,04/06/2025,06:14:09,6,04/06/2025,06:27:14
F,24.0,7597,10,04/06/2025,06:16:58,4,04/06/2025,06:31:50
M,16.0,80009,10,04/06/2025,06:10:09,9,04/06/2025,06:13:09
F,24.0,86352,12,04/06/2025,06:08:13,17,04/06/2025,06:11:13
M,25.0,56389,13,04/06/2025,06:49:34,18,04/06/2025,06:52:34
M,34.0,97257,13,04/06/2025,06:17:24,5,04/06/2025,06:30:24
F,45.0,79063,14,04/06/2025,06:12:01,2,04/06/2025,06:22:07
F,30.0,6706,15,04/06/2025,06:31:51,9,04/06/2025,06:42:19
F,34.0,64364,15,04/06/2025,06:23:45,10,04/06/2025,06:26:45
F,22.0,66466,15,04/06/2025,06:31:57,19,04/06/2025,06:44:38
M,44.0,65162,17,04/06/2025,06:33:34,4,04/06/2025,06:58:02
F,38.0,20013,21,04/06/2025,06:13:35,22,04/06/2025,06:23:29
M,32.0,60149,21,04/06/2025,06:08:43,6,04/06/2025,06:19:31
F,18.0,3414,22,04/06/2025,06:33:12,9,04/06/2025,06:48:10
F,39.0,55395,1,04/06/2025,07:04:45,13,04/06/2025,07:07:45
F,32.0,12856,2,04/06/2025,07:20:29,3,04/06/2025,07:45:02
M,36.0,16143,2,04/06/2025,07:01:46,8,04/06/2025,07:13:28
M,39.0,87258,4,04/06/2025,07:31:07,8,04/06/2025,07:41:10
M,40.0,90244,4,04/06/2025,07:10:25,5,04/06/2025,07:21:16
M,20.0,85184,4,04/06/2025,07:54:24,5,04/06/2025,08:16:49
M,28.0,27130,5,04/06/2025,07:22:58,10,04/06/2025,07:40:58
M,26.0,68488,5,04/06/2025,07:28:24,16,04/06/2025,07:50:38
M,30.0,35709,6,04/06/2025,07:26:42,8,04/06/2025,07:56:43
M,37.0,59666,6,04/06/2025,07:37:48,23,04/06/2025,08:00:58
F,25.0,7826,7,04/06/2025,07:26:18,2,04/06/2025,07:39:16
M,20.0,68170,9,04/06/2025,07:13:17,4,04/06/2025,07:27:20
M,33.0,1241,10,04/06/2025,07:28:33,15,04/06/2025,07:31:33
F,27.0,48069,11,04/06/2025,07:56:30,6,04/06/2025,08:19:00
M,36.0,82915,11,04/06/2025,07:51:57,9,04/06/2025,08:01:09
F,17.0,97619,13,04/06/2025,07:51:34,14,04/06/2025,08:04:08
M,33.0,97698,13,04/06/2025,07:44:54,8,04/06/2025,08:01:00
F,30.0,72977,16,04/06/2025,07:07:50,23,04/06/2025,07:33:38
M,38.0,70839,18,04/06/2025,07:52:47,1,04/06/2025,08:15:15
F,31.0,62686,20,04/06/2025,07:13:58,10,04/06/2025,07:39:36
F,39.0,31026,20,04/06/2025,07:42:31,19,04/06/2025,08:09:42
M,32.0,32155,21,04/06/2025,07:21:20,3,04/06/2025,07:38:16
M,40.0,90162,21,04/06/2025,07:27:33,11,04/06/2025,07:46:26
M,22.0,1404,21,04/06/2025,07:12:08,5,04/06/2025,07:17:59
M,16.0,41459,21,04/06/2025,07:03:05,10,04/06/2025,07:06:33
M,48.0,92195,22,04/06/2025,07:31:38,23,04/06/2025,07:34:38
M,19.0,48338,22,04/06/2025,07:51:29,23,04/06/2025,08:01:48
M,49.0,7877,22,04/06/2025,07:19:35,13,04/06/2025,07:30:33
F,28.0,13526,23,04/06/2025,07:19:33,20,04/06/2025,07:43:19
M,36.0,60191,1,04/06/2025,08:53:12,2,04/06/2025,09:06:21
M,51.0,23039,2,04/06/2025,08:49:57,3,04/06/2025,09:14:57
M,32.0,17877,2,04/06/2025,08:11:33,7,04/06/2025,08:37:51
M,42.0,73298,2,04/06/2025,08:28:34,14,04/06/2025,08:46:39
F,35.0,15008,3,04/06/2025,08:47:28,9,04/06/2025,09:05:25
F,18.0,85270,3,04/06/2025,08:34:48,12,04/06/2025,08:37:48
M,39.0,40037,3,04/06/2025,08:08:51,7,04/06/2025,08:30:16
M,22.0,42561,4,04/06/2025,08:16:01,15,04/06/2025,08:36:16
M,24.0,54963,5,04/06/2025,08:36:26,4,04/06/2025,08:56:39
M,47.0,24605,5,04/06/2025,08:02:27,15,04/06/2025,08:05:27
F,51.0,17013,6,04/06/2025,08:11:58,11,04/06/2025,08:37:06
M,39.0,68185,8,04/06/2025,08:06:00,19,04/06/2025,08:10:32
F,31.0,27136,9,04/06/2025,08:43:18,4,04/06/2025,08:56:02
M,37.0,4582,10,04/06/2025,08:09:20,17,04/06/2025,08:25:50
F,50.0,39054,10,04/06/2025,08:13:45,24,04/06/2025,08:19:34
M,35.0,46942,10,04/06/2025,08:45:36,15,04/06/2025,08:55:25
M,24.0,54910,11,04/06/2025,08:16:14,14,04/06/2025,08:25:38
M,17.0,84481,12,04/06/2025,08:57:46,1,04/06/2025,09:11:49
F,45.0,96513,13,04/06/2025,08:25:06,5,04/06/2025,08:39:48
M,49.0,17056,13,04/06/2025,08:59:43,19,04/06/2025,09:02:43
F,34.0,92983,14,04/06/2025,08:54:59,20,04/06/2025,09:07:35
F,26.0,36704,15,04/06/2025,08:03:20,9,04/06/2025,08:09:50
M,48.0,48265,15,04/06/2025,08:53:29,9,04/06/2025,09:07:49
M,24.0,62783,15,04/06/2025,08:28:23,10,04/06/2025,08:32:19
M,68.0,44151,16,04/06/2025,08:12:54,14,04/06/2025,08:25:35
F,38.0,85167,16,04/06/2025,08:06:13,18,04/06/2025,08:17:56
M,32.0,92705,16,04/06/2025,08:29:54,21,04/06/2025,08:57:47
F,49.0,5593,17,04/06/2025,08:55:10,22,04/06/2025,09:15:35
M,38.0,60905,17,04/06/2025,08:26:28,24,04/06/2025,08:46:13
M,31.0,86752,18,04/06/2025,08:52:06,13,04/06/2025,09:01:19
F,28.0,29989,18,04/06/2025,08:45:06,13,04/06/2025,08:56:20
F,28.0,2323,19,04/06/2025,08:47:25,16,04/06/2025,09:08:56
M,38.0,22567,20,04/06/2025,08:40:33,9,04/06/2025,08:54:13
F,42.0,28963,21,04/06/2025,08:56:08,19,04/06/2025,09:09:18
M,20.0,5677,21,04/06/2025,08:27:31,16,04/06/2025,08:48:02
F,16.0,38465,21,04/06/2025,08:37:58,2,04/06/2025,08:46:12
M,39.0,35860,22,04/06/2025,08:38:18,17,04/06/2025,08:48:24
M,30.0,83515,23,04/06/2025,08:12:18,14,04/06/2025,08:19:09
F,37.0,57405,24,04/06/2025,08:14:41,19,04/06/2025,08:35:25
M,23.0,51763,2,04/06/2025,09:36:33,12,04/06/2025,09:51:13
M,46.0,3184,3,04/06/2025,09:08:58,14,04/06/2025,09:17:49
M,45.0,18033,3,04/06/2025,09:10:07,7,04/06/2025,09:17:58
F,28.0,25153,3,04/06/2025,09:02:28,21,04/06/2025,09:15:29
M,44.0,63319,3,04/06/2025,09:14:21,1,04/06/2025,09:36:41
F,31.0,65533,4,04/06/2025,09:57:40,16,04/06/2025,10:15:38
M,16.0,61438,4,04/06/2025,09:27:18,14,04/06/2025,09:32:11
M,23.0,80626,4,04/06/2025,09:39:20,13,04/06/2025,10:04:48
M,29.0,57291,5,04/06/2025,09:24:20,2,04/06/2025,09:46:21
F,19.0,71730,5,04/06/2025,09:14:26,4,04/06/2025,09:34:28
M,29.0,45996,5,04/06/2025,09:12:38,12,04/06/2025,09:27:40
M,22.0,40358,6,04/06/2025,09:10:56,12,04/06/2025,09:16:25
M,38.0,53132,6,04/06/2025,09:16:40,11,04/06/2025,09:44:29
M,41.0,39189,8,04/06/2025,09:35:12,3,04/06/2025,09:53:29
F,66.0,28098,8,04/06/2025,09:52:06,1,04/06/2025,10:04:59
M,17.0,29546,10,04/06/2025,09:59:05,15,04/06/2025,10:12:38
F,57.0,75717,10,04/06/2025,09:58:53,13,04/06/2025,10:22:47
F,38.0,60650,11,04/06/2025,09:58:38,6,04/06/2025,10:11:15
M,32.0,88595,11,04/06/2025,09:23:09,23,04/06/2025,09:30:23
M,48.0,73007,11,04/06/2025,09:36:06,2,04/06/2025,09:53:47
M,17.0,62927,12,04/06/2025,09:38:51,14,04/06/2025,09:48:02
F,32.0,41194,14,04/06/2025,09:01:48,8,04/06/2025,09:09:21
M,25.0,9494,17,04/06/2025,09:21:57,15,04/06/2025,09:26:48
F,28.0,30831,17,04/06/2025,09:06:15,22,04/06/2025,09:25:23
F,41.0,9772,18,04/06/2025,09:29:12,19,04/06/2025,09:58:23
F,25.0,44109,18,04/06/2025,09:01:35,15,04/06/2025,09:16:40
F,25.0,91998,18,04/06/2025,09:31:57,7,04/06/2025,09:34:57
M,34.0,82277,21,04/06/2025,09:37:40,18,04/06/2025,09:50:35
M,35.0,25330,21,04/06/2025,09:39:26,16,04/06/2025,09:56:20
M,28.0,46015,23,04/06/2025,09:44:03,19,04/06/2025,09:54:30
F,41.0,82647,1,04/06/2025,10:07:30,5,04/06/2025,10:16:43
F,32.0,94609,2,04/06/2025,10:45:43,3,04/06/2025,11:02:29
M,42.0,72984,3,04/06/2025,10:29:41,7,04/06/2025,10:45:35
M,60.0,20894,4,04/06/2025,10:34:56,5,04/06/2025,10:48:27
M,50.0,6123,5,04/06/2025,10:21:17,6,04/06/2025,10:30:12
F,20.0,88957,5,04/06/2025,10:55:43,13,04/06/2025,11:05:58
F,28.0,36727,6,04/06/2025,10:44:00,4,04/06/2025,10:50:44
M,44.0,63816,7,04/06/2025,10:19:38,6,04/06/2025,10:32:10
M,26.0,10990,9,04/06/2025,10:36:59,20,04/06/2025,10:42:48
M,26.0,71036,13,04/06/2025,10:01:51,17,04/06/2025,10:08:59
M,19.0,36736,13,04/06/2025,10:55:38,11,04/06/2025,11:11:08
M,54.0,17040,15,04/06/2025,10:30:55,24,04/06/2025,10:48:08
M,30.0,40995,15,04/06/2025,10:35:27,18,04/06/2025,10:46:29
M,51.0,72829,15,04/06/2025,10:54:17,24,04/06/2025,11:10:07
M,17.0,16071,15,04/06/2025,10:51:00,4,04/06/2025,10:55:09
M,27.0,7774,15,04/06/2025,10:54:32,3,04/06/2025,11:09:42
F,39.0,13583,19,04/06/2025,10:09:19,11,04/06/2025,10:24:13
M,16.0,24737,20,04/06/2025,10:04:51,13,04/06/2025,10:23:57
M,26.0,98830,22,04/06/2025,10:15:50,20,04/06/2025,10:22:24
M,33.0,80164,23,04/06/2025,10:21:36,10,04/06/2025,10:33:36
M,28.0,89528,11,04/06/2025,11:59:59,16,04/06/2025,12:20:37
F,31.0,86101,12,04/06/2025,11:53:36,1,04/06/2025,12:00:24
M,34.0,29902,14,04/06/2025,11:04:55,18,04/06/2025,11:13:33
M,39.0,19566,16,04/06/2025,11:33:44,11,04/06/2025,11:42:00
F,16.0,18922,18,04/06/2025,11:06:24,22,04/06/2025,11:19:24
M,16.0,80573,24,04/06/2025,11:17:02,6,04/06/2025,11:29:18
M,33.0,44635,9,04/06/2025,12:01:02,2,04/06/2025,12:15:44
F,49.0,93727,12,04/06/2025,12:46:00,1,04/06/2025,12:57:08
M,45.0,52001,17,04/06/2025,12:54:41,13,04/06/2025,13:15:22
F,46.0,81420,19,04/06/2025,12:24:28,7,04/06/2025,12:43:55
M,28.0,1056,17,04/06/2025,13:12:34,13,04/06/2025,13:24:02
F,20.0,52868,19,04/06/2025,13:42:12,9,04/06/2025,13:47:11
M,33.0,4880,2,04/06/2025,14:10:46,16,04/06/2025,14:22:24
F,40.0,10259,4,04/06/2025,14:32:39,18,04/06/2025,14:41:13
F,34.0,11659,11,04/06/2025,14:13:22,21,04/06/2025,14:26:11
M,28.0,73271,17,04/06/2025,14:33:35,16,04/06/2025,14:51:55
M,33.0,68393,19,04/06/2025,14:39:47,4,04/06/2025,15:03:37
M,42.0,65520,1,04/06/2025,15:18:34,17,04/06/2025,15:31:02
M,42.0,99439,2,04/06/2025,15:14:34,1,04/06/2025,15:22:48
M,34.0,12193,4,04/06/2025,15:07:20,9,04/06/2025,15:37:41
M,43.0,34333,11,04/06/2025,15:58:34,24,04/06/2025,16:14:03
F,41.0,98816,12,04/06/2025,15:25:16,4,04/06/2025,15:37:26
M,16.0,34151,13,04/06/2025,15:36:33,10,04/06/2025,15:54:08
M,31.0,17135,13,04/06/2025,15:23:21,5,04/06/2025,15:43:49
M,36.0,4628,15,04/06/2025,15:22:28,7,04/06/2025,15:40:06
M,36.0,35593,16,04/06/2025,15:27:43,11,04/06/2025,15:40:51
M,41.0,72781,18,04/06/2025,15:56:31,10,04/06/2025,16:14:32
F,39.0,53909,19,04/06/2025,15:10:55,6,04/06/2025,15:28:58
F,19.0,99946,20,04/06/2025,15:34:39,5,04/06/2025,15:54:53
F,40.0,49606,1,04/06/2025,16:42:38,8,04/06/2025,17:00:33
F,25.0,69339,1,04/06/2025,16:00:19,2,04/06/2025,16:11:14
F,30.0,28939,3,04/06/2025,16:47:53,23,04/06/2025,16:51:55
M,34.0,22847,4,04/06/2025,16:34:09,23,04/06/2025,16:43:35
F,47.0,38356,6,04/06/2025,16:14:33,16,04/06/2025,16:23:40
M,38.0,83117,9,04/06/2025,16:30:53,15,04/06/2025,16:42:27
F,34.0,75410,9,04/06/2025,16:10:08,3,04/06/2025,16:25:11
F,26.0,97520,10,04/06/2025,16:02:27,5,04/06/2025,16:19:19
M,16.0,44320,11,04/06/2025,16:10:56,7,04/06/2025,16:13:56
M,28.0,94340,13,04/06/2025,16:17:38,12,04/06/2025,16:34:56
M,20.0,32776,21,04/06/2025,16:54:52,12,04/06/2025,17:19:33
F,21.0,5583,23,04/06/2025,16:33:57,13,04/06/2025,16:47:32
M,36.0,29923,1,04/06/2025,17:24:25,2,04/06/2025,17:31:34
M,39.0,35783,1,04/06/2025,17:02:26,6,04/06/2025,17:30:22
M,40.0,83878,2,04/06/2025,17:21:22,10,04/06/2025,17:36:15
M,41.0,89384,2,04/06/2025,17:54:52,17,04/06/2025,18:10:07
F,36.0,59628,3,04/06/2025,17:44:41,4,04/06/2025,17:49:24
M,44.0,5416,4,04/06/2025,17:39:22,2,04/06/2025,18:00:40
M,26.0,18825,4,04/06/2025,17:32:13,5,04/06/2025,17:50:40
F,31.0,63257,6,04/06/2025,17:28:59,14,04/06/2025,17:41:17
M,32.0,49792,8,04/06/2025,17:25:12,11,04/06/2025,17:38:09
M,24.0,56935,8,04/06/2025,17:25:01,1,04/06/2025,17:30:03
M,50.0,46947,11,04/06/2025,17:50:44,17,04/06/2025,18:09:36
F,42.0,34135,11,04/06/2025,17:31:25,17,04/06/2025,17:44:08
M,48.0,76513,11,04/06/2025,17:42:24,8,04/06/2025,18:02:12
M,38.0,78769,11,04/06/2025,17:20:33,7,04/06/2025,17:40:36
F,43.0,42176,11,04/06/2025,17:02:47,22,04/06/2025,17:11:50
F,31.0,91491,13,04/06/2025,17:41:46,11,04/06/2025,18:04:30
F,23.0,30318,16,04/06/2025,17:35:13,21,04/06/2025,17:43:58
M,39.0,14300,16,04/06/2025,17:21:18,7,04/06/2025,17:44:04
M,33.0,19216,17,04/06/2025,17:19:53,7,04/06/2025,17:32:32
M,37.0,84752,17,04/06/2025,17:18:32,20,04/06/2025,17:23:48
F,38.0,40815,17,04/06/2025,17:51:25,20,04/06/2025,17:59:48
M,57.0,87042,17,04/06/2025,17:36:21,16,04/06/2025,17:43:26
M,22.0,54141,17,04/06/2025,17:10:07,19,04/06/2025,17:26:37
M,28.0,42321,18,04/06/2025,17:59:10,24,04/06/2025,18:25:42
M,24.0,47073,18,04/06/2025,17:20:13,16,04/06/2025,17:33:43
M,34.0,39397,18,04/06/2025,17:22:45,23,04/06/2025,17:33:13
F,31.0,47768,19,04/06/2025,17:40:55,17,04/06/2025,17:48:35
M,25.0,83017,21,04/06/2025,17:58:18,12,04/06/2025,18:11:14
M,38.0,13449,21,04/06/2025,17:13:28,19,04/06/2025,17:24:03
M,42.0,82505,21,04/06/2025,17:40:26,18,04/06/2025,17:51:51
M,46.0,6735,21,04/06/2025,17:45:13,3,04/06/2025,17:55:04
M,43.0,26249,1,04/06/2025,18:59:22,11,04/06/2025,19:14:12
F,28.0,11669,1,04/06/2025,18:48:01,12,04/06/2025,18:58:55
M,41.0,68636,2,04/06/2025,18:38:31,4,04/06/2025,18:59:39
F,26.0,64288,3,04/06/2025,18:36:54,8,04/06/2025,18:57:09
F,31.0,21782,3,04/06/2025,18:30:00,11,04/06/2025,18:37:15
F,44.0,67379,4,04/06/2025,18:40:31,3,04/06/2025,18:51:23
M,37.0,42956,6,04/06/2025,18:05:03,3,04/06/2025,18:18:20
M,38.0,24358,8,04/06/2025,18:37:16,13,04/06/2025,19:10:08
M,25.0,42678,8,04/06/2025,18:54:56,21,04/06/2025,19:04:49
F,51.0,23609,8,04/06/2025,18:56:32,13,04/06/2025,19:06:39
M,32.0,79217,9,04/06/2025,18:02:19,20,04/06/2025,18:07:43
F,35.0,55056,10,04/06/2025,18:45:37,9,04/06/2025,18:48:37
M,17.0,47326,11,04/06/2025,18:42:19,6,04/06/2025,18:56:30
M,44.0,45301,11,04/06/2025,18:40:50,17,04/06/2025,18:55:23
F,33.0,64925,13,04/06/2025,18:26:50,19,04/06/2025,18:39:25
M,20.0,29245,13,04/06/2025,18:16:59,3,04/06/2025,18:31:11
M,42.0,66388,14,04/06/2025,18:57:48,17,04/06/2025,19:10:38
F,19.0,91590,14,04/06/2025,18:47:36,6,04/06/2025,19:05:34
F,40.0,78431,14,04/06/2025,18:05:32,1,04/06/2025,18:22:37
F,26.0,62960,15,04/06/2025,18:20:39,3,04/06/2025,18:44:15
M,28.0,48557,15,04/06/2025,18:44:43,1,04/06/2025,18:56:19
M,30.0,25440,16,04/06/2025,18:07:41,13,04/06/2025,18:25:08
M,31.0,92606,17,04/06/2025,18:09:31,23,04/06/2025,18:15:34
M,30.0,55334,17,04/06/2025,18:49:50,9,04/06/2025,18:54:20
M,32.0,22221,17,04/06/2025,18:31:11,23,04/06/2025,18:35:17
M,40.0,71857,18,04/06/2025,18:08:50,21,04/06/2025,18:31:35
F,44.0,43632,18,04/06/2025,18:11:16,17,04/06/2025,18:31:05
F,42.0,6469,19,04/06/2025,18:39:49,13,04/06/2025,18:57:35
M,20.0,77888,19,04/06/2025,18:15:13,4,04/06/2025,18:32:05
F,32.0,95930,19,04/06/2025,18:15:41,14,04/06/2025,18:40:49
F,16.0,47777,21,04/06/2025,18:34:18,8,04/06/2025,18:43:51
M,50.0,50145,21,04/06/2025,18:19:52,20,04/06/2025,18:30:57
M,50.0,94959,21,04/06/2025,18:22:47,23,04/06/2025,18:37:48
M,38.0,18905,21,04/06/2025,18:06:08,22,04/06/2025,18:31:16
F,18.0,58232,22,04/06/2025,18:40:31,23,04/06/2025,19:00:53
M,27.0,78856,22,04/06/2025,18:19:51,3,04/06/2025,18:47:08
F,32.0,63974,22,04/06/2025,18:59:02,18,04/06/2025,19:18:33
F,34.0,19692,23,04/06/2025,18:34:50,19,04/06/2025,18:52:02
F,35.0,72757,24,04/06/2025,18:19:30,9,04/06/2025,18:30:52
F,41.0,16909,24,04/06/2025,18:51:16,12,04/06/2025,19:01:31
M,44.0,30200,2,04/06/2025,19:28:32,12,04/06/2025,19:38:05
F,40.0,19625,2,04/06/2025,19:40:47,4,04/06/2025,19:49:25
M,16.0,75261,2,04/06/2025,19:34:00,8,04/06/2025,19:55:08
F,36.0,4396,3,04/06/2025,19:42:28,19,04/06/2025,19:47:27
M,43.0,77862,3,04/06/2025,19:04:04,4,04/06/2025,19:12:59
M,31.0,34653,3,04/06/2025,19:06:50,19,04/06/2025,19:22:43
M,38.0,56569,3,04/06/2025,19:40:00,4,04/06/2025,20:01:14
M,37.0,34810,3,04/06/2025,19:11:49,13,04/06/2025,19:29:04
M,37.0,2739,4,04/06/2025,19:36:00,15,04/06/2025,19:53:38
F,51.0,54033,7,04/06/2025,19:28:31,20,04/06/2025,19:37:00
F,34.0,36765,7,04/06/2025,19:15:23,9,04/06/2025,19:26:30
F,30.0,98663,7,04/06/2025,19:55:47,22,04/06/2025,20:13:53
M,27.0,83716,7,04/06/2025,19:30:19,10,04/06/2025,19:47:49
F,42.0,67094,8,04/06/2025,19:50:38,4,04/06/2025,20:12:16
F,36.0,22247,9,04/06/2025,19:55:23,14,04/06/2025,19:58:23
M,19.0,77667,11,04/06/2025,19:11:25,7,04/06/2025,19:30:06
M,16.0,74669,11,04/06/2025,19:53:23,12,04/06/2025,20:04:31
F,25.0,7782,11,04/06/2025,19:59:14,6,04/06/2025,20:21:17
F,21.0,19138,14,04/06/2025,19:08:47,15,04/06/2025,19:27:53
M,36.0,53208,14,04/06/2025,19:48:14,4,04/06/2025,19:52:57
F,35.0,30018,14,04/06/2025,19:35:20,9,04/06/2025,19:55:45
M,42.0,64665,14,04/06/2025,19:43:18,15,04/06/2025,20:04:21
M,26.0,95767,15,04/06/2025,19:44:58,10,04/06/2025,20:03:39
M,32.0,46584,16,04/06/2025,19:18:31,18,04/06/2025,19:41:26
M,23.0,35155,17,04/06/2025,19:02:56,4,04/06/2025,19:21:40
F,46.0,61144,17,04/06/2025,19:25:38,21,04/06/2025,19:28:38
M,44.0,51136,18,04/06/2025,19:54:26,21,04/06/2025,20:11:32
M,38.0,47165,19,04/06/2025,19:06:41,18,04/06/2025,19:27:29
M,39.0,21597,19,04/06/2025,19:45:19,11,04/06/2025,20:08:41
M,19.0,76939,21,04/06/2025,19:30:15,22,04/06/2025,19:51:51
F,35.0,78166,21,04/06/2025,19:29:07,12,04/06/2025,19:34:46
M,65.0,15103,21,04/06/2025,19:22:53,22,04/06/2025,19:26:40
M,47.0,30619,1,04/06/2025,20:22:21,23,04/06/2025,20:37:29
M,16.0,22752,1,04/06/2025,20:32:18,3,04/06/2025,20:46:44
M,39.0,92985,2,04/06/2025,20:03:56,17,04/06/2025,20:21:40
M,29.0,14452,3,04/06/2025,20:47:48,12,04/06/2025,21:01:57
M,41.0,30268,3,04/06/2025,20:43:46,7,04/06/2025,20:54:28
F,43.0,11067,3,04/06/2025,20:48:21,20,04/06/2025,21:03:03
M,29.0,66306,6,04/06/2025,20:30:06,21,04/06/2025,20:48:55
F,41.0,26491,6,04/06/2025,20:17:57,22,04/06/2025,20:40:42
F,24.0,92376,8,04/06/2025,20:12:00,16,04/06/2025,20:38:52
M,33.0,52086,10,04/06/2025,20:54:57,5,04/06/2025,21:04:13
M,24.0,88727,11,04/06/2025,20:30:15,13,04/06/2025,20:47:55
M,24.0,7836,11,04/06/2025,20:42:27,7,04/06/2025,21:04:32
F,57.0,99887,15,04/06/2025,20:20:26,5,04/06/2025,20:33:15
F,32.0,17075,16,04/06/2025,20:02:49,21,04/06/2025,20:08:26
F,20.0,5058,16,04/06/2025,20:54:34,21,04/06/2025,21:08:49
F,40.0,71459,18,04/06/2025,20:36:33,23,04/06/2025,21:02:10
M,37.0,52158,18,04/06/2025,20:58:40,16,04/06/2025,21:16:32
F,40.0,13213,19,04/06/2025,20:39:42,9,04/06/2025,20:56:08
M,20.0,27053,19,04/06/2025,20:56:25,13,04/06/2025,21:16:56
M,48.0,48244,19,04/06/2025,20:23:31,24,04/06/2025,20:29:03
M,16.0,80673,21,04/06/2025,20:57:33,17,04/06/2025,21:12:10
M,28.0,48681,1,04/06/2025,21:55:44,6,04/06/2025,22:17:37
M,23.0,39271,8,04/06/2025,21:04:36,9,04/06/2025,21:33:42
F,41.0,98936,10,04/06/2025,21:50:31,3,04/06/2025,22:18:29
M,31.0,59341,14,04/06/2025,21:41:26,20,04/06/2025,21:52:26
M,26.0,53239,14,04/06/2025,21:28:02,10,04/06/2025,21:47:33
M,36.0,61648,16,04/06/2025,21:09:53,17,04/06/2025,21:13:30
M,16.0,1494,6,04/06/2025,22:51:04,14,04/06/2025,22:57:17
M,29.0,86309,12,04/06/2025,22:13:41,22,04/06/2025,22:30:42
F,34.0,80971,5,04/06/2025,23:18:15,4,04/06/2025,23:38:27
F,45.0,8110,9,04/06/2025,23:55:39,17,05/06/2025,00:21:52
F,40.0,32695,14,04/06/2025,23:50:01,8,04/06/2025,23:57:06
M,26.0,36011,15,04/06/2025,23:23:34,8,04/06/2025,23:40:21
F,20.0,77114,15,05/06/2025,00:49:46,14,05/06/2025,00:52:46
M,34.0,74285,23,05/06/2025,00:28:32,22,05/06/2025,00:49:48
M,32.0,86407,10,05/06/2025,02:53:21,3,05/06/2025,03:06:11
M,41.0,83649,17,05/06/2025,02:18:17,9,05/06/2025,02:25:49
F,21.0,29944,17,05/06/2025,02:31:51,14,05/06/2025,02:55:52
F,36.0,58177,19,05/06/2025,02:38:15,20,05/06/2025,02:51:12
M,35.0,87999,19,05/06/2025,02:58:24,9,05/06/2025,03:02:34
F,55.0,69510,4,05/06/2025,03:06:05,7,05/06/2025,03:16:27
M,58.0,51608,6,05/06/2025,03:09:06,9,05/06/2025,03:25:14
M,28.0,4999,17,05/06/2025,03:30:48,13,05/06/2025,03:44:20
F,27.0,47712,19,05/06/2025,03:52:49,5,05/06/2025,04:13:13
M,42.0,63519,20,05/06/2025,03:37:27,19,05/06/2025,03:56:57
M,28.0,33306,22,05/06/2025,03:07:53,3,05/06/2025,03:25:31
F,38.0,71918,12,05/06/2025,04:38:16,20,05/06/2025,04:50:17
F,43.0,54492,2,05/06/2025,05:46:48,9,05/06/2025,05:57:49
F,31.0,8644,2,05/06/2025,05:39:48,3,05/06/2025,06:01:57
M,42.0,48309,4,05/06/2025,05:29:43,2,05/06/2025,05:39:44
M,31.0,27511,7,05/06/2025,05:20:35,6,05/06/2025,05:28:28
F,16.0,33453,8,05/06/2025,05:27:32,14,05/06/2025,05:36:07
M,29.0,42975,13,05/06/2025,05:05:40,14,05/06/2025,05:20:20
M,43.0,38689,15,05/06/2025,05:41:20,10,05/06/2025,06:00:39
M,24.0,62755,17,05/06/2025,05:01:33,22,05/06/2025,05:27:50
M,38.0,40629,20,05/06/2025,05:53:06,19,05/06/2025,06:10:16
M,30.0,2578,20,05/06/2025,05:41:58,12,05/06/2025,05:44:58
M,16.0,92466,1,05/06/2025,06:29:00,9,05/06/2025,06:40:56
M,16.0,57402,5,05/06/2025,06:35:33,6,05/06/2025,06:51:51
M,38.0,21740,7,05/06/2025,06:54:46,15,05/06/2025,07:16:52
M,29.0,11450,7,05/06/2025,06:03:03,15,05/06/2025,06:06:03
F,37.0,65025,8,05/06/2025,06:42:50,9,05/06/2025,07:08:41
F,32.0,65620,8,05/06/2025,06:20:15,6,05/06/2025,06:33:20
M,17.0,28303,8,05/06/2025,06:56:42,3,05/06/2025,07:14:30
M,26.0,44705,9,05/06/2025,06:43:06,12,05/06/2025,06:58:40
M,38.0,52825,11,05/06/2025,06:13:49,15,05/06/2025,06:16:49
M,16.0,76592,15,05/06/2025,06:48:57,13,05/06/2025,06:53:35
M,36.0,77167,16,05/06/2025,06:48:12,4,05/06/2025,07:03:43
M,41.0,28107,16,05/06/2025,06:40:54,12,05/06/2025,06:55:28
M,31.0,7690,18,05/06/2025,06:58:59,10,05/06/2025,07:06:07
M,24.0,15510,24,05/06/2025,06:23:19,13,05/06/2025,06:35:18
F,28.0,44168,24,05/06/2025,06:39:29,13,05/06/2025,06:58:04
M,22.0,51888,1,05/06/2025,07:12:01,13,05/06/2025,07:15:40
F,24.0,38347,1,05/06/2025,07:09:46,9,05/06/2025,07:15:26
M,39.0,58710,3,05/06/2025,07:43:22,4,05/06/2025,08:07:51
M,45.0,21017,3,05/06/2025,07:44:31,8,05/06/2025,07:48:53
M,36.0,99416,4,05/06/2025,07:35:23,3,05/06/2025,07:45:07
F,32.0,13239,5,05/06/2025,07:38:53,15,05/06/2025,07:45:40
M,44.0,1520,5,05/06/2025,07:28:28,17,05/06/2025,07:31:28
F,43.0,34817,6,05/06/2025,07:56:27,9,05/06/2025,08:04:19
M,25.0,20796,9,05/06/2025,07:50:10,16,05/06/2025,08:06:01
F,37.0,63707,9,05/06/2025,07:53:31,15,05/06/2025,08:12:22
M,38.0,52515,11,05/06/2025,07:46:06,12,05/06/2025,08:05:36
F,26.0,47064,12,05/06/2025,07:37:21,3,05/06/2025,07:57:31
M,27.0,59660,13,05/06/2025,07:43:33,14,05/06/2025,08:06:03
M,45.0,82186,13,05/06/2025,07:59:41,12,05/06/2025,08:07:14
F,16.0,90924,14,05/06/2025,07:22:53,20,05/06/2025,07:29:04
F,31.0,16641,15,05/06/2025,07:24:17,24,05/06/2025,07:37:06
M,23.0,76171,15,05/06/2025,07:09:37,9,05/06/2025,07:42:58
M,37.0,90448,16,05/06/2025,07:12:34,10,05/06/2025,07:30:05
F,32.0,7760,16,05/06/2025,07:08:31,23,05/06/2025,07:29:41
M,33.0,49252,16,05/06/2025,07:44:22,7,05/06/2025,07:58:53
M,28.0,1155,16,05/06/2025,07:13:53,1,05/06/2025,07:40:46
F,38.0,45781,18,05/06/2025,07:01:37,1,05/06/2025,07:09:25
F,44.0,65576,18,05/06/2025,07:42:57,17,05/06/2025,08:02:28
M,35.0,88601,18,05/06/2025,07:06:20,14,05/06/2025,07:22:58
F,52.0,20583,19,05/06/2025,07:24:42,15,05/06/2025,07:32:53
F,37.0,22251,19,05/06/2025,07:06:59,24,05/06/2025,07:29:29
M,31.0,45881,19,05/06/2025,07:14:57,3,05/06/2025,07:34:04
M,45.0,93349,19,05/06/2025,07:04:41,18,05/06/2025,07:14:08
F,35.0,86249,23,05/06/2025,07:14:36,11,05/06/2025,07:26:10
M,29.0,85603,1,05/06/2025,08:49:46,9,05/06/2025,09:05:11
M,51.0,37405,1,05/06/2025,08:07:12,6,05/06/2025,08:24:16
M,47.0,98194,1,05/06/2025,08:24:32,5,05/06/2025,08:27:32
M,39.0,80723,1,05/06/2025,08:59:53,18,05/06/2025,09:22:14
M,35.0,51358,2,05/06/2025,08:13:36,1,05/06/2025,08:34:25
F,28.0,4850,2,05/06/2025,08:22:10,16,05/06/2025,08:31:49
F,35.0,26550,3,05/06/2025,08:45:58,8,05/06/2025,08:53:06
M,34.0,60286,3,05/06/2025,08:29:20,4,05/06/2025,08:46:11
M,44.0,34496,3,05/06/2025,08:53:22,5,05/06/2025,08:58:07
M,19.0,62165,4,05/06/2025,08:27:13,14,05/06/2025,08:36:31
M,16.0,98646,5,05/06/2025,08:37:40,18,05/06/2025,09:05:13
M,30.0,75394,5,05/06/2025,08:41:57,15,05/06/2025,08:47:26
F,26.0,59237,5,05/06/2025,08:32:42,16,05/06/2025,08:43:49
F,23.0,88817,5,05/06/2025,08:08:50,14,05/06/2025,08:24:05
M,29.0,38259,5,05/06/2025,08:38:27,11,05/06/2025,09:06:54
M,32.0,85637,7,05/06/2025,08:37:45,9,05/06/2025,09:04:25
M,33.0,78153,8,05/06/2025,08:25:12,17,05/06/2025,08:45:45
F,45.0,77694,11,05/06/2025,08:14:48,8,05/06/2025,08:38:56
M,33.0,64449,11,05/06/2025,08:59:14,3,05/06/2025,09:07:39
M,18.0,20403,12,05/06/2025,08:53:02,11,05/06/2025,09:11:50
F,28.0,91924,14,05/06/2025,08:40:21,20,05/06/2025,08:54:50
M,29.0,62100,14,05/06/2025,08:24:22,19,05/06/2025,08:40:19
M,30.0,9154,14,05/06/2025,08:29:10,24,05/06/2025,08:43:24
M,58.0,6982,15,05/06/2025,08:45:33,22,05/06/2025,08:58:58
M,49.0,60551,15,05/06/2025,08:31:35,22,05/06/2025,08:57:35
F,35.0,51639,17,05/06/2025,08:19:58,12,05/06/2025,08:26:10
M,38.0,70939,17,05/06/2025,08:20:19,7,05/06/2025,08:40:36
F,28.0,7888,17,05/06/2025,08:43:20,16,05/06/2025,09:04:07
M,27.0,93823,19,05/06/2025,08:22:30,20,05/06/2025,08:34:57
M,34.0,36463,19,05/06/2025,08:55:12,16,05/06/2025,09:12:54
F,36.0,21276,19,05/06/2025,08:02:44,5,05/06/2025,08:05:44
M,30.0,70819,21,05/06/2025,08:26:55,17,05/06/2025,08:36:49
F,33.0,21964,22,05/06/2025,08:10:07,24,05/06/2025,08:21:58
F,36.0,88728,22,05/06/2025,08:19:51,18,05/06/2025,08:35:35
M,35.0,62615,24,05/06/2025,08:36:17,9,05/06/2025,08:52:32
M,31.0,42254,2,05/06/2025,09:23:53,7,05/06/2025,09:27:54
M,42.0,20781,2,05/06/2025,09:02:06,13,05/06/2025,09:12:34
F,35.0,31362,3,05/06/2025,09:25:58,12,05/06/2025,09:39:12
F,48.0,98831,4,05/06/2025,09:17:11,14,05/06/2025,09:38:42
M,27.0,52082,5,05/06/2025,09:17:01,20,05/06/2025,09:25:51
M,36.0,92593,6,05/06/2025,09:00:49,16,05/06/2025,09:15:38
M,31.0,39425,6,05/06/2025,09:51:56,2,05/06/2025,10:12:11
F,54.0,30237,8,05/06/2025,09:09:49,20,05/06/2025,09:21:10
M,17.0,3230,9,05/06/2025,09:50:01,24,05/06/2025,10:04:18
M,29.0,19345,12,05/06/2025,09:10:31,15,05/06/2025,09:39:15
M,34.0,44500,12,05/06/2025,09:57:24,8,05/06/2025,10:09:34
M,16.0,49104,14,05/06/2025,09:08:00,10,05/06/2025,09:26:01
M,30.0,9477,14,05/06/2025,09:39:34,5,05/06/2025,09:53:03
F,26.0,26641,14,05/06/2025,09:40:15,5,05/06/2025,09:51:22
M,31.0,41750,15,05/06/2025,09:45:02,17,05/06/2025,10:15:58
F,27.0,17145,15,05/06/2025,09:27:03,20,05/06/2025,09:34:15
M,49.0,69434,16,05/06/2025,09:04:48,24,05/06/2025,09:24:54
F,49.0,15564,17,05/06/2025,09:28:00,8,05/06/2025,09:42:26
F,39.0,91812,18,05/06/2025,09:30:18,4,05/06/2025,09:47:11
M,30.0,53409,19,05/06/2025,09:50:49,15,05/06/2025,09:55:10
M,35.0,42350,19,05/06/2025,09:41:39,15,05/06/2025,10:00:05
F,34.0,78977,19,05/06/2025,09:13:03,2,05/06/2025,09:30:01
M,35.0,21011,20,05/06/2025,09:18:23,14,05/06/2025,09:43:01
F,22.0,92221,20,05/06/2025,09:19:02,7,05/06/2025,09:35:10
F,42.0,66767,22,05/06/2025,09:16:41,23,05/06/2025,09:32:39
F,26.0,67903,23,05/06/2025,09:08:12,18,05/06/2025,09:12:29
F,36.0,71925,23,05/06/2025,09:20:05,19,05/06/2025,09:42:07
M,33.0,60420,24,05/06/2025,09:27:08,8,05/06/2025,09:43:41
F,38.0,38273,24,05/06/2025,09:26:08,19,05/06/2025,09:45:20
F,38.0,4877,2,05/06/2025,10:33:40,8,05/06/2025,10:53:58
M,16.0,46828,2,05/06/2025,10:28:30,18,05/06/2025,10:41:04
F,38.0,16243,5,05/06/2025,10:44:33,6,05/06/2025,10:58:09
F,43.0,94639,10,05/06/2025,10:18:51,9,05/06/2025,10:21:51
F,33.0,18273,11,05/06/2025,10:39:55,5,05/06/2025,10:45:52
F,16.0,93909,12,05/06/2025,10:27:28,11,05/06/2025,10:56:28
M,29.0,45054,16,05/06/2025,10:30:14,14,05/06/2025,10:41:18
F,36.0,19786,16,05/06/2025,10:00:14,6,05/06/2025,10:05:21
F,47.0,32046,16,05/06/2025,10:03:46,8,05/06/2025,10:14:29
F,33.0,19579,16,05/06/2025,10:33:21,11,05/06/2025,10:41:55
M,54.0,72252,18,05/06/2025,10:29:04,3,05/06/2025,10:43:08
M,41.0,93556,19,05/06/2025,10:35:42,13,05/06/2025,10:38:42
F,39.0,93709,19,05/06/2025,10:36:35,18,05/06/2025,10:52:05
M,28.0,18668,20,05/06/2025,10:56:34,17,05/06/2025,11:07:31
F,31.0,30483,20,05/06/2025,10:58:14,1,05/06/2025,11:12:59
M,20.0,26753,20,05/06/2025,10:59:03,14,05/06/2025,11:06:05
M,26.0,33165,21,05/06/2025,10:47:01,4,05/06/2025,10:58:10
F,28.0,45502,2,05/06/2025,11:38:52,17,05/06/2025,11:53:48
F,33.0,10086,3,05/06/2025,11:09:13,19,05/06/2025,11:26:56
M,16.0,12519,7,05/06/2025,11:48:15,6,05/06/2025,12:11:31
F,56.0,90057,15,05/06/2025,11:57:38,20,05/06/2025,12:05:51
F,31.0,26493,18,05/06/2025,11:39:58,1,05/06/2025,12:06:33
F,27.0,16116,19,05/06/2025,11:58:13,13,05/06/2025,12:05:41
F,23.0,70720,20,05/06/2025,11:14:37,3,05/06/2025,11:28:16
M,34.0,72144,9,05/06/2025,12:00:09,14,05/06/2025,12:19:49
M,25.0,85580,15,05/06/2025,12:09:12,14,05/06/2025,12:17:50
M,34.0,57823,20,05/06/2025,12:40:23,4,05/06/2025,12:58:07
M,31.0,30891,21,05/06/2025,12:30:19,4,05/06/2025,12:51:24
F,52.0,5374,24,05/06/2025,12:02:25,8,05/06/2025,12:09:57
M,16.0,61132,1,05/06/2025,13:40:43,6,05/06/2025,13:57:21
F,35.0,56642,15,05/06/2025,13:52:37,10,05/06/2025,14:18:28
F,24.0,75737,18,05/06/2025,13:38:55,8,05/06/2025,13:52:38
M,40.0,82715,18,05/06/2025,13:32:41,22,05/06/2025,13:56:39
F,20.0,77101,23,05/06/2025,13:09:24,21,05/06/2025,13:27:13
F,29.0,2502,6,05/06/2025,14:34:39,2,05/06/2025,14:49:45
M,36.0,20037,12,05/06/2025,14:29:02,8,05/06/2025,14:40:37
F,24.0,71618,19,05/06/2025,14:35:19,24,05/06/2025,14:53:03
M,39.0,14962,23,05/06/2025,14:26:20,24,05/06/2025,14:36:38
M,31.0,12284,1,05/06/2025,15:40:58,11,05/06/2025,15:59:58
M,17.0,64435,3,05/06/2025,15:07:44,4,05/06/2025,15:30:24
M,45.0,25620,6,05/06/2025,15:53:46,16,05/06/2025,16:02:55
F,16.0,35170,9,05/06/2025,15:41:55,4,05/06/2025,15:55:38
M,42.0,12000,15,05/06/2025,15:49:17,8,05/06/2025,15:57:12
M,49.0,65252,17,05/06/2025,15:05:55,13,05/06/2025,15:15:57
F,36.0,17791,18,05/06/2025,15:24:20,23,05/06/2025,15:33:04
F,24.0,84537,18,05/06/2025,15:12:51,16,05/06/2025,15:25:35
M,25.0,56549,18,05/06/2025,15:09:20,13,05/06/2025,15:27:46
F,41.0,38769,19,05/06/2025,15:08:31,11,05/06/2025,15:17:51
M,41.0,63667,19,05/06/2025,15:49:43,14,05/06/2025,16:12:12
F,43.0,2541,2,05/06/2025,16:19:20,6,05/06/2025,16:24:55
F,28.0,4260,3,05/06/2025,16:35:20,11,05/06/2025,16:52:48
M,42.0,15661,3,05/06/2025,16:16:45,13,05/06/2025,16:19:45
F,19.0,60878,4,05/06/2025,16:15:38,10,05/06/2025,16:25:14
F,19.0,22346,4,05/06/2025,16:08:04,12,05/06/2025,16:25:45
M,50.0,77235,6,05/06/2025,16:52:15,1,05/06/2025,17:11:16
F,44.0,7435,8,05/06/2025,16:50:39,6,05/06/2025,17:06:26
M,28.0,29442,9,05/06/2025,16:30:08,16,05/06/2025,16:51:40
M,25.0,99655,12,05/06/2025,16:09:14,13,05/06/2025,16:34:58
F,45.0,99047,15,05/06/2025,16:30:02,20,05/06/2025,16:58:14
M,34.0,78757,17,05/06/2025,16:08:50,4,05/06/2025,16:28:48
F,36.0,73066,17,05/06/2025,16:11:09,9,05/06/2025,16:15:03
M,39.0,77718,20,05/06/2025,16:40:59,2,05/06/2025,17:06:02
F,27.0,7105,22,05/06/2025,16:27:41,5,05/06/2025,16:44:53
M,25.0,62857,1,05/06/2025,17:50:11,2,05/06/2025,18:11:05
F,39.0,56957,1,05/06/2025,17:24:21,17,05/06/2025,17:50:22
F,23.0,89036,1,05/06/2025,17:57:06,3,05/06/2025,18:13:01
M,33.0,21362,1,05/06/2025,17:18:30,2,05/06/2025,17:27:32
M,53.0,56101,2,05/06/2025,17:56:57,12,05/06/2025,18:15:03
M,47.0,61429,2,05/06/2025,17:26:05,22,05/06/2025,17:40:42
M,25.0,99225,3,05/06/2025,17:35:09,15,05/06/2025,17:51:50
M,23.0,8750,3,05/06/2025,17:49:20,15,05/06/2025,18:00:25
M,33.0,26978,4,05/06/2025,17:49:12,10,05/06/2025,17:58:17
M,31.0,38292,4,05/06/2025,17:49:32,5,05/06/2025,18:07:35
M,31.0,79393,5,05/06/2025,17:24:14,13,05/06/2025,17:36:18
M,31.0,9667,5,05/06/2025,17:21:03,4,05/06/2025,17:27:58
M,17.0,67316,6,05/06/2025,17:49:52,1,05/06/2025,17:59:49
F,46.0,74946,7,05/06/2025,17:08:54,14,05/06/2025,17:25:48
F,34.0,39607,7,05/06/2025,17:28:27,8,05/06/2025,17:48:55
M,30.0,84071,8,05/06/2025,17:01:42,9,05/06/2025,17:13:23
M,25.0,43122,8,05/06/2025,17:34:13,13,05/06/2025,17:48:37
M,27.0,87114,8,05/06/2025,17:53:59,13,05/06/2025,18:09:08
M,45.0,89221,9,05/06/2025,17:41:09,5,05/06/2025,17:49:07
M,53.0,93056,12,05/06/2025,17:53:20,7,05/06/2025,18:07:47
M,26.0,97581,14,05/06/2025,17:07:22,24,05/06/2025,17:10:26
M,48.0,35265,14,05/06/2025,17:11:46,24,05/06/2025,17:14:48
M,30.0,83249,14,05/06/2025,17:04:17,5,05/06/2025,17:17:26
F,41.0,3516,17,05/06/2025,17:55:56,11,05/06/2025,18:19:47
F,28.0,82909,17,05/06/2025,17:00:44,21,05/06/2025,17:12:16
F,54.0,92133,19,05/06/2025,17:42:52,1,05/06/2025,18:05:00
F,42.0,62888,20,05/06/2025,17:59:45,10,05/06/2025,18:18:28
M,28.0,14881,22,05/06/2025,17:54:29,19,05/06/2025,18:07:56
M,37.0,78394,22,05/06/2025,17:03:31,8,05/06/2025,17:16:50
F,34.0,75286,24,05/06/2025,17:25:51,19,05/06/2025,17:49:13
F,28.0,54516,5,05/06/2025,18:24:27,4,05/06/2025,18:40:13
M,20.0,50946,5,05/06/2025,18:51:37,4,05/06/2025,19:04:48
M,39.0,35177,5,05/06/2025,18:39:07,18,05/06/2025,18:51:13
F,27.0,82490,5,05/06/2025,18:22:12,3,05/06/2025,18:30:57
M,17.0,96426,7,05/06/2025,18:00:26,1,05/06/2025,18:17:52
M,35.0,70604,8,05/06/2025,18:24:48,21,05/06/2025,18:36:44
M,27.0,21373,8,05/06/2025,18:02:41,1,05/06/2025,18:21:43
M,18.0,79021,8,05/06/2025,18:44:11,13,05/06/2025,18:50:49
M,36.0,50528,10,05/06/2025,18:59:03,4,05/06/2025,19:26:17
M,50.0,3597,10,05/06/2025,18:09:55,9,05/06/2025,18:17:56
F,27.0,75562,11,05/06/2025,18:16:43,2,05/06/2025,18:33:57
M,31.0,97667,12,05/06/2025,18:59:52,13,05/06/2025,19:27:16
F,30.0,42609,14,05/06/2025,18:49:20,10,05/06/2025,19:02:00
M,26.0,61322,15,05/06/2025,18:39:23,13,05/06/2025,18:57:39
F,40.0,52162,15,05/06/2025,18:34:36,16,05/06/2025,18:53:29
M,16.0,75905,16,05/06/2025,18:59:38,11,05/06/2025,19:07:49
M,33.0,67248,17,05/06/2025,18:27:22,5,05/06/2025,18:32:17
M,39.0,17122,17,05/06/2025,18:58:59,11,05/06/2025,19:11:52
F,31.0,88163,17,05/06/2025,18:57:30,9,05/06/2025,19:09:37
M,19.0,45893,17,05/06/2025,18:00:14,12,05/06/2025,18:22:21
M,32.0,34551,19,05/06/2025,18:41:31,9,05/06/2025,19:03:26
M,18.0,65764,19,05/06/2025,18:08:25,14,05/06/2025,18:19:08
M,43.0,53449,20,05/06/2025,18:53:36,24,05/06/2025,18:56:36
F,30.0,20474,21,05/06/2025,18:17:14,24,05/06/2025,18:39:33
M,20.0,20232,22,05/06/2025,18:58:16,18,05/06/2025,19:10:58
F,37.0,89668,22,05/06/2025,18:49:30,9,05/06/2025,19:00:53
F,27.0,62396,22,05/06/2025,18:57:11,23,05/06/2025,19:15:32
M,40.0,43333,1,05/06/2025,19:29:10,16,05/06/2025,19:49:21
F,20.0,20455,1,05/06/2025,19:45:04,2,05/06/2025,20:00:27
M,39.0,30341,2,05/06/2025,19:47:30,1,05/06/2025,20:01:57
M,45.0,38634,2,05/06/2025,19:19:28,8,05/06/2025,19:25:16
M,40.0,63314,2,05/06/2025,19:08:03,1,05/06/2025,19:28:01
M,25.0,80603,3,05/06/2025,19:49:08,15,05/06/2025,19:57:34
M,41.0,41380,3,05/06/2025,19:24:05,8,05/06/2025,19:36:22
M,27.0,24848,3,05/06/2025,19:58:50,7,05/06/2025,20:10:46
M,25.0,37474,3,05/06/2025,19:39:01,12,05/06/2025,19:51:28
F,52.0,21365,3,05/06/2025,19:56:49,20,05/06/2025,20:05:15
M,46.0,96468,4,05/06/2025,19:42:01,5,05/06/2025,19:58:00
M,53.0,91591,5,05/06/2025,19:50:38,3,05/06/2025,20:02:44
M,26.0,47450,5,05/06/2025,19:00:13,4,05/06/2025,19:23:48
M,44.0,18251,5,05/06/2025,19:04:35,10,05/06/2025,19:22:16
M,22.0,91784,5,05/06/2025,19:18:14,18,05/06/2025,19:36:00
M,34.0,40319,5,05/06/2025,19:17:56,20,05/06/2025,19:20:56
M,47.0,48340,6,05/06/2025,19:01:58,7,05/06/2025,19:09:52
F,25.0,35470,6,05/06/2025,19:57:54,10,05/06/2025,20:19:01
M,30.0,21523,6,05/06/2025,19:52:18,7,05/06/2025,20:09:11
M,40.0,13527,8,05/06/2025,19:06:56,23,05/06/2025,19:21:17
M,38.0,47920,8,05/06/2025,19:09:22,13,05/06/2025,19:20:44
M,24.0,50477,9,05/06/2025,19:08:08,2,05/06/2025,19:28:59
M,51.0,67926,9,05/06/2025,19:51:12,3,05/06/2025,20:21:01
M,29.0,45165,10,05/06/2025,19:39:15,4,05/06/2025,19:57:53
F,31.0,94890,11,05/06/2025,19:55:08,6,05/06/2025,20:09:43
F,26.0,99201,11,05/06/2025,19:08:01,13,05/06/2025,19:29:05
M,37.0,46294,11,05/06/2025,19:15:37,9,05/06/2025,19:22:32
F,35.0,23982,12,05/06/2025,19:05:55,14,05/06/2025,19:19:51
M,45.0,36318,12,05/06/2025,19:25:16,18,05/06/2025,19:45:34
M,24.0,34674,13,05/06/2025,19:45:17,20,05/06/2025,19:53:56
F,54.0,13268,14,05/06/2025,19:58:15,8,05/06/2025,20:19:28
M,36.0,78764,14,05/06/2025,19:36:06,15,05/06/2025,19:46:55
F,18.0,85489,15,05/06/2025,19:04:54,19,05/06/2025,19:18:13
M,32.0,98437,17,05/06/2025,19:58:08,21,05/06/2025,20:19:11
M,18.0,60703,19,05/06/2025,19:50:55,24,05/06/2025,19:59:22
F,45.0,79606,20,05/06/2025,19:51:16,3,05/06/2025,20:05:21
M,27.0,19328,21,05/06/2025,19:59:52,13,05/06/2025,20:20:13
M,28.0,85898,22,05/06/2025,19:40:59,24,05/06/2025,19:58:41
F,20.0,22489,22,05/06/2025,19:13:38,18,05/06/2025,19:26:12
M,31.0,66091,23,05/06/2025,19:47:35,2,05/06/2025,20:02:52
M,41.0,96766,24,05/06/2025,19:26:20,20,05/06/2025,19:29:20
F,42.0,40143,3,05/06/2025,20:25:55,23,05/06/2025,20:46:41
M,27.0,33736,4,05/06/2025,20:48:04,3,05/06/2025,21:15:13
M,55.0,78796,4,05/06/2025,20:36:57,10,05/06/2025,21:11:39
F,42.0,85927,5,05/06/2025,20:31:27,20,05/06/2025,20:43:52
M,33.0,26800,6,05/06/2025,20:05:10,1,05/06/2025,20:08:10
F,32.0,87882,7,05/06/2025,20:03:13,2,05/06/2025,20:18:45
M,43.0,17749,8,05/06/2025,20:05:01,6,05/06/2025,20:19:31
M,27.0,20380,9,05/06/2025,20:23:07,14,05/06/2025,20:26:07
F,33.0,92769,10,05/06/2025,20:24:31,14,05/06/2025,20:38:31
M,19.0,25242,11,05/06/2025,20:18:33,6,05/06/2025,20:24:31
M,41.0,51711,16,05/06/2025,20:32:59,6,05/06/2025,20:39:46
M,46.0,53177,18,05/06/2025,20:58:11,9,05/06/2025,21:18:34
F,26.0,52630,20,05/06/2025,20:14:36,4,05/06/2025,20:17:36
M,39.0,27719,21,05/06/2025,20:50:36,8,05/06/2025,20:58:48
M,36.0,26013,21,05/06/2025,20:09:55,17,05/06/2025,20:16:27
F,31.0,9300,23,05/06/2025,20:12:59,22,05/06/2025,20:15:59
F,31.0,76040,24,05/06/2025,20:54:37,14,05/06/2025,21:14:22
M,33.0,21982,2,05/06/2025,21:30:37,11,05/06/2025,22:01:37
F,29.0,17684,2,05/06/2025,21:51:46,8,05/06/2025,22:11:24
M,42.0,6377,3,05/06/2025,21:09:51,6,05/06/2025,21:27:02
M,26.0,52760,14,05/06/2025,21:25:49,15,05/06/2025,21:39:56
F,34.0,27125,15,05/06/2025,21:13:23,14,05/06/2025,21:23:33
M,28.0,15782,16,05/06/2025,21:50:14,8,05/06/2025,22:03:58
M,46.0,13286,18,05/06/2025,21:15:02,17,05/06/2025,21:27:20
M,37.0,59773,19,05/06/2025,21:19:41,16,05/06/2025,21:32:18
M,37.0,75720,21,05/06/2025,21:55:41,18,05/06/2025,22:11:58
M,41.0,99657,22,05/06/2025,21:30:14,21,05/06/2025,21:47:55
M,21.0,90195,8,05/06/2025,22:57:48,17,05/06/2025,23:08:10
M,29.0,21605,11,05/06/2025,22:35:57,17,05/06/2025,22:49:46
F,41.0,83522,17,05/06/2025,22:12:51,15,05/06/2025,22:23:13
F,33.0,36528,21,05/06/2025,22:26:12,23,05/06/2025,22:44:47
F,44.0,22280,10,05/06/2025,23:34:55,4,05/06/2025,23:48:22
M,28.0,39462,10,05/06/2025,23:10:28,17,05/06/2025,23:37:19
F,36.0,18123,16,05/06/2025,23:59:27,12,06/06/2025,00:23:02
F,34.0,56680,18,05/06/2025,23:52:17,3,06/06/2025,00:00:49
F,50.0,59759,21,05/06/2025,23:57:23,16,06/06/2025,00:14:27
M,17.0,89403,3,06/06/2025,00:50:54,13,06/06/2025,01:04:09
F,42.0,36675,9,06/06/2025,00:11:47,21,06/06/2025,00:27:09
F,40.0,48888,14,06/06/2025,00:37:22,20,06/06/2025,00:48:09
F,32.0,46366,18,06/06/2025,00:15:25,2,06/06/2025,00:26:52
F,33.0,80917,19,06/06/2025,00:56:07,10,06/06/2025,01:16:35
F,33.0,3232,19,06/06/2025,00:08:59,3,06/06/2025,00:21:55
F,38.0,45352,10,06/06/2025,01:33:19,20,06/06/2025,01:52:29
M,43.0,76960,10,06/06/2025,01:54:22,9,06/06/2025,02:10:06
F,44.0,31800,2,06/06/2025,02:42:22,18,06/06/2025,02:58:45
M,38.0,79418,3,06/06/2025,02:00:59,5,06/06/2025,02:09:39
M,33.0,40277,4,06/06/2025,02:18:07,18,06/06/2025,02:40:57
F,51.0,4395,13,06/06/2025,02:33:44,17,06/06/2025,02:41:24
M,40.0,38691,8,06/06/2025,03:34:37,1,06/06/2025,03:52:53
M,53.0,84980,12,06/06/2025,03:16:46,8,06/06/2025,03:37:41
M,27.0,50087,12,06/06/2025,03:58:30,11,06/06/2025,04:01:30
F,39.0,24110,22,06/06/2025,03:20:54,17,06/06/2025,03:38:37
F,27.0,51116,3,06/06/2025,04:50:20,16,06/06/2025,05:09:15
M,45.0,30312,5,06/06/2025,04:46:38,21,06/06/2025,05:04:37
F,25.0,50327,10,06/06/2025,04:54:08,23,06/06/2025,04:57:08
M,31.0,72864,16,06/06/2025,04:32:33,17,06/06/2025,04:56:59
M,41.0,92175,20,06/06/2025,04:49:09,11,06/06/2025,05:01:02
M,40.0,22059,1,06/06/2025,05:15:46,21,06/06/2025,05:33:14
F,42.0,12269,3,06/06/2025,05:35:11,19,06/06/2025,05:49:38
M,35.0,62638,3,06/06/2025,05:14:47,4,06/06/2025,05:26:05
M,48.0,2343,5,06/06/2025,05:19:58,15,06/06/2025,05:38:22
F,16.0,82287,6,06/06/2025,05:45:00,23,06/06/2025,06:06:39
M,33.0,45128,8,06/06/2025,05:55:28,4,06/06/2025,06:18:21
M,33.0,5023,12,06/06/2025,05:18:36,8,06/06/2025,05:23:14
M,49.0,41967,17,06/06/2025,05:26:41,13,06/06/2025,05:36:26
F,37.0,24379,17,06/06/2025,05:43:04,8,06/06/2025,05:51:01
F,43.0,99587,20,06/06/2025,05:50:06,23,06/06/2025,06:07:33
M,21.0,42384,2,06/06/2025,06:24:33,3,06/06/2025,06:30:30
M,45.0,60247,2,06/06/2025,06:53:23,7,06/06/2025,07:08:25
M,32.0,22740,4,06/06/2025,06:35:16,12,06/06/2025,06:43:14
M,30.0,37778,4,06/06/2025,06:59:56,9,06/06/2025,07:18:39
F,37.0,19462,5,06/06/2025,06:17:36,3,06/06/2025,06:24:32
M,46.0,63954,6,06/06/2025,06:34:44,11,06/06/2025,06:37:44
M,31.0,84463,6,06/06/2025,06:26:13,3,06/06/2025,06:56:47
M,36.0,60424,9,06/06/2025,06:03:07,10,06/06/2025,06:20:28
F,38.0,52955,13,06/06/2025,06:35:34,18,06/06/2025,06:44:57
M,36.0,13493,13,06/06/2025,06:08:07,23,06/06/2025,06:15:19
F,34.0,19251,13,06/06/2025,06:22:34,24,06/06/2025,06:35:48
M,22.0,92630,14,06/06/2025,06:55:50,9,06/06/2025,07:27:11
M,23.0,81022,14,06/06/2025,06:09:36,9,06/06/2025,06:21:09
M,19.0,64491,15,06/06/2025,06:25:21,3,06/06/2025,06:34:28
M,37.0,69831,17,06/06/2025,06:35:53,13,06/06/2025,06:44:57
F,32.0,89907,19,06/06/2025,06:07:49,10,06/06/2025,06:33:16
M,37.0,98943,21,06/06/2025,06:03:20,18,06/06/2025,06:17:29
M,30.0,21651,23,06/06/2025,06:05:29,14,06/06/2025,06:21:55
M,39.0,49501,24,06/06/2025,06:42:06,15,06/06/2025,07:03:14
M,48.0,15566,1,06/06/2025,07:48:48,16,06/06/2025,08:11:13
M,47.0,60435,2,06/06/2025,07:49:10,3,06/06/2025,07:52:10
M,30.0,75128,3,06/06/2025,07:41:24,10,06/06/2025,08:05:22
M,28.0,40628,3,06/06/2025,07:19:21,10,06/06/2025,07:37:29
M,37.0,66738,3,06/06/2025,07:15:55,15,06/06/2025,07:29:14
M,38.0,14906,3,06/06/2025,07:14:19,22,06/06/2025,07:30:29
F,37.0,78919,4,06/06/2025,07:24:46,9,06/06/2025,07:34:54
F,27.0,79787,4,06/06/2025,07:20:40,9,06/06/2025,07:39:50
F,30.0,70796,4,06/06/2025,07:05:02,15,06/06/2025,07:17:55
F,16.0,91168,5,06/06/2025,07:03:54,10,06/06/2025,07:06:54
M,34.0,67471,5,06/06/2025,07:53:50,13,06/06/2025,08:07:04
M,23.0,88234,6,06/06/2025,07:17:36,12,06/06/2025,07:28:26
F,34.0,20150,6,06/06/2025,07:18:34,7,06/06/2025,07:36:07
M,22.0,27824,6,06/06/2025,07:39:53,22,06/06/2025,08:00:28
M,42.0,28982,6,06/06/2025,07:05:12,12,06/06/2025,07:14:28
F,46.0,91913,6,06/06/2025,07:34:57,24,06/06/2025,07:47:21
M,38.0,50748,7,06/06/2025,07:36:43,11,06/06/2025,07:53:32
F,37.0,43457,8,06/06/2025,07:47:48,9,06/06/2025,07:51:29
F,31.0,99815,10,06/06/2025,07:50:41,22,06/06/2025,08:08:19
M,16.0,18987,11,06/06/2025,07:57:59,6,06/06/2025,08:00:59
M,30.0,8407,12,06/06/2025,07:13:51,16,06/06/2025,07:35:26
M,35.0,13778,14,06/06/2025,07:27:18,19,06/06/2025,07:35:01
M,16.0,20638,15,06/06/2025,07:27:37,17,06/06/2025,07:44:36
F,36.0,74513,15,06/06/2025,07:54:52,19,06/06/2025,08:03:15
F,32.0,53612,15,06/06/2025,07:50:15,8,06/06/2025,08:15:36
F,28.0,33896,15,06/06/2025,07:38:20,10,06/06/2025,07:54:14
F,62.0,52737,16,06/06/2025,07:21:51,17,06/06/2025,07:25:50
F,26.0,64122,16,06/06/2025,07:38:45,7,06/06/2025,07:54:42
M,33.0,74034,18,06/06/2025,07:12:56,17,06/06/2025,07:25:36
F,35.0,22768,18,06/06/2025,07:06:43,17,06/06/2025,07:23:31
M,16.0,60231,19,06/06/2025,07:55:20,18,06/06/2025,08:22:54
M,50.0,81901,19,06/06/2025,07:02:06,4,06/06/2025,07:27:06
M,47.0,2526,20,06/06/2025,07:15:09,15,06/06/2025,07:40:28
M,42.0,32414,20,06/06/2025,07:00:13,5,06/06/2025,07:11:36
F,47.0,72318,21,06/06/2025,07:27:28,16,06/06/2025,07:41:47
F,45.0,45993,22,06/06/2025,07:50:13,23,06/06/2025,07:59:54
F,22.0,70367,24,06/06/2025,07:54:17,20,06/06/2025,08:05:08
M,37.0,64910,1,06/06/2025,08:36:01,4,06/06/2025,08:42:32
M,38.0,60563,1,06/06/2025,08:41:52,4,06/06/2025,09:03:40
M,39.0,55780,1,06/06/2025,08:37:31,2,06/06/2025,08:41:37
M,25.0,72563,1,06/06/2025,08:52:14,5,06/06/2025,09:21:00
M,31.0,78337,2,06/06/2025,08:02:29,22,06/06/2025,08:35:02
M,32.0,35510,3,06/06/2025,08:44:46,9,06/06/2025,08:52:51
F,39.0,38323,3,06/06/2025,08:18:32,16,06/06/2025,08:24:12
F,37.0,37077,4,06/06/2025,08:27:39,6,06/06/2025,08:41:13
M,34.0,88522,4,06/06/2025,08:55:53,6,06/06/2025,09:13:12
M,45.0,80552,5,06/06/2025,08:32:54,4,06/06/2025,08:47:49
M,35.0,36772,6,06/06/2025,08:00:17,11,06/06/2025,08:21:41
F,25.0,62603,7,06/06/2025,08:14:50,11,06/06/2025,08:18:56
F,35.0,66633,8,06/06/2025,08:02:45,12,06/06/2025,08:16:23
M,47.0,12678,8,06/06/2025,08:38:27,11,06/06/2025,09:00:07
M,48.0,84678,8,06/06/2025,08:38:16,14,06/06/2025,08:46:26
M,23.0,27462,10,06/06/2025,08:31:28,22,06/06/2025,08:58:08
F,51.0,37060,11,06/06/2025,08:28:35,1,06/06/2025,08:42:54
F,37.0,10729,11,06/06/2025,08:45:05,20,06/06/2025,09:09:03
F,32.0,3841,11,06/06/2025,08:39:52,14,06/06/2025,08:57:35
M,42.0,53184,11,06/06/2025,08:35:59,7,06/06/2025,08:44:46
M,50.0,42948,12,06/06/2025,08:05:10,2,06/06/2025,08:30:06
M,24.0,85589,13,06/06/2025,08:08:25,8,06/06/2025,08:11:25
F,43.0,99810,13,06/06/2025,08:39:28,8,06/06/2025,08:42:28
F,44.0,30531,16,06/06/2025,08:09:14,14,06/06/2025,08:18:57
F,34.0,32665,17,06/06/2025,08:39:29,23,06/06/2025,08:46:17
F,39.0,11554,17,06/06/2025,08:45:06,4,06/06/2025,09:02:16
F,29.0,8204,18,06/06/2025,08:23:50,7,06/06/2025,08:42:48
M,38.0,60598,18,06/06/2025,08:06:19,2,06/06/2025,08:23:54
F,53.0,2069,18,06/06/2025,08:53:20,13,06/06/2025,09:08:46
M,34.0,26627,18,06/06/2025,08:25:40,17,06/06/2025,08:41:03
M,40.0,1422,21,06/06/2025,08:53:46,15,06/06/2025,09:07:16
M,38.0,81130,21,06/06/2025,08:40:45,15,06/06/2025,09:04:29
F,28.0,9114,21,06/06/2025,08:39:49,8,06/06/2025,09:06:16
M,28.0,91727,23,06/06/2025,08:31:10,17,06/06/2025,08:47:45
F,20.0,11643,24,06/06/2025,08:20:48,16,06/06/2025,08:40:39
F,40.0,17838,1,06/06/2025,09:27:52,7,06/06/2025,09:35:44
F,37.0,15793,2,06/06/2025,09:32:58,1,06/06/2025,09:48:41
M,32.0,9794,3,06/06/2025,09:21:49,18,06/06/2025,09:45:16
F,35.0,80858,3,06/06/2025,09:17:01,11,06/06/2025,09:24:49
M,51.0,86267,3,06/06/2025,09:51:42,18,06/06/2025,09:54:42
M,36.0,4850,3,06/06/2025,09:00:08,21,06/06/2025,09:17:09
M,37.0,85844,4,06/06/2025,09:52:44,7,06/06/2025,10:16:43
M,36.0,18262,5,06/06/2025,09:16:57,8,06/06/2025,09:27:56
F,32.0,78832,5,06/06/2025,09:18:12,18,06/06/2025,09:26:48
F,29.0,86932,6,06/06/2025,09:56:51,8,06/06/2025,10:13:59
F,24.0,66409,7,06/06/2025,09:48:13,9,06/06/2025,10:10:39
F,23.0,32882,10,06/06/2025,09:42:03,20,06/06/2025,09:57:02
F,45.0,10268,12,06/06/2025,09:49:25,21,06/06/2025,10:00:08
F,46.0,99393,13,06/06/2025,09:04:51,15,06/06/2025,09:31:19
M,44.0,29971,13,06/06/2025,09:52:19,4,06/06/2025,09:57:28
M,30.0,88978,14,06/06/2025,09:50:48,20,06/06/2025,10:06:15
M,44.0,62984,16,06/06/2025,09:53:46,18,06/06/2025,10:00:04
F,35.0,40588,16,06/06/2025,09:23:45,11,06/06/2025,09:43:47
F,48.0,53272,16,06/06/2025,09:46:09,7,06/06/2025,10:09:55
M,16.0,52223,17,06/06/2025,09:02:13,22,06/06/2025,09:15:38
M,39.0,65517,17,06/06/2025,09:01:06,13,06/06/2025,09:06:58
F,36.0,53798,17,06/06/2025,09:49:12,22,06/06/2025,10:14:02
M,29.0,7475,17,06/06/2025,09:02:02,16,06/06/2025,09:09:37
M,41.0,73304,18,06/06/2025,09:16:47,7,06/06/2025,09:20:26
M,23.0,50574,20,06/06/2025,09:11:43,19,06/06/2025,09:22:03
M,36.0,65463,20,06/06/2025,09:00:45,9,06/06/2025,09:11:58
M,43.0,95127,21,06/06/2025,09:02:08,5,06/06/2025,09:11:26
M,33.0,20331,23,06/06/2025,09:47:47,18,06/06/2025,10:05:05
M,34.0,25730,23,06/06/2025,09:08:53,6,06/06/2025,09:18:29
M,22.0,87354,2,06/06/2025,10:17:24,13,06/06/2025,10:28:35
M,40.0,56677,3,06/06/2025,10:03:06,1,06/06/2025,10:06:27
M,30.0,24917,4,06/06/2025,10:24:02,9,06/06/2025,10:27:36
M,33.0,33289,4,06/06/2025,10:04:47,7,06/06/2025,10:14:27
M,47.0,99680,5,06/06/2025,10:29:35,4,06/06/2025,10:35:22
M,56.0,75258,6,06/06/2025,10:40:41,7,06/06/2025,10:54:49
M,33.0,57885,7,06/06/2025,10:53:26,9,06/06/2025,11:04:55
M,37.0,54660,8,06/06/2025,10:11:25,11,06/06/2025,10:23:43
M,41.0,61850,9,06/06/2025,10:13:15,20,06/06/2025,10:26:51
M,24.0,60781,10,06/06/2025,10:40:38,6,06/06/2025,11:00:26
M,42.0,20445,11,06/06/2025,10:43:07,14,06/06/2025,10:56:44
M,24.0,19433,11,06/06/2025,10:04:11,17,06/06/2025,10:13:54
M,31.0,44462,11,06/06/2025,10:12:29,22,06/06/2025,10:27:22
M,29.0,62433,16,06/06/2025,10:21:58,18,06/06/2025,10:35:19
M,37.0,16530,17,06/06/2025,10:17:48,23,06/06/2025,10:38:33
M,51.0,41120,17,06/06/2025,10:09:27,21,06/06/2025,10:14:15
M,49.0,61119,17,06/06/2025,10:03:54,15,06/06/2025,10:26:12
M,25.0,81158,18,06/06/2025,10:04:35,8,06/06/2025,10:31:03
F,23.0,78838,20,06/06/2025,10:47:51,16,06/06/2025,10:50:51
M,24.0,6992,20,06/06/2025,10:32:17,19,06/06/2025,10:38:43
M,28.0,31735,21,06/06/2025,10:58:55,3,06/06/2025,11:05:59
M,51.0,57001,23,06/06/2025,10:34:16,1,06/06/2025,10:39:41
M,31.0,52144,1,06/06/2025,11:04:58,4,06/06/2025,11:15:49
M,30.0,40683,8,06/06/2025,11:57:47,3,06/06/2025,12:12:10
F,39.0,70282,10,06/06/2025,11:03:53,15,06/06/2025,11:25:11
M,41.0,33378,13,06/06/2025,11:34:39,23,06/06/2025,11:55:08
M,26.0,1370,16,06/06/2025,11:14:53,9,06/06/2025,11:32:12
M,39.0,92719,22,06/06/2025,11:13:18,9,06/06/2025,11:17:45
F,22.0,7561,5,06/06/2025,12:08:21,4,06/06/2025,12:18:01
M,35.0,66345,10,06/06/2025,12:47:59,1,06/06/2025,13:09:38
M,34.0,48040,16,06/06/2025,12:59:55,17,06/06/2025,13:18:39
M,29.0,94209,18,06/06/2025,12:20:58,12,06/06/2025,12:42:19
M,18.0,69559,22,06/06/2025,12:33:39,12,06/06/2025,12:47:30
M,28.0,18838,8,06/06/2025,13:46:12,3,06/06/2025,13:51:48
M,41.0,33616,9,06/06/2025,13:08:19,12,06/06/2025,13:26:11
M,38.0,89650,18,06/06/2025,13:05:14,3,06/06/2025,13:21:54
F,40.0,19136,24,06/06/2025,13:50:10,23,06/06/2025,14:07:03
M,22.0,27595,4,06/06/2025,14:06:29,3,06/06/2025,14:15:13
M,37.0,8655,16,06/06/2025,14:53:46,23,06/06/2025,15:04:43
M,28.0,37452,16,06/06/2025,14:35:34,23,06/06/2025,14:49:43
F,41.0,67585,17,06/06/2025,14:58:21,16,06/06/2025,15:01:21
F,16.0,96286,22,06/06/2025,14:22:40,3,06/06/2025,14:46:30
M,33.0,67267,23,06/06/2025,14:30:43,21,06/06/2025,14:43:03
F,26.0,51340,24,06/06/2025,14:15:30,20,06/06/2025,14:32:17
M,34.0,67115,5,06/06/2025,15:01:37,18,06/06/2025,15:06:24
M,19.0,42985,18,06/06/2025,15:47:51,16,06/06/2025,16:13:57
M,31.0,59966,1,06/06/2025,16:52:18,4,06/06/2025,17:04:34
F,28.0,55332,1,06/06/2025,16:44:38,2,06/06/2025,17:08:43
F,41.0,7882,3,06/06/2025,16:25:52,4,06/06/2025,16:40:07
M,38.0,41643,4,06/06/2025,16:14:28,2,06/06/2025,16:17:28
F,52.0,82192,6,06/06/2025,16:33:10,12,06/06/2025,16:38:57
F,28.0,68307,8,06/06/2025,16:19:52,17,06/06/2025,16:31:59
M,46.0,22250,9,06/06/2025,16:16:41,18,06/06/2025,16:22:10
M,39.0,63686,9,06/06/2025,16:49:51,3,06/06/2025,17:05:18
M,38.0,2420,10,06/06/2025,16:50:43,16,06/06/2025,17:03:29
M,26.0,97362,13,06/06/2025,16:48:14,8,06/06/2025,17:12:12
F,30.0,23873,14,06/06/2025,16:06:06,15,06/06/2025,16:17:29
F,21.0,10948,14,06/06/2025,16:49:58,15,06/06/2025,17:12:01
M,20.0,96593,14,06/06/2025,16:35:58,1,06/06/2025,16:51:52
M,23.0,10897,14,06/06/2025,16:36:09,9,06/06/2025,16:47:41
M,25.0,52476,15,06/06/2025,16:56:45,20,06/06/2025,17:04:27
F,50.0,69702,16,06/06/2025,16:39:31,6,06/06/2025,16:48:11
M,31.0,66438,16,06/06/2025,16:30:07,23,06/06/2025,16:35:57
M,39.0,8635,16,06/06/2025,16:45:33,17,06/06/2025,17:03:58
M,29.0,51386,17,06/06/2025,16:11:47,2,06/06/2025,16:31:01
M,35.0,99355,18,06/06/2025,16:03:16,11,06/06/2025,16:18:04
M,44.0,27492,21,06/06/2025,16:30:00,23,06/06/2025,16:48:49
M,31.0,98970,21,06/06/2025,16:50:14,3,06/06/2025,17:00:27
F,44.0,74029,22,06/06/2025,16:09:29,9,06/06/2025,16:24:40
M,41.0,94190,23,06/06/2025,16:28:43,22,06/06/2025,16:38:41
M,45.0,90020,1,06/06/2025,17:37:43,21,06/06/2025,17:44:13
F,20.0,20637,2,06/06/2025,17:44:20,1,06/06/2025,18:00:02
M,37.0,69759,2,06/06/2025,17:58:05,23,06/06/2025,18:14:30
M,19.0,61037,3,06/06/2025,17:01:12,9,06/06/2025,17:05:26
F,48.0,79981,3,06/06/2025,17:22:43,19,06/06/2025,17:31:52
F,42.0,13942,4,06/06/2025,17:56:11,15,06/06/2025,18:09:54
M,38.0,3439,5,06/06/2025,17:35:55,3,06/06/2025,17:59:56
F,31.0,35593,5,06/06/2025,17:59:41,22,06/06/2025,18:12:28
F,37.0,86800,6,06/06/2025,17:23:59,15,06/06/2025,17:26:59
M,32.0,10553,6,06/06/2025,17:58:09,13,06/06/2025,18:25:51
M,28.0,88710,6,06/06/2025,17:21:13,21,06/06/2025,17:24:13
M,40.0,4166,7,06/06/2025,17:57:14,17,06/06/2025,18:13:53
M,42.0,88398,7,06/06/2025,17:19:36,13,06/06/2025,17:36:35
F,30.0,63396,7,06/06/2025,17:06:50,6,06/06/2025,17:14:27
M,25.0,76019,8,06/06/2025,17:04:03,4,06/06/2025,17:07:03
M,48.0,17499,9,06/06/2025,17:50:02,13,06/06/2025,18:03:59
F,37.0,33014,9,06/06/2025,17:51:16,14,06/06/2025,18:03:59
M,26.0,74366,11,06/06/2025,17:48:26,1,06/06/2025,17:53:20
M,18.0,25279,12,06/06/2025,17:13:38,6,06/06/2025,17:36:08
F,36.0,90266,12,06/06/2025,17:18:06,1,06/06/2025,17:36:35
F,23.0,25679,12,06/06/2025,17:58:38,11,06/06/2025,18:12:41
F,42.0,23318,16,06/06/2025,17:12:36,15,06/06/2025,17:30:50
F,46.0,63445,16,06/06/2025,17:12:16,17,06/06/2025,17:39:22
F,24.0,61984,17,06/06/2025,17:20:04,3,06/06/2025,17:31:20
M,34.0,34003,17,06/06/2025,17:29:32,13,06/06/2025,17:43:19
M,30.0,71121,18,06/06/2025,17:04:14,8,06/06/2025,17:21:47
M,19.0,63377,19,06/06/2025,17:56:12,14,06/06/2025,18:05:20
F,27.0,95691,19,06/06/2025,17:28:38,16,06/06/2025,17:51:54
F,27.0,48337,20,06/06/2025,17:56:05,9,06/06/2025,18:24:29
M,36.0,72119,21,06/06/2025,17:14:36,14,06/06/2025,17:19:14
F,22.0,92316,21,06/06/2025,17:51:41,1,06/06/2025,18:11:47
M,42.0,91845,22,06/06/2025,17:44:08,16,06/06/2025,17:53:20
M,31.0,3366,22,06/06/2025,17:32:51,11,06/06/2025,17:51:14
M,43.0,49614,22,06/06/2025,17:04:30,24,06/06/2025,17:24:52
F,31.0,28876,22,06/06/2025,17:54:27,18,06/06/2025,18:00:15
M,41.0,98133,22,06/06/2025,17:43:39,15,06/06/2025,18:09:08
M,33.0,80106,22,06/06/2025,17:27:44,23,06/06/2025,17:44:20
F,28.0,94873,23,06/06/2025,17:11:01,13,06/06/2025,17:27:55
M,16.0,66709,2,06/06/2025,18:58:29,13,06/06/2025,19:10:47
F,35.0,70356,2,06/06/2025,18:03:04,4,06/06/2025,18:12:20
F,30.0,90834,3,06/06/2025,18:01:17,12,06/06/2025,18:15:16
M,45.0,31294,3,06/06/2025,18:01:35,22,06/06/2025,18:15:48
M,42.0,59000,4,06/06/2025,18:28:36,8,06/06/2025,18:42:57
F,24.0,84299,4,06/06/2025,18:52:39,20,06/06/2025,19:09:52
M,39.0,46590,6,06/06/2025,18:50:55,24,06/06/2025,19:03:04
F,31.0,46027,8,06/06/2025,18:01:42,9,06/06/2025,18:11:59
F,53.0,28972,8,06/06/2025,18:38:24,4,06/06/2025,19:03:13
M,19.0,55537,8,06/06/2025,18:10:54,22,06/06/2025,18:30:40
M,39.0,52822,9,06/06/2025,18:00:11,3,06/06/2025,18:22:04
F,31.0,83090,10,06/06/2025,18:07:04,9,06/06/2025,18:21:33
M,16.0,74153,11,06/06/2025,18:53:08,16,06/06/2025,19:01:50
M,39.0,93418,11,06/06/2025,18:48:54,6,06/06/2025,19:05:36
F,23.0,87452,13,06/06/2025,18:07:56,8,06/06/2025,18:25:38
F,24.0,14675,13,06/06/2025,18:02:21,2,06/06/2025,18:23:34
F,36.0,60031,13,06/06/2025,18:09:16,6,06/06/2025,18:19:02
M,38.0,30400,14,06/06/2025,18:28:35,6,06/06/2025,18:35:53
F,21.0,75237,14,06/06/2025,18:43:34,18,06/06/2025,18:54:10
F,28.0,70986,16,06/06/2025,18:38:30,1,06/06/2025,18:55:44
M,36.0,20740,16,06/06/2025,18:34:34,17,06/06/2025,18:51:48
M,41.0,14658,17,06/06/2025,18:49:56,23,06/06/2025,18:55:23
M,16.0,97813,17,06/06/2025,18:36:05,24,06/06/2025,18:41:04
M,35.0,88182,17,06/06/2025,18:57:40,16,06/06/2025,19:03:05
M,45.0,91483,17,06/06/2025,18:24:32,12,06/06/2025,18:43:10
M,46.0,14961,18,06/06/2025,18:10:31,8,06/06/2025,18:36:07
F,29.0,57379,18,06/06/2025,18:17:04,21,06/06/2025,18:31:54
F,36.0,84348,19,06/06/2025,18:57:04,22,06/06/2025,19:00:04
M,23.0,63227,19,06/06/2025,18:10:16,18,06/06/2025,18:24:14
M,34.0,46844,21,06/06/2025,18:41:48,18,06/06/2025,18:54:29
F,26.0,75840,21,06/06/2025,18:43:17,12,06/06/2025,18:58:55
M,44.0,96223,21,06/06/2025,18:25:49,6,06/06/2025,18:50:10
F,33.0,17364,21,06/06/2025,18:53:26,18,06/06/2025,19:12:16
F,32.0,96465,22,06/06/2025,18:31:42,23,06/06/2025,18:37:30
F,19.0,96038,22,06/06/2025,18:05:20,14,06/06/2025,18:21:40
F,32.0,50190,22,06/06/2025,18:36:02,6,06/06/2025,18:45:20
F,38.0,89956,22,06/06/2025,18:04:15,5,06/06/2025,18:31:14
M,50.0,67864,1,06/06/2025,19:44:37,10,06/06/2025,20:04:53
F,40.0,9646,1,06/06/2025,19:13:25,2,06/06/2025,19:24:08
F,22.0,71438,2,06/06/2025,19:01:39,20,06/06/2025,19:18:17
M,36.0,99563,3,06/06/2025,19:21:53,6,06/06/2025,19:28:14
M,30.0,41226,3,06/06/2025,19:25:26,9,06/06/2025,19:35:58
F,17.0,91604,4,06/06/2025,19:20:03,7,06/06/2025,19:26:34
M,16.0,46511,4,06/06/2025,19:51:05,3,06/06/2025,19:59:20
F,16.0,90265,4,06/06/2025,19:36:29,13,06/06/2025,19:55:28
M,20.0,28357,4,06/06/2025,19:58:14,2,06/06/2025,20:11:43
M,37.0,54575,5,06/06/2025,19:09:29,11,06/06/2025,19:20:29
F,43.0,16229,5,06/06/2025,19:45:11,10,06/06/2025,19:59:34
F,42.0,86458,6,06/06/2025,19:40:26,14,06/06/2025,19:54:56
M,54.0,71430,6,06/06/2025,19:36:49,11,06/06/2025,19:51:00
F,39.0,35976,8,06/06/2025,19:42:54,18,06/06/2025,20:04:03
F,23.0,90457,9,06/06/2025,19:55:44,7,06/06/2025,20:03:46
F,22.0,94877,10,06/06/2025,19:24:16,4,06/06/2025,19:40:10
F,35.0,71877,10,06/06/2025,19:28:50,4,06/06/2025,19:48:50
M,34.0,20573,11,06/06/2025,19:50:08,21,06/06/2025,20:07:14
F,32.0,78442,12,06/06/2025,19:41:56,10,06/06/2025,19:44:56
F,42.0,71649,12,06/06/2025,19:23:49,18,06/06/2025,19:47:01
F,33.0,94750,13,06/06/2025,19:48:22,24,06/06/2025,19:51:22
M,29.0,43759,13,06/06/2025,19:26:27,11,06/06/2025,19:37:43
F,45.0,18038,15,06/06/2025,19:06:42,20,06/06/2025,19:19:53
M,16.0,88038,15,06/06/2025,19:57:16,20,06/06/2025,20:16:22
M,16.0,32684,15,06/06/2025,19:16:55,6,06/06/2025,19:29:32
F,44.0,67964,16,06/06/2025,19:34:51,17,06/06/2025,19:46:53
M,25.0,20560,16,06/06/2025,19:28:56,13,06/06/2025,19:33:12
M,40.0,64886,17,06/06/2025,19:29:53,21,06/06/2025,19:49:08
F,31.0,50467,18,06/06/2025,19:52:30,24,06/06/2025,19:57:50
M,18.0,24532,19,06/06/2025,19:52:13,14,06/06/2025,20:14:42
M,39.0,2422,21,06/06/2025,19:50:37,10,06/06/2025,20:04:13
M,36.0,60112,22,06/06/2025,19:02:30,7,06/06/2025,19:15:37
M,27.0,15866,22,06/06/2025,19:43:29,19,06/06/2025,20:01:03
F,16.0,79095,24,06/06/2025,19:15:51,20,06/06/2025,19:28:45
M,34.0,71084,1,06/06/2025,20:01:44,20,06/06/2025,20:12:03
F,46.0,65048,1,06/06/2025,20:35:19,7,06/06/2025,20:56:27
F,16.0,13685,1,06/06/2025,20:19:44,5,06/06/2025,20:44:52
M,49.0,61114,2,06/06/2025,20:12:51,1,06/06/2025,20:38:12
F,29.0,69956,4,06/06/2025,20:39:02,16,06/06/2025,20:43:56
M,61.0,33205,4,06/06/2025,20:34:41,1,06/06/2025,20:46:35
M,43.0,16661,4,06/06/2025,20:01:02,1,06/06/2025,20:13:05
M,58.0,12002,5,06/06/2025,20:14:25,4,06/06/2025,20:36:10
M,56.0,36352,5,06/06/2025,20:40:22,14,06/06/2025,20:46:05
M,31.0,4996,6,06/06/2025,20:17:48,17,06/06/2025,20:47:19
M,36.0,98382,8,06/06/2025,20:24:44,3,06/06/2025,20:47:29
M,16.0,95802,10,06/06/2025,20:14:57,13,06/06/2025,20:29:46
F,33.0,81838,10,06/06/2025,20:31:07,22,06/06/2025,20:45:41
F,36.0,46479,12,06/06/2025,20:00:24,16,06/06/2025,20:09:33
F,27.0,58713,13,06/06/2025,20:30:45,19,06/06/2025,20:41:24
M,29.0,35658,16,06/06/2025,20:56:06,3,06/06/2025,21:07:57
M,23.0,64710,16,06/06/2025,20:20:28,12,06/06/2025,20:41:34
M,33.0,15431,17,06/06/2025,20:31:09,5,06/06/2025,20:42:31
F,44.0,81071,19,06/06/2025,20:22:40,7,06/06/2025,20:33:46
M,23.0,94795,20,06/06/2025,20:17:39,15,06/06/2025,20:54:03
F,31.0,84775,20,06/06/2025,20:42:59,24,06/06/2025,20:51:42
F,27.0,55081,21,06/06/2025,20:56:06,16,06/06/2025,21:14:10
M,22.0,34910,21,06/06/2025,20:11:18,16,06/06/2025,20:19:26
M,36.0,93668,24,06/06/2025,20:45:55,2,06/06/2025,21:16:01
F,35.0,99811,24,06/06/2025,20:25:41,7,06/06/2025,20:35:33
M,37.0,76650,24,06/06/2025,20:04:53,16,06/06/2025,20:16:25
M,37.0,52280,2,06/06/2025,21:02:39,3,06/06/2025,21:21:16
M,30.0,90072,3,06/06/2025,21:35:33,12,06/06/2025,21:53:36
F,25.0,62859,11,06/06/2025,21:34:17,22,06/06/2025,21:52:28
M,28.0,50163,12,06/06/2025,21:44:38,22,06/06/2025,21:58:37
F,34.0,99782,12,06/06/2025,21:39:44,8,06/06/2025,21:47:58
F,25.0,44650,12,06/06/2025,21:34:42,13,06/06/2025,21:50:41
F,32.0,40802,15,06/06/2025,21:16:08,14,06/06/2025,21:24:51
F,35.0,67406,15,06/06/2025,21:45:17,10,06/06/2025,21:57:24
M,16.0,62882,19,06/06/2025,21:15:03,3,06/06/2025,21:31:44
M,26.0,26613,20,06/06/2025,21:13:48,19,06/06/2025,21:28:44
M,31.0,96126,2,06/06/2025,22:52:26,8,06/06/2025,23:13:36
M,24.0,54742,13,06/06/2025,22:48:09,19,06/06/2025,23:08:47
F,33.0,2059,16,06/06/2025,22:04:30,6,06/06/2025,22:20:05
M,21.0,25069,16,06/06/2025,22:13:26,7,06/06/2025,22:26:33
M,22.0,27493,19,06/06/2025,22:27:03,14,06/06/2025,22:42:25
M,16.0,12448,1,06/06/2025,23:28:09,3,06/06/2025,23:39:12
M,49.0,59976,1,06/06/2025,23:31:34,12,06/06/2025,23:43:53
F,30.0,33347,3,06/06/2025,23:20:58,4,06/06/2025,23:28:09
M,37.0,84976,6,06/06/2025,23:22:30,24,06/06/2025,23:36:37
F,36.0,67715,10,06/06/2025,23:26:53,7,07/06/2025,00:01:03
F,30.0,15798,14,06/06/2025,23:23:38,24,06/06/2025,23:41:37
M,23.0,43418,14,06/06/2025,23:50:49,23,07/06/2025,00:09:57
M,51.0,59899,2,07/06/2025,00:34:05,10,07/06/2025,00:47:54
M,31.0,49266,2,07/06/2025,00:22:11,9,07/06/2025,00:40:14
M,37.0,3130,5,07/06/2025,00:17:30,19,07/06/2025,00:29:41
M,49.0,98720,10,07/06/2025,00:00:54,1,07/06/2025,00:13:09
M,28.0,15377,15,07/06/2025,00:44:40,5,07/06/2025,00:47:40
M,38.0,77509,18,07/06/2025,00:06:23,23,07/06/2025,00:18:12
F,24.0,48687,18,07/06/2025,00:41:37,11,07/06/2025,01:04:31
M,37.0,28956,21,07/06/2025,00:50:34,22,07/06/2025,01:04:18
M,24.0,28575,24,07/06/2025,00:19:24,1,07/06/2025,00:30:59
M,25.0,33874,1,07/06/2025,01:00:47,4,07/06/2025,01:03:47
M,36.0,87029,8,07/06/2025,01:53:07,3,07/06/2025,02:21:44
M,34.0,73813,9,07/06/2025,01:02:51,14,07/06/2025,01:32:26
M,45.0,44285,9,07/06/2025,01:52:51,1,07/06/2025,02:14:48
F,40.0,68039,11,07/06/2025,01:35:25,19,07/06/2025,01:54:28
M,38.0,33707,14,07/06/2025,01:20:46,23,07/06/2025,01:39:50
F,36.0,8305,15,07/06/2025,01:49:06,23,07/06/2025,02:06:15
F,45.0,7283,18,07/06/2025,01:11:06,15,07/06/2025,01:29:27
M,46.0,1392,22,07/06/2025,01:22:22,18,07/06/2025,01:53:44
M,23.0,63841,23,07/06/2025,01:55:00,21,07/06/2025,02:12:14
M,17.0,71900,3,07/06/2025,02:29:43,13,07/06/2025,02:48:52
F,47.0,72927,5,07/06/2025,02:21:45,2,07/06/2025,02:40:10
M,50.0,61794,9,07/06/2025,02:21:38,4,07/06/2025,02:33:38
F,19.0,39948,10,07/06/2025,02:09:55,5,07/06/2025,02:26:30
M,38.0,71317,11,07/06/2025,02:39:51,6,07/06/2025,02:52:04
M,50.0,32536,13,07/06/2025,02:47:40,14,07/06/2025,02:52:44
M,38.0,3191,14,07/06/2025,02:26:15,8,07/06/2025,02:29:15
M,44.0,84631,15,07/06/2025,02:32:15,21,07/06/2025,02:54:54
M,22.0,21980,15,07/06/2025,02:06:31,19,07/06/2025,02:24:05
F,34.0,14830,18,07/06/2025,02:36:10,4,07/06/2025,02:53:35
M,49.0,25113,19,07/06/2025,02:48:27,18,07/06/2025,03:16:45
M,49.0,32531,19,07/06/2025,02:40:30,17,07/06/2025,03:04:58
F,43.0,87027,7,07/06/2025,03:34:01,6,07/06/2025,03:53:11
M,34.0,68135,8,07/06/2025,03:00:38,12,07/06/2025,03:03:38
M,36.0,76311,10,07/06/2025,03:12:56,1,07/06/2025,03:30:51
F,40.0,86627,15,07/06/2025,03:01:26,24,07/06/2025,03:08:08
F,41.0,12554,15,07/06/2025,03:54:54,7,07/06/2025,04:08:14
M,31.0,97898,17,07/06/2025,03:12:55,19,07/06/2025,03:15:55
M,48.0,35430,18,07/06/2025,03:16:07,3,07/06/2025,03:30:12
M,53.0,15752,20,07/06/2025,03:50:47,17,07/06/2025,04:14:32
F,28.0,44398,20,07/06/2025,03:05:00,15,07/06/2025,03:17:58
F,26.0,62640,3,07/06/2025,04:08:14,9,07/06/2025,04:22:34
M,49.0,22189,6,07/06/2025,04:00:01,21,07/06/2025,04:08:29
F,46.0,73934,10,07/06/2025,04:26:42,18,07/06/2025,04:34:53
M,46.0,32610,11,07/06/2025,04:08:44,2,07/06/2025,04:26:35
M,36.0,56931,11,07/06/2025,04:32:38,8,07/06/2025,04:44:30
M,26.0,4022,13,07/06/2025,04:12:50,4,07/06/2025,04:25:24
M,32.0,95636,17,07/06/2025,04:17:04,20,07/06/2025,04:31:55
M,31.0,41306,20,07/06/2025,04:08:33,15,07/06/2025,04:23:19
M,39.0,58505,21,07/06/2025,04:53:20,1,07/06/2025,05:09:55
M,53.0,65733,1,07/06/2025,05:27:08,8,07/06/2025,05:40:58
M,45.0,35326,2,07/06/2025,05:37:20,7,07/06/2025,05:55:46
M,32.0,58319,5,07/06/2025,05:19:55,7,07/06/2025,05:46:12
M,32.0,23905,6,07/06/2025,05:05:25,23,07/06/2025,05:19:26
M,31.0,68647,8,07/06/2025,05:29:17,23,07/06/2025,05:43:07
F,16.0,25953,17,07/06/2025,05:39:21,16,07/06/2025,05:49:38
F,29.0,26501,18,07/06/2025,05:26:30,4,07/06/2025,05:37:55
F,19.0,34787,21,07/06/2025,05:06:37,16,07/06/2025,05:21:34
M,51.0,70808,22,07/06/2025,05:26:12,21,07/06/2025,05:48:53
F,35.0,62535,2,07/06/2025,06:16:47,8,07/06/2025,06:36:59
M,49.0,96333,3,07/06/2025,06:44:40,7,07/06/2025,06:58:01
M,31.0,71725,3,07/06/2025,06:08:17,15,07/06/2025,06:18:42
F,25.0,15197,4,07/06/2025,06:37:20,7,07/06/2025,06:46:24
F,16.0,10274,11,07/06/2025,06:09:42,16,07/06/2025,06:20:14
F,44.0,13196,11,07/06/2025,06:27:22,15,07/06/2025,06:42:33
M,28.0,84923,13,07/06/2025,06:10:49,14,07/06/2025,06:23:34
F,29.0,55596,15,07/06/2025,06:26:10,10,07/06/2025,06:29:10
M,39.0,56146,17,07/06/2025,06:33:34,5,07/06/2025,06:45:09
M,19.0,89382,18,07/06/2025,06:59:32,14,07/06/2025,07:02:32
M,33.0,41849,20,07/06/2025,06:04:37,18,07/06/2025,06:16:23
F,41.0,15247,21,07/06/2025,06:03:55,17,07/06/2025,06:24:07
F,24.0,71272,23,07/06/2025,06:04:04,24,07/06/2025,06:20:09
F,28.0,64456,24,07/06/2025,06:31:10,20,07/06/2025,06:47:58
M,26.0,17119,2,07/06/2025,07:11:42,20,07/06/2025,07:30:15
F,22.0,28725,2,07/06/2025,07:55:47,7,07/06/2025,08:12:47
M,35.0,73758,2,07/06/2025,07:50:27,4,07/06/2025,08:13:49
M,20.0,31831,2,07/06/2025,07:44:21,1,07/06/2025,08:05:22
M,30.0,51369,14,07/06/2025,07:12:08,15,07/06/2025,07:32:02
M,32.0,13695,15,07/06/2025,07:27:15,12,07/06/2025,07:44:17
F,45.0,72458,18,07/06/2025,07:58:49,21,07/06/2025,08:09:54
F,23.0,88459,21,07/06/2025,07:08:13,16,07/06/2025,07:27:32
M,19.0,67737,22,07/06/2025,07:28:22,18,07/06/2025,07:58:23
F,52.0,1621,2,07/06/2025,08:32:41,6,07/06/2025,08:35:41
M,32.0,99067,5,07/06/2025,08:27:28,22,07/06/2025,09:03:34
M,36.0,30296,9,07/06/2025,08:30:55,14,07/06/2025,08:50:00
F,16.0,78043,11,07/06/2025,08:27:20,10,07/06/2025,08:50:20
M,31.0,70266,15,07/06/2025,08:28:19,5,07/06/2025,08:39:13
M,40.0,23660,16,07/06/2025,08:33:48,17,07/06/2025,08:52:30
M,29.0,49419,21,07/06/2025,08:40:29,24,07/06/2025,09:04:27
M,26.0,14848,23,07/06/2025,08:50:35,12,07/06/2025,09:00:18
M,39.0,12586,2,07/06/2025,09:37:25,17,07/06/2025,09:40:25
F,61.0,83544,3,07/06/2025,09:12:36,8,07/06/2025,09:32:32
M,32.0,46918,3,07/06/2025,09:47:22,8,07/06/2025,10:04:24
M,33.0,89707,3,07/06/2025,09:50:23,10,07/06/2025,09:53:23
F,30.0,58043,5,07/06/2025,09:53:08,10,07/06/2025,10:07:33
F,26.0,78761,7,07/06/2025,09:27:30,8,07/06/2025,09:42:56
F,48.0,71928,8,07/06/2025,09:58:31,3,07/06/2025,10:01:31
F,34.0,64429,9,07/06/2025,09:13:14,15,07/06/2025,09:16:14
M,46.0,6500,10,07/06/2025,09:47:54,13,07/06/2025,10:14:36
M,31.0,11050,11,07/06/2025,09:41:10,15,07/06/2025,09:49:56
M,27.0,31767,11,07/06/2025,09:30:28,5,07/06/2025,09:41:23
F,44.0,48454,11,07/06/2025,09:00:14,9,07/06/2025,09:11:15
M,30.0,18723,15,07/06/2025,09:29:56,6,07/06/2025,09:50:15
M,34.0,19281,16,07/06/2025,09:25:32,23,07/06/2025,09:41:28
M,16.0,8574,17,07/06/2025,09:22:45,23,07/06/2025,09:48:57
F,43.0,35612,19,07/06/2025,09:28:00,17,07/06/2025,09:53:31
M,27.0,9620,21,07/06/2025,09:23:55,13,07/06/2025,09:37:49
M,32.0,12346,22,07/06/2025,09:04:21,16,07/06/2025,09:15:54
F,34.0,99068,3,07/06/2025,10:07:14,10,07/06/2025,10:21:27
F,23.0,99059,3,07/06/2025,10:05:37,8,07/06/2025,10:27:48
M,32.0,84797,4,07/06/2025,10:22:23,21,07/06/2025,10:32:51
F,24.0,31677,4,07/06/2025,10:54:17,10,07/06/2025,11:12:11
F,22.0,92801,6,07/06/2025,10:22:52,23,07/06/2025,10:46:01
M,38.0,65108,6,07/06/2025,10:55:37,16,07/06/2025,11:05:44
M,28.0,6315,6,07/06/2025,10:42:51,14,07/06/2025,10:56:59
F,53.0,32168,9,07/06/2025,10:17:22,19,07/06/2025,10:32:11
F,43.0,7650,11,07/06/2025,10:36:07,3,07/06/2025,10:51:58
M,31.0,60260,11,07/06/2025,10:03:53,2,07/06/2025,10:12:19
M,29.0,31469,11,07/06/2025,10:16:53,13,07/06/2025,10:21:39
F,58.0,66915,12,07/06/2025,10:50:07,14,07/06/2025,11:05:45
M,34.0,37682,12,07/06/2025,10:27:25,22,07/06/2025,10:41:22
M,44.0,12970,15,07/06/2025,10:52:27,22,07/06/2025,11:11:13
M,40.0,26206,15,07/06/2025,10:14:59,9,07/06/2025,10:26:20
F,30.0,74730,16,07/06/2025,10:04:11,21,07/06/2025,10:17:25
F,38.0,25380,17,07/06/2025,10:51:55,15,07/06/2025,11:07:13
M,21.0,45803,17,07/06/2025,10:21:26,12,07/06/2025,10:41:03
F,37.0,78117,19,07/06/2025,10:46:09,24,07/06/2025,11:09:01
M,38.0,63401,19,07/06/2025,10:22:15,20,07/06/2025,10:29:04
F,35.0,6121,19,07/06/2025,10:44:13,6,07/06/2025,10:56:18
M,36.0,16567,19,07/06/2025,10:23:32,18,07/06/2025,10:38:00
F,46.0,11057,21,07/06/2025,10:31:43,22,07/06/2025,10:37:38
M,33.0,32498,1,07/06/2025,11:13:48,14,07/06/2025,11:28:48
M,33.0,21130,2,07/06/2025,11:47:58,6,07/06/2025,12:04:42
M,32.0,99024,3,07/06/2025,11:10:12,6,07/06/2025,11:20:02
F,38.0,29634,3,07/06/2025,11:11:57,9,07/06/2025,11:33:17
M,28.0,34735,4,07/06/2025,11:48:39,2,07/06/2025,12:16:39
F,45.0,49652,4,07/06/2025,11:27:58,14,07/06/2025,11:47:34
F,23.0,29073,4,07/06/2025,11:59:20,16,07/06/2025,12:14:04
F,43.0,78954,4,07/06/2025,11:00:47,17,07/06/2025,11:11:54
F,29.0,45216,5,07/06/2025,11:54:46,2,07/06/2025,12:16:16
F,26.0,93830,8,07/06/2025,11:05:33,9,07/06/2025,11:21:39
M,29.0,39823,8,07/06/2025,11:06:05,5,07/06/2025,11:18:04
M,32.0,91512,10,07/06/2025,11:34:18,19,07/06/2025,11:45:38
M,16.0,16721,11,07/06/2025,11:21:02,1,07/06/2025,11:33:42
M,34.0,51238,11,07/06/2025,11:08:52,21,07/06/2025,11:29:17
M,16.0,46819,12,07/06/2025,11:14:05,22,07/06/2025,11:32:18
M,38.0,67295,12,07/06/2025,11:11:43,1,07/06/2025,11:22:32
M,42.0,64485,13,07/06/2025,11:44:38,17,07/06/2025,11:50:55
M,39.0,7979,15,07/06/2025,11:56:47,6,07/06/2025,12:07:10
M,45.0,31126,18,07/06/2025,11:17:04,23,07/06/2025,11:20:04
M,27.0,36476,19,07/06/2025,11:15:26,14,07/06/2025,11:37:18
M,36.0,8615,19,07/06/2025,11:09:12,18,07/06/2025,11:17:08
F,43.0,50094,19,07/06/2025,11:25:17,9,07/06/2025,11:37:07
F,36.0,46708,21,07/06/2025,11:15:08,20,07/06/2025,11:18:08
F,47.0,48609,21,07/06/2025,11:21:29,22,07/06/2025,11:24:29
F,33.0,81403,22,07/06/2025,11:58:00,12,07/06/2025,12:22:41
M,52.0,15258,1,07/06/2025,12:47:14,7,07/06/2025,13:02:51
F,23.0,69552,1,07/06/2025,12:12:26,2,07/06/2025,12:30:04
F,29.0,38673,1,07/06/2025,12:02:53,2,07/06/2025,12:12:58
F,49.0,33931,2,07/06/2025,12:21:04,6,07/06/2025,12:27:15
M,40.0,97095,2,07/06/2025,12:26:15,23,07/06/2025,12:48:51
F,36.0,19953,3,07/06/2025,12:48:54,15,07/06/2025,13:05:36
M,25.0,90825,4,07/06/2025,12:02:24,7,07/06/2025,12:12:04
M,18.0,3001,4,07/06/2025,12:19:24,1,07/06/2025,12:22:24
F,39.0,31341,5,07/06/2025,12:31:08,12,07/06/2025,12:44:49
F,42.0,67418,5,07/06/2025,12:02:09,9,07/06/2025,12:23:37
M,38.0,21967,7,07/06/2025,12:55:55,9,07/06/2025,13:12:29
F,54.0,31425,8,07/06/2025,12:18:19,23,07/06/2025,12:44:11
M,40.0,25814,8,07/06/2025,12:01:12,5,07/06/2025,12:22:06
M,53.0,43012,9,07/06/2025,12:28:20,16,07/06/2025,12:55:26
M,57.0,70904,9,07/06/2025,12:59:22,15,07/06/2025,13:09:56
F,29.0,50500,10,07/06/2025,12:48:11,1,07/06/2025,13:03:13
F,32.0,9556,10,07/06/2025,12:09:55,4,07/06/2025,12:19:04
M,43.0,58426,12,07/06/2025,12:40:01,16,07/06/2025,12:56:22
M,36.0,5954,12,07/06/2025,12:17:11,15,07/06/2025,12:27:25
F,44.0,10909,12,07/06/2025,12:59:59,7,07/06/2025,13:08:43
F,35.0,67343,13,07/06/2025,12:11:20,12,07/06/2025,12:24:44
M,40.0,52497,14,07/06/2025,12:50:45,20,07/06/2025,13:06:47
M,51.0,57880,14,07/06/2025,12:26:46,12,07/06/2025,12:35:34
F,35.0,44749,14,07/06/2025,12:51:44,10,07/06/2025,13:06:48
M,33.0,29659,15,07/06/2025,12:01:34,23,07/06/2025,12:20:34
M,37.0,22679,16,07/06/2025,12:22:38,22,07/06/2025,12:41:58
M,40.0,4925,16,07/06/2025,12:17:00,22,07/06/2025,12:28:52
M,40.0,91035,16,07/06/2025,12:05:34,17,07/06/2025,12:15:54
M,32.0,73933,17,07/06/2025,12:01:39,18,07/06/2025,12:15:24
F,31.0,76227,18,07/06/2025,12:57:49,13,07/06/2025,13:16:01
F,33.0,22161,18,07/06/2025,12:41:23,12,07/06/2025,13:03:41
F,37.0,14288,18,07/06/2025,12:32:19,13,07/06/2025,12:51:52
M,38.0,71231,19,07/06/2025,12:04:19,23,07/06/2025,12:15:05
F,39.0,72197,19,07/06/2025,12:39:55,9,07/06/2025,13:04:30
F,42.0,51145,20,07/06/2025,12:39:19,19,07/06/2025,12:58:21
F,48.0,85052,20,07/06/2025,12:09:00,18,07/06/2025,12:36:00
M,50.0,99181,21,07/06/2025,12:56:18,19,07/06/2025,13:09:36
F,55.0,81295,21,07/06/2025,12:37:19,10,07/06/2025,12:45:25
F,41.0,25513,23,07/06/2025,12:17:38,17,07/06/2025,12:43:54
M,37.0,42628,24,07/06/2025,12:13:13,23,07/06/2025,12:33:28
M,37.0,16736,3,07/06/2025,13:48:13,8,07/06/2025,13:54:05
M,36.0,66812,5,07/06/2025,13:18:48,4,07/06/2025,13:50:43
M,41.0,51712,5,07/06/2025,13:06:58,15,07/06/2025,13:09:58
F,41.0,59057,6,07/06/2025,13:24:19,1,07/06/2025,13:40:33
M,48.0,47505,6,07/06/2025,13:12:00,18,07/06/2025,13:17:03
F,28.0,71423,9,07/06/2025,13:25:02,15,07/06/2025,13:41:13
M,36.0,19585,10,07/06/2025,13:46:42,3,07/06/2025,14:04:30
F,41.0,15062,10,07/06/2025,13:20:20,20,07/06/2025,13:31:52
M,29.0,23898,10,07/06/2025,13:10:13,19,07/06/2025,13:23:57
M,28.0,52961,10,07/06/2025,13:04:14,8,07/06/2025,13:14:05
M,42.0,20762,11,07/06/2025,13:50:52,7,07/06/2025,14:11:47
M,34.0,64532,11,07/06/2025,13:39:50,7,07/06/2025,14:04:02
M,24.0,10398,13,07/06/2025,13:05:30,1,07/06/2025,13:22:00
M,29.0,5711,13,07/06/2025,13:43:08,14,07/06/2025,13:53:39
M,30.0,64881,13,07/06/2025,13:30:29,12,07/06/2025,13:47:50
M,28.0,94573,14,07/06/2025,13:22:53,17,07/06/2025,13:39:09
M,32.0,83395,15,07/06/2025,13:42:47,21,07/06/2025,14:09:42
F,39.0,16826,16,07/06/2025,13:32:15,6,07/06/2025,13:52:26
F,20.0,44972,16,07/06/2025,13:17:05,21,07/06/2025,13:22:26
F,37.0,89835,16,07/06/2025,13:29:02,17,07/06/2025,13:39:02
M,34.0,56289,17,07/06/2025,13:14:41,8,07/06/2025,13:22:42
M,20.0,35321,18,07/06/2025,13:01:34,13,07/06/2025,13:04:34
M,31.0,32408,18,07/06/2025,13:21:55,22,07/06/2025,13:33:37
M,35.0,26730,18,07/06/2025,13:29:28,11,07/06/2025,13:32:30
F,54.0,47855,19,07/06/2025,13:24:12,15,07/06/2025,13:37:25
M,28.0,24476,19,07/06/2025,13:28:14,14,07/06/2025,13:35:26
M,39.0,84512,21,07/06/2025,13:27:34,11,07/06/2025,13:34:44
F,34.0,85710,23,07/06/2025,13:17:31,24,07/06/2025,13:43:34
F,16.0,3593,24,07/06/2025,13:51:10,23,07/06/2025,13:58:18
F,25.0,81544,3,07/06/2025,14:12:54,10,07/06/2025,14:27:52
M,20.0,71566,4,07/06/2025,14:33:54,10,07/06/2025,14:36:54
M,53.0,63616,4,07/06/2025,14:47:20,6,07/06/2025,15:14:20
F,29.0,82177,4,07/06/2025,14:49:35,10,07/06/2025,15:01:04
M,31.0,7823,5,07/06/2025,14:52:01,15,07/06/2025,15:04:22
M,28.0,39099,5,07/06/2025,14:54:25,14,07/06/2025,15:03:47
M,29.0,89899,5,07/06/2025,14:26:00,20,07/06/2025,14:48:24
M,21.0,81375,6,07/06/2025,14:44:47,15,07/06/2025,14:47:47
M,31.0,85679,7,07/06/2025,14:14:59,22,07/06/2025,14:30:26
M,33.0,70447,7,07/06/2025,14:02:06,14,07/06/2025,14:19:19
M,55.0,6354,8,07/06/2025,14:43:06,12,07/06/2025,14:49:07
M,24.0,44638,9,07/06/2025,14:55:42,8,07/06/2025,14:58:42
F,41.0,42064,11,07/06/2025,14:47:22,21,07/06/2025,15:11:17
M,47.0,2799,11,07/06/2025,14:20:42,14,07/06/2025,14:34:31
M,24.0,17839,12,07/06/2025,14:23:22,7,07/06/2025,14:35:49
M,38.0,79483,13,07/06/2025,14:43:40,10,07/06/2025,14:58:48
M,39.0,20257,13,07/06/2025,14:04:40,22,07/06/2025,14:26:38
F,45.0,12923,13,07/06/2025,14:14:45,16,07/06/2025,14:22:03
M,39.0,26828,14,07/06/2025,14:35:08,20,07/06/2025,14:38:08
F,22.0,58641,14,07/06/2025,14:24:34,9,07/06/2025,14:39:41
M,41.0,78964,14,07/06/2025,14:12:24,13,07/06/2025,14:27:23
M,36.0,61261,16,07/06/2025,14:28:20,18,07/06/2025,14:46:28
M,35.0,97067,16,07/06/2025,14:11:06,13,07/06/2025,14:24:44
M,16.0,21603,16,07/06/2025,14:51:26,6,07/06/2025,15:02:47
M,33.0,42282,19,07/06/2025,14:36:20,20,07/06/2025,14:41:11
M,38.0,33389,20,07/06/2025,14:52:30,12,07/06/2025,15:07:46
M,21.0,41864,20,07/06/2025,14:36:58,19,07/06/2025,14:50:11
M,30.0,52579,21,07/06/2025,14:38:56,24,07/06/2025,14:51:27
M,39.0,2875,21,07/06/2025,14:55:33,17,07/06/2025,15:05:22
M,50.0,25686,22,07/06/2025,14:34:37,16,07/06/2025,14:53:15
F,33.0,66445,22,07/06/2025,14:51:22,16,07/06/2025,15:04:26
M,21.0,13543,2,07/06/2025,15:25:06,5,07/06/2025,15:35:01
M,22.0,84266,2,07/06/2025,15:26:14,6,07/06/2025,15:34:51
M,30.0,48448,2,07/06/2025,15:54:25,10,07/06/2025,16:07:15
M,27.0,58138,2,07/06/2025,15:00:36,9,07/06/2025,15:23:44
F,34.0,57008,2,07/06/2025,15:01:48,8,07/06/2025,15:25:26
M,26.0,76465,2,07/06/2025,15:41:50,10,07/06/2025,15:57:10
M,48.0,75449,3,07/06/2025,15:36:26,1,07/06/2025,15:59:15
F,38.0,73382,3,07/06/2025,15:34:11,4,07/06/2025,15:57:51
M,48.0,71458,3,07/06/2025,15:28:32,11,07/06/2025,15:46:25
M,37.0,47384,5,07/06/2025,15:32:32,10,07/06/2025,15:35:32
F,38.0,47172,8,07/06/2025,15:26:39,3,07/06/2025,15:43:49
M,25.0,64069,8,07/06/2025,15:07:09,9,07/06/2025,15:10:09
M,46.0,39518,9,07/06/2025,15:55:17,14,07/06/2025,16:01:10
M,23.0,27015,11,07/06/2025,15:00:37,7,07/06/2025,15:17:23
M,26.0,23013,12,07/06/2025,15:28:51,18,07/06/2025,15:51:04
F,34.0,27084,12,07/06/2025,15:42:18,23,07/06/2025,15:52:10
M,32.0,98490,13,07/06/2025,15:44:21,6,07/06/2025,16:05:11
M,21.0,67446,13,07/06/2025,15:59:47,22,07/06/2025,16:11:06
F,26.0,18256,14,07/06/2025,15:47:41,4,07/06/2025,16:09:42
M,27.0,78486,14,07/06/2025,15:50:19,13,07/06/2025,16:07:37
M,51.0,81343,15,07/06/2025,15:55:08,18,07/06/2025,16:09:32
F,31.0,68371,16,07/06/2025,15:33:16,22,07/06/2025,15:52:02
M,48.0,18011,17,07/06/2025,15:30:56,22,07/06/2025,15:52:27
M,33.0,75039,17,07/06/2025,15:44:36,12,07/06/2025,16:01:47
F,38.0,52418,17,07/06/2025,15:08:47,12,07/06/2025,15:22:26
F,19.0,91041,18,07/06/2025,15:57:03,15,07/06/2025,16:12:57
M,21.0,28272,18,07/06/2025,15:40:13,12,07/06/2025,15:58:34
F,28.0,5790,18,07/06/2025,15:18:08,16,07/06/2025,15:21:08
F,55.0,63826,19,07/06/2025,15:34:14,18,07/06/2025,15:50:51
M,34.0,77961,19,07/06/2025,15:50:35,20,07/06/2025,16:12:45
M,34.0,13563,19,07/06/2025,15:53:42,15,07/06/2025,15:58:20
M,32.0,20945,19,07/06/2025,15:34:34,13,07/06/2025,15:48:45
M,37.0,57610,19,07/06/2025,15:33:13,24,07/06/2025,15:46:10
M,42.0,8589,21,07/06/2025,15:19:38,2,07/06/2025,15:48:01
M,30.0,64830,21,07/06/2025,15:48:01,1,07/06/2025,16:00:10
M,52.0,75560,21,07/06/2025,15:27:57,15,07/06/2025,15:37:13
M,35.0,81755,21,07/06/2025,15:22:28,18,07/06/2025,15:39:15
M,35.0,28676,22,07/06/2025,15:51:50,7,07/06/2025,16:06:52
F,45.0,99733,23,07/06/2025,15:09:12,12,07/06/2025,15:29:01
M,42.0,78522,23,07/06/2025,15:05:08,21,07/06/2025,15:18:51
M,24.0,76463,23,07/06/2025,15:52:09,17,07/06/2025,16:17:14
M,38.0,37378,23,07/06/2025,15:26:05,18,07/06/2025,15:49:02
F,37.0,14103,23,07/06/2025,15:12:13,1,07/06/2025,15:41:44
F,36.0,94012,1,07/06/2025,16:43:56,17,07/06/2025,16:47:45
F,43.0,51004,2,07/06/2025,16:37:38,19,07/06/2025,16:49:22
F,32.0,71656,3,07/06/2025,16:48:53,1,07/06/2025,17:06:20
M,36.0,82738,6,07/06/2025,16:13:05,5,07/06/2025,16:47:34
F,26.0,60794,6,07/06/2025,16:52:17,13,07/06/2025,17:00:52
F,36.0,27022,6,07/06/2025,16:45:29,10,07/06/2025,16:57:43
F,32.0,85389,6,07/06/2025,16:46:56,1,07/06/2025,17:04:02
M,16.0,19621,7,07/06/2025,16:05:18,6,07/06/2025,16:21:40
M,45.0,70605,7,07/06/2025,16:27:00,8,07/06/2025,16:42:57
M,45.0,75694,8,07/06/2025,16:15:46,22,07/06/2025,16:32:39
F,23.0,52304,10,07/06/2025,16:49:00,9,07/06/2025,17:03:25
F,42.0,81662,10,07/06/2025,16:46:20,7,07/06/2025,16:55:39
F,34.0,49690,10,07/06/2025,16:54:03,23,07/06/2025,17:05:50
F,36.0,57629,11,07/06/2025,16:31:35,22,07/06/2025,16:47:49
M,31.0,22664,11,07/06/2025,16:38:09,16,07/06/2025,16:47:17
F,20.0,12198,13,07/06/2025,16:59:15,15,07/06/2025,17:13:01
F,23.0,89476,15,07/06/2025,16:48:26,14,07/06/2025,17:01:45
M,16.0,42830,16,07/06/2025,16:06:27,21,07/06/2025,16:27:28
M,42.0,77926,17,07/06/2025,16:14:10,12,07/06/2025,16:23:07
M,47.0,63848,17,07/06/2025,16:38:41,22,07/06/2025,16:52:37
F,42.0,66968,19,07/06/2025,16:47:56,18,07/06/2025,17:00:58
F,49.0,32096,19,07/06/2025,16:58:17,21,07/06/2025,17:14:23
F,22.0,23495,19,07/06/2025,16:03:39,22,07/06/2025,16:18:01
F,21.0,86346,20,07/06/2025,16:13:36,18,07/06/2025,16:36:16
M,35.0,85364,20,07/06/2025,16:20:20,13,07/06/2025,16:25:00
M,40.0,36234,20,07/06/2025,16:40:58,6,07/06/2025,17:01:24
M,23.0,62605,21,07/06/2025,16:01:48,18,07/06/2025,16:14:34
F,29.0,14322,21,07/06/2025,16:04:43,16,07/06/2025,16:24:50
F,45.0,57889,21,07/06/2025,16:17:22,2,07/06/2025,16:28:59
M,45.0,85173,22,07/06/2025,16:27:35,23,07/06/2025,16:39:30
F,26.0,24091,24,07/06/2025,16:44:26,9,07/06/2025,16:57:23
F,37.0,2985,3,07/06/2025,17:08:06,9,07/06/2025,17:28:31
F,38.0,12039,4,07/06/2025,17:57:06,19,07/06/2025,18:15:55
M,30.0,50349,4,07/06/2025,17:02:12,6,07/06/2025,17:13:12
M,26.0,14352,4,07/06/2025,17:17:35,11,07/06/2025,17:23:47
M,39.0,92088,4,07/06/2025,17:26:59,2,07/06/2025,17:38:50
F,45.0,48810,5,07/06/2025,17:51:12,12,07/06/2025,18:03:23
M,36.0,90020,6,07/06/2025,17:39:57,12,07/06/2025,17:52:06
F,39.0,33155,7,07/06/2025,17:09:40,6,07/06/2025,17:24:54
M,32.0,8662,9,07/06/2025,17:39:49,15,07/06/2025,17:43:44
M,27.0,73188,10,07/06/2025,17:42:55,18,07/06/2025,18:13:24
M,31.0,35998,11,07/06/2025,17:17:15,16,07/06/2025,17:24:08
M,34.0,87651,11,07/06/2025,17:02:13,16,07/06/2025,17:12:32
F,33.0,66604,11,07/06/2025,17:55:16,10,07/06/2025,18:18:52
M,39.0,16090,11,07/06/2025,17:40:39,16,07/06/2025,18:02:26
F,30.0,67371,12,07/06/2025,17:28:12,11,07/06/2025,17:47:21
M,43.0,17584,16,07/06/2025,17:43:36,19,07/06/2025,18:06:34
M,34.0,85760,19,07/06/2025,17:57:04,14,07/06/2025,18:18:36
M,36.0,92919,19,07/06/2025,17:26:46,18,07/06/2025,17:50:36
F,34.0,55416,21,07/06/2025,17:37:37,3,07/06/2025,17:43:34
M,32.0,33713,23,07/06/2025,17:03:50,21,07/06/2025,17:13:49
F,52.0,32866,24,07/06/2025,17:38:15,6,07/06/2025,17:41:39
M,35.0,39128,1,07/06/2025,18:18:29,6,07/06/2025,18:21:29
M,32.0,78726,4,07/06/2025,18:28:57,7,07/06/2025,18:43:28
F,55.0,28810,4,07/06/2025,18:57:17,7,07/06/2025,19:11:08
M,38.0,3190,7,07/06/2025,18:00:16,8,07/06/2025,18:14:28
F,40.0,12975,8,07/06/2025,18:12:16,14,07/06/2025,18:26:02
F,16.0,73508,9,07/06/2025,18:01:51,13,07/06/2025,18:18:58
F,33.0,8104,10,07/06/2025,18:19:21,5,07/06/2025,18:31:32
M,37.0,84061,16,07/06/2025,18:24:04,9,07/06/2025,18:47:37
F,30.0,14350,16,07/06/2025,18:44:04,13,07/06/2025,19:02:23
M,30.0,42354,17,07/06/2025,18:07:11,19,07/06/2025,18:13:42
M,44.0,16305,18,07/06/2025,18:36:37,19,07/06/2025,18:53:49
M,24.0,80300,18,07/06/2025,18:41:58,13,07/06/2025,18:56:47
M,49.0,83023,21,07/06/2025,18:11:27,3,07/06/2025,18:22:40
F,48.0,99970,21,07/06/2025,18:14:22,7,07/06/2025,18:42:46
F,47.0,80704,21,07/06/2025,18:37:26,11,07/06/2025,18:50:40
F,20.0,64035,1,07/06/2025,19:41:50,7,07/06/2025,19:55:09
M,47.0,39808,1,07/06/2025,19:38:10,19,07/06/2025,20:09:17
M,24.0,27462,1,07/06/2025,19:42:45,15,07/06/2025,19:53:19
M,32.0,22182,2,07/06/2025,19:30:18,19,07/06/2025,19:41:48
M,53.0,85627,2,07/06/2025,19:10:47,11,07/06/2025,19:16:24
M,30.0,15115,2,07/06/2025,19:57:16,12,07/06/2025,20:09:30
F,25.0,95536,8,07/06/2025,19:13:32,3,07/06/2025,19:27:51
M,32.0,6933,9,07/06/2025,19:42:36,12,07/06/2025,19:51:38
M,52.0,47598,10,07/06/2025,19:27:59,13,07/06/2025,19:54:35
M,46.0,4580,14,07/06/2025,19:20:04,19,07/06/2025,19:30:11
M,33.0,95446,16,07/06/2025,19:13:37,2,07/06/2025,19:18:03
M,46.0,52528,16,07/06/2025,19:58:14,24,07/06/2025,20:17:23
F,25.0,98155,17,07/06/2025,19:02:21,5,07/06/2025,19:16:43
F,42.0,34216,20,07/06/2025,19:07:02,3,07/06/2025,19:21:47
M,42.0,66343,21,07/06/2025,19:31:04,23,07/06/2025,19:36:21
M,37.0,97443,21,07/06/2025,19:41:02,7,07/06/2025,20:04:27
F,36.0,23194,22,07/06/2025,19:50:13,19,07/06/2025,19:58:49
M,26.0,34279,1,07/06/2025,20:45:01,14,07/06/2025,20:53:26
M,39.0,44845,3,07/06/2025,20:45:38,16,07/06/2025,20:52:05
F,31.0,81421,4,07/06/2025,20:03:29,19,07/06/2025,20:15:33
F,36.0,22862,6,07/06/2025,20:47:35,5,07/06/2025,21:03:04
M,33.0,44620,6,07/06/2025,20:47:26,1,07/06/2025,21:10:36
M,55.0,76474,11,07/06/2025,20:22:51,21,07/06/2025,20:43:53
M,16.0,50835,14,07/06/2025,20:19:58,6,07/06/2025,20:33:54
M,18.0,89640,20,07/06/2025,20:59:06,24,07/06/2025,21:23:49
F,37.0,4720,1,07/06/2025,21:08:21,18,07/06/2025,21:20:21
F,20.0,50833,2,07/06/2025,21:52:01,1,07/06/2025,22:15:41
F,54.0,5213,2,07/06/2025,21:40:21,8,07/06/2025,21:43:21
F,34.0,16812,5,07/06/2025,21:38:02,14,07/06/2025,21:55:47
M,34.0,17252,7,07/06/2025,21:40:59,23,07/06/2025,21:58:48
F,30.0,94699,8,07/06/2025,21:00:10,1,07/06/2025,21:19:42
M,27.0,68589,11,07/06/2025,21:07:17,22,07/06/2025,21:25:35
M,61.0,86600,14,07/06/2025,21:50:24,9,07/06/2025,22:10:44
F,46.0,68767,16,07/06/2025,21:24:13,23,07/06/2025,21:38:36
M,23.0,84295,21,07/06/2025,21:45:44,10,07/06/2025,22:18:11
M,44.0,63819,2,07/06/2025,22:35:21,14,07/06/2025,22:43:29
M,51.0,37005,5,07/06/2025,22:46:07,19,07/06/2025,22:59:14
M,36.0,42023,5,07/06/2025,22:22:02,2,07/06/2025,22:36:45
F,25.0,34785,11,07/06/2025,22:48:54,13,07/06/2025,23:10:54
F,40.0,75227,11,07/06/2025,22:44:47,4,07/06/2025,22:57:44
M,37.0,70759,12,07/06/2025,22:49:40,13,07/06/2025,23:15:34
M,29.0,91271,19,07/06/2025,22:39:04,6,07/06/2025,23:01:59
F,32.0,68797,20,07/06/2025,22:37:38,9,07/06/2025,22:57:45
F,37.0,72445,21,07/06/2025,22:55:43,24,07/06/2025,23:20:06
F,28.0,15485,22,07/06/2025,22:49:52,23,07/06/2025,23:01:22
M,56.0,25361,1,07/06/2025,23:17:13,12,07/06/2025,23:40:50
F,47.0,72212,2,07/06/2025,23:42:09,17,07/06/2025,23:53:22
F,43.0,1743,8,07/06/2025,23:03:38,4,07/06/2025,23:29:46
F,38.0,39343,10,07/06/2025,23:18:50,6,07/06/2025,23:35:56
F,34.0,34329,10,07/06/2025,23:46:36,3,08/06/2025,00:00:33
F,23.0,7875,12,07/06/2025,23:11:11,8,07/06/2025,23:19:58
F,33.0,40467,17,07/06/2025,23:32:35,21,07/06/2025,23:49:50
F,20.0,62769,22,07/06/2025,23:30:42,23,07/06/2025,23:33:42
M,30.0,25199,22,07/06/2025,23:35:59,9,07/06/2025,23:47:40
M,31.0,61929,2,08/06/2025,00:37:35,20,08/06/2025,00:49:47
M,38.0,82097,3,08/06/2025,00:52:20,20,08/06/2025,00:56:08
M,34.0,94335,4,08/06/2025,00:39:24,5,08/06/2025,00:53:20
M,25.0,86090,9,08/06/2025,00:30:16,5,08/06/2025,00:46:25
M,39.0,55285,12,08/06/2025,00:55:03,9,08/06/2025,01:07:03
M,19.0,90712,14,08/06/2025,00:58:33,9,08/06/2025,01:10:01
M,27.0,90992,17,08/06/2025,00:16:07,18,08/06/2025,00:24:35
M,29.0,62334,18,08/06/2025,00:17:33,14,08/06/2025,00:38:29
M,33.0,28937,18,08/06/2025,00:44:56,14,08/06/2025,01:05:06
F,52.0,94316,20,08/06/2025,00:31:06,17,08/06/2025,00:48:42
M,49.0,64479,1,08/06/2025,01:56:40,14,08/06/2025,02:08:16
M,28.0,82832,2,08/06/2025,01:27:07,13,08/06/2025,01:45:21
F,57.0,51628,5,08/06/2025,01:14:38,18,08/06/2025,01:23:34
F,36.0,39067,7,08/06/2025,01:02:40,20,08/06/2025,01:16:22
M,32.0,11425,10,08/06/2025,01:01:32,9,08/06/2025,01:25:18
M,37.0,47915,11,08/06/2025,01:12:39,19,08/06/2025,01:20:33
M,20.0,60302,13,08/06/2025,01:33:51,19,08/06/2025,01:49:49
F,29.0,6198,16,08/06/2025,01:24:51,23,08/06/2025,01:56:23
M,49.0,88129,17,08/06/2025,01:01:39,23,08/06/2025,01:21:20
M,25.0,94597,17,08/06/2025,01:22:01,21,08/06/2025,01:29:15
M,32.0,75632,22,08/06/2025,01:50:53,21,08/06/2025,02:12:08
M,41.0,49404,1,08/06/2025,02:58:09,3,08/06/2025,03:04:43
F,29.0,20510,1,08/06/2025,02:50:37,2,08/06/2025,03:05:37
M,20.0,17021,2,08/06/2025,02:09:51,21,08/06/2025,02:34:09
M,45.0,4867,2,08/06/2025,02:20:50,16,08/06/2025,02:34:21
M,47.0,49987,14,08/06/2025,02:35:51,4,08/06/2025,02:46:44
M,36.0,39932,15,08/06/2025,02:49:30,14,08/06/2025,02:56:04
M,52.0,98908,16,08/06/2025,02:02:00,11,08/06/2025,02:05:44
F,20.0,84020,17,08/06/2025,02:11:34,16,08/06/2025,02:26:55
M,34.0,31020,19,08/06/2025,02:04:49,2,08/06/2025,02:25:51
F,28.0,18499,9,08/06/2025,03:29:55,13,08/06/2025,04:00:28
M,33.0,50271,10,08/06/2025,03:38:54,21,08/06/2025,03:45:00
M,16.0,35925,12,08/06/2025,03:07:17,21,08/06/2025,03:20:18
F,40.0,61556,13,08/06/2025,03:29:13,10,08/06/2025,03:34:57
F,43.0,53306,13,08/06/2025,03:58:04,2,08/06/2025,04:01:04
M,26.0,18330,16,08/06/2025,03:20:08,18,08/06/2025,03:32:26
F,35.0,49975,17,08/06/2025,03:50:47,16,08/06/2025,03:53:47
M,52.0,49353,21,08/06/2025,03:31:08,16,08/06/2025,03:42:46
F,33.0,60273,3,08/06/2025,04:30:41,7,08/06/2025,04:42:56
M,29.0,91499,3,08/06/2025,04:31:25,13,08/06/2025,04:46:54
F,26.0,86050,3,08/06/2025,04:03:44,11,08/06/2025,04:16:38
M,20.0,33020,3,08/06/2025,04:20:11,23,08/06/2025,04:25:18
F,43.0,42518,6,08/06/2025,04:46:23,11,08/06/2025,04:58:44
F,18.0,65979,7,08/06/2025,04:55:36,12,08/06/2025,05:00:32
F,31.0,46465,8,08/06/2025,04:30:25,19,08/06/2025,04:36:53
M,30.0,47019,10,08/06/2025,04:04:52,5,08/06/2025,04:12:53
F,21.0,61355,10,08/06/2025,04:05:24,15,08/06/2025,04:10:10
M,29.0,65928,12,08/06/2025,04:47:22,7,08/06/2025,05:05:58
M,35.0,95978,15,08/06/2025,04:54:08,5,08/06/2025,04:57:55
F,30.0,61039,17,08/06/2025,04:45:51,18,08/06/2025,05:04:09
F,24.0,21227,21,08/06/2025,04:57:07,23,08/06/2025,05:23:53
F,37.0,80322,22,08/06/2025,04:05:43,11,08/06/2025,04:15:31
M,31.0,71872,2,08/06/2025,05:06:59,11,08/06/2025,05:13:02
F,26.0,57142,4,08/06/2025,05:15:06,14,08/06/2025,05:27:13
M,24.0,30858,11,08/06/2025,05:54:37,24,08/06/2025,05:58:47
M,26.0,18402,11,08/06/2025,05:40:09,22,08/06/2025,05:51:40
M,43.0,8097,11,08/06/2025,05:57:52,16,08/06/2025,06:12:44
M,36.0,92847,14,08/06/2025,05:36:46,10,08/06/2025,05:56:48
M,30.0,65474,17,08/06/2025,05:28:53,16,08/06/2025,05:34:00
M,28.0,67006,18,08/06/2025,05:13:37,19,08/06/2025,05:37:44
M,23.0,72380,20,08/06/2025,05:57:40,17,08/06/2025,06:11:43
M,35.0,50075,7,08/06/2025,06:08:20,4,08/06/2025,06:33:30
F,34.0,9183,8,08/06/2025,06:44:28,5,08/06/2025,07:05:05
M,39.0,48618,8,08/06/2025,06:39:50,7,08/06/2025,06:45:28
F,37.0,9827,12,08/06/2025,06:21:29,16,08/06/2025,06:26:30
M,38.0,80511,15,08/06/2025,06:31:10,3,08/06/2025,06:37:37
F,31.0,59456,17,08/06/2025,06:49:23,21,08/06/2025,06:58:23
F,34.0,46815,24,08/06/2025,06:11:50,17,08/06/2025,06:34:06
M,35.0,63760,1,08/06/2025,07:58:10,13,08/06/2025,08:29:44
F,40.0,95016,1,08/06/2025,07:48:23,11,08/06/2025,08:00:49
F,23.0,92107,3,08/06/2025,07:52:59,2,08/06/2025,08:03:59
M,29.0,34787,4,08/06/2025,07:16:01,9,08/06/2025,07:29:31
F,20.0,16877,13,08/06/2025,07:45:22,14,08/06/2025,08:16:18
F,51.0,50760,15,08/06/2025,07:36:25,20,08/06/2025,08:00:04
M,33.0,9336,15,08/06/2025,07:12:30,8,08/06/2025,07:34:47
F,33.0,91121,16,08/06/2025,07:08:53,17,08/06/2025,07:23:53
M,41.0,15479,18,08/06/2025,07:38:44,21,08/06/2025,07:59:35
F,40.0,87008,19,08/06/2025,07:33:04,24,08/06/2025,07:47:37
F,37.0,5106,21,08/06/2025,07:24:40,11,08/06/2025,07:27:40
F,26.0,74640,22,08/06/2025,07:24:41,21,08/06/2025,07:31:47
M,34.0,48892,2,08/06/2025,08:41:26,4,08/06/2025,08:54:05
M,46.0,16202,3,08/06/2025,08:10:41,10,08/06/2025,08:17:44
M,54.0,77650,3,08/06/2025,08:19:36,17,08/06/2025,08:28:15
M,18.0,45484,4,08/06/2025,08:16:55,22,08/06/2025,08:40:58
F,19.0,8487,5,08/06/2025,08:56:11,4,08/06/2025,09:11:08
F,33.0,35654,6,08/06/2025,08:51:41,2,08/06/2025,09:02:33
M,33.0,92585,8,08/06/2025,08:18:39,19,08/06/2025,08:42:35
F,22.0,57651,9,08/06/2025,08:26:09,15,08/06/2025,08:47:32
M,47.0,87828,9,08/06/2025,08:53:39,20,08/06/2025,09:04:00
M,24.0,45541,10,08/06/2025,08:10:23,23,08/06/2025,08:22:32
F,47.0,36763,18,08/06/2025,08:44:31,10,08/06/2025,08:55:24
M,28.0,61056,22,08/06/2025,08:45:29,12,08/06/2025,08:59:53
F,39.0,78169,23,08/06/2025,08:01:26,24,08/06/2025,08:11:02
M,30.0,97588,3,08/06/2025,09:48:02,9,08/06/2025,10:07:13
M,31.0,4312,6,08/06/2025,09:18:23,4,08/06/2025,09:38:12
M,23.0,84647,6,08/06/2025,09:25:09,5,08/06/2025,09:38:58
M,24.0,56161,7,08/06/2025,09:32:02,20,08/06/2025,09:50:41
M,18.0,77645,8,08/06/2025,09:01:24,1,08/06/2025,09:10:04
M,26.0,3900,9,08/06/2025,09:30:54,16,08/06/2025,09:53:01
M,34.0,25342,9,08/06/2025,09:13:56,10,08/06/2025,09:16:56
F,16.0,69435,12,08/06/2025,09:35:32,22,08/06/2025,09:41:43
F,16.0,4110,13,08/06/2025,09:03:01,8,08/06/2025,09:16:51
F,41.0,54742,14,08/06/2025,09:18:16,3,08/06/2025,09:29:58
M,33.0,27421,14,08/06/2025,09:04:16,13,08/06/2025,09:21:14
F,39.0,28114,18,08/06/2025,09:08:29,13,08/06/2025,09:23:48
F,46.0,49868,21,08/06/2025,09:35:50,24,08/06/2025,09:48:24
F,27.0,92780,23,08/06/2025,09:09:07,17,08/06/2025,09:28:07
M,26.0,31866,4,08/06/2025,10:20:41,17,08/06/2025,10:41:09
M,31.0,27752,5,08/06/2025,10:12:50,9,08/06/2025,10:34:12
M,29.0,49487,5,08/06/2025,10:49:12,12,08/06/2025,11:11:11
M,33.0,42058,7,08/06/2025,10:24:32,5,08/06/2025,10:38:51
M,53.0,25035,8,08/06/2025,10:03:52,9,08/06/2025,10:10:02
F,25.0,81716,10,08/06/2025,10:28:49,5,08/06/2025,10:39:49
F,46.0,86534,10,08/06/2025,10:54:42,20,08/06/2025,11:06:32
M,27.0,81719,13,08/06/2025,10:28:25,19,08/06/2025,10:44:42
F,40.0,38633,14,08/06/2025,10:47:05,13,08/06/2025,11:02:58
F,42.0,95595,15,08/06/2025,10:33:49,13,08/06/2025,10:51:37
M,38.0,84477,15,08/06/2025,10:52:25,14,08/06/2025,11:12:19
F,39.0,66596,16,08/06/2025,10:43:35,4,08/06/2025,11:04:12
F,31.0,17023,17,08/06/2025,10:01:09,3,08/06/2025,10:19:44
M,36.0,57858,17,08/06/2025,10:21:51,18,08/06/2025,10:24:51
F,43.0,18628,18,08/06/2025,10:59:33,22,08/06/2025,11:16:10
F,45.0,88008,21,08/06/2025,10:28:22,7,08/06/2025,10:42:02
M,39.0,31686,21,08/06/2025,10:50:57,7,08/06/2025,11:07:41
M,33.0,65768,21,08/06/2025,10:31:11,12,08/06/2025,10:52:57
M,24.0,51608,1,08/06/2025,11:03:50,2,08/06/2025,11:12:20
M,42.0,30526,2,08/06/2025,11:07:39,11,08/06/2025,11:26:05
M,50.0,22983,2,08/06/2025,11:59:10,11,08/06/2025,12:15:12
M,18.0,14502,2,08/06/2025,11:11:48,1,08/06/2025,11:15:19
F,17.0,25432,2,08/06/2025,11:51:32,3,08/06/2025,12:07:26
F,55.0,62735,5,08/06/2025,11:58:01,13,08/06/2025,12:09:42
M,28.0,10793,6,08/06/2025,11:09:21,2,08/06/2025,11:38:50
F,46.0,77688,6,08/06/2025,11:39:43,18,08/06/2025,11:59:14
F,16.0,12706,7,08/06/2025,11:04:22,21,08/06/2025,11:08:28
M,40.0,30333,8,08/06/2025,11:09:38,9,08/06/2025,11:17:55
F,35.0,10134,9,08/06/2025,11:08:39,24,08/06/2025,11:26:43
M,26.0,53065,11,08/06/2025,11:27:55,6,08/06/2025,11:46:22
M,45.0,24621,11,08/06/2025,11:54:54,6,08/06/2025,11:57:54
F,32.0,55280,11,08/06/2025,11:04:15,13,08/06/2025,11:20:58
M,26.0,53406,14,08/06/2025,11:22:07,24,08/06/2025,11:36:45
M,32.0,3360,14,08/06/2025,11:59:46,13,08/06/2025,12:16:31
M,42.0,78705,15,08/06/2025,11:53:53,24,08/06/2025,12:03:28
M,42.0,18122,16,08/06/2025,11:54:19,17,08/06/2025,12:10:12
M,31.0,4946,16,08/06/2025,11:22:21,2,08/06/2025,11:25:21
F,41.0,5001,16,08/06/2025,11:03:11,3,08/06/2025,11:12:01
M,33.0,96988,17,08/06/2025,11:23:14,19,08/06/2025,11:38:23
F,27.0,8322,20,08/06/2025,11:31:06,21,08/06/2025,11:50:53
M,33.0,64999,20,08/06/2025,11:36:15,18,08/06/2025,12:00:27
F,34.0,18005,21,08/06/2025,11:56:16,20,08/06/2025,12:17:49
M,37.0,37252,23,08/06/2025,11:05:24,4,08/06/2025,11:08:24
M,21.0,16727,23,08/06/2025,11:46:23,14,08/06/2025,12:04:40
M,47.0,88618,24,08/06/2025,11:20:02,18,08/06/2025,11:43:21
M,16.0,30486,1,08/06/2025,12:21:35,17,08/06/2025,12:43:41
M,36.0,29048,3,08/06/2025,12:02:02,8,08/06/2025,12:14:47
F,38.0,71613,4,08/06/2025,12:01:05,3,08/06/2025,12:04:05
M,23.0,13981,5,08/06/2025,12:25:32,3,08/06/2025,12:41:22
F,36.0,70198,5,08/06/2025,12:22:07,4,08/06/2025,12:30:25
M,16.0,49248,7,08/06/2025,12:46:31,2,08/06/2025,13:06:25
M,38.0,35996,8,08/06/2025,12:05:09,19,08/06/2025,12:21:38
M,16.0,46671,8,08/06/2025,12:37:24,18,08/06/2025,13:00:22
F,24.0,38179,8,08/06/2025,12:42:11,4,08/06/2025,13:01:33
F,44.0,32729,10,08/06/2025,12:29:07,4,08/06/2025,12:49:21
M,24.0,94092,12,08/06/2025,12:13:29,19,08/06/2025,12:16:29
F,16.0,50192,13,08/06/2025,12:46:44,6,08/06/2025,13:05:40
M,41.0,41580,13,08/06/2025,12:11:14,18,08/06/2025,12:32:28
F,29.0,24872,14,08/06/2025,12:09:29,7,08/06/2025,12:14:05
M,20.0,88670,14,08/06/2025,12:56:47,19,08/06/2025,13:04:17
F,38.0,46313,15,08/06/2025,12:46:07,10,08/06/2025,13:00:29
F,31.0,95673,16,08/06/2025,12:17:50,1,08/06/2025,12:35:45
F,44.0,88647,16,08/06/2025,12:32:57,21,08/06/2025,12:56:56
F,36.0,99723,20,08/06/2025,12:32:47,1,08/06/2025,12:36:52
M,33.0,52532,20,08/06/2025,12:47:17,17,08/06/2025,12:52:36
F,34.0,21126,22,08/06/2025,12:40:48,16,08/06/2025,12:47:37
M,54.0,41067,22,08/06/2025,12:04:19,21,08/06/2025,12:15:43
M,43.0,5960,22,08/06/2025,12:23:59,17,08/06/2025,12:26:59
F,39.0,45115,1,08/06/2025,13:25:01,10,08/06/2025,13:37:45
F,38.0,70015,1,08/06/2025,13:51:12,18,08/06/2025,14:01:34
M,19.0,83595,2,08/06/2025,13:32:29,3,08/06/2025,13:41:03
M,16.0,67612,2,08/06/2025,13:45:43,10,08/06/2025,13:58:34
M,42.0,50317,2,08/06/2025,13:44:20,3,08/06/2025,13:56:58
F,30.0,41249,4,08/06/2025,13:20:48,5,08/06/2025,13:28:20
M,37.0,41389,4,08/06/2025,13:33:05,3,08/06/2025,13:45:29
M,30.0,65089,4,08/06/2025,13:38:43,1,08/06/2025,13:57:53
M,54.0,57422,5,08/06/2025,13:39:31,10,08/06/2025,14:01:47
M,16.0,36479,6,08/06/2025,13:13:45,16,08/06/2025,13:31:23
M,45.0,72536,6,08/06/2025,13:16:47,21,08/06/2025,13:31:56
M,40.0,90816,6,08/06/2025,13:19:55,18,08/06/2025,13:35:12
F,33.0,69438,7,08/06/2025,13:39:34,4,08/06/2025,13:51:55
F,40.0,43528,8,08/06/2025,13:06:56,18,08/06/2025,13:09:56
M,54.0,72680,9,08/06/2025,13:54:30,15,08/06/2025,13:57:30
F,33.0,81579,10,08/06/2025,13:54:37,20,08/06/2025,14:06:23
F,50.0,5209,10,08/06/2025,13:48:30,11,08/06/2025,13:54:35
M,51.0,45992,11,08/06/2025,13:31:45,6,08/06/2025,13:44:56
F,32.0,64609,11,08/06/2025,13:09:13,12,08/06/2025,13:25:18
M,16.0,39779,11,08/06/2025,13:36:53,12,08/06/2025,13:50:08
M,31.0,81286,13,08/06/2025,13:31:57,8,08/06/2025,13:40:23
M,37.0,40647,14,08/06/2025,13:04:40,13,08/06/2025,13:20:06
M,37.0,2223,16,08/06/2025,13:14:38,6,08/06/2025,13:25:12
M,18.0,16807,17,08/06/2025,13:43:49,8,08/06/2025,13:46:49
M,43.0,19442,18,08/06/2025,13:47:49,23,08/06/2025,13:56:09
M,31.0,49420,19,08/06/2025,13:54:14,20,08/06/2025,14:15:53
M,25.0,18771,21,08/06/2025,13:34:32,14,08/06/2025,13:51:18
M,38.0,52069,23,08/06/2025,13:52:01,4,08/06/2025,13:55:01
M,33.0,8740,23,08/06/2025,13:58:23,21,08/06/2025,14:17:07
M,43.0,56542,24,08/06/2025,13:35:07,3,08/06/2025,13:43:53
M,46.0,42580,1,08/06/2025,14:22:28,10,08/06/2025,14:29:32
F,49.0,96843,3,08/06/2025,14:32:26,19,08/06/2025,14:39:07
F,61.0,7792,3,08/06/2025,14:13:17,9,08/06/2025,14:37:03
F,31.0,74454,3,08/06/2025,14:22:03,1,08/06/2025,14:33:17
M,35.0,31240,3,08/06/2025,14:11:45,7,08/06/2025,14:29:05
F,39.0,66195,4,08/06/2025,14:49:29,9,08/06/2025,15:14:08
M,17.0,33132,4,08/06/2025,14:55:13,8,08/06/2025,15:05:52
M,48.0,10106,6,08/06/2025,14:10:55,16,08/06/2025,14:15:09
F,43.0,81551,7,08/06/2025,14:14:55,22,08/06/2025,14:43:08
F,33.0,47211,8,08/06/2025,14:57:44,4,08/06/2025,15:00:44
M,26.0,74021,10,08/06/2025,14:09:20,15,08/06/2025,14:14:56
M,43.0,18175,11,08/06/2025,14:49:18,19,08/06/2025,15:07:00
F,49.0,80542,11,08/06/2025,14:06:13,6,08/06/2025,14:21:44
M,28.0,9566,11,08/06/2025,14:59:47,9,08/06/2025,15:20:45
F,53.0,84101,11,08/06/2025,14:55:18,3,08/06/2025,15:04:18
F,29.0,96165,13,08/06/2025,14:53:47,19,08/06/2025,15:18:28
F,17.0,23829,13,08/06/2025,14:19:23,17,08/06/2025,14:41:38
M,44.0,27445,14,08/06/2025,14:31:05,20,08/06/2025,14:49:52
M,31.0,79641,14,08/06/2025,14:17:59,15,08/06/2025,14:29:09
M,38.0,87429,16,08/06/2025,14:27:07,24,08/06/2025,14:41:33
M,43.0,80674,17,08/06/2025,14:52:12,9,08/06/2025,15:07:52
F,39.0,72412,17,08/06/2025,14:47:50,22,08/06/2025,14:55:48
M,40.0,15333,19,08/06/2025,14:14:05,18,08/06/2025,14:19:54
M,28.0,99643,20,08/06/2025,14:04:56,17,08/06/2025,14:30:34
M,31.0,8382,21,08/06/2025,14:36:22,2,08/06/2025,14:43:17
M,36.0,17219,22,08/06/2025,14:01:11,20,08/06/2025,14:12:24
M,35.0,66711,22,08/06/2025,14:27:58,9,08/06/2025,14:45:03
F,27.0,41727,1,08/06/2025,15:18:49,2,08/06/2025,15:31:32
F,28.0,79767,1,08/06/2025,15:31:06,2,08/06/2025,15:50:43
F,40.0,17592,2,08/06/2025,15:07:47,4,08/06/2025,15:20:52
F,28.0,35107,2,08/06/2025,15:23:33,5,08/06/2025,15:41:38
F,35.0,25602,4,08/06/2025,15:52:43,3,08/06/2025,16:04:31
M,40.0,14829,5,08/06/2025,15:24:31,14,08/06/2025,15:40:31
F,34.0,34537,5,08/06/2025,15:38:09,13,08/06/2025,15:47:30
M,49.0,93577,5,08/06/2025,15:05:48,8,08/06/2025,15:26:56
M,33.0,94288,6,08/06/2025,15:25:15,13,08/06/2025,15:43:01
F,21.0,77768,6,08/06/2025,15:58:27,16,08/06/2025,16:09:00
M,48.0,69492,6,08/06/2025,15:44:29,7,08/06/2025,16:02:00
F,31.0,7374,9,08/06/2025,15:17:04,18,08/06/2025,15:38:57
M,42.0,54972,10,08/06/2025,15:14:45,9,08/06/2025,15:36:23
F,34.0,30061,10,08/06/2025,15:11:14,8,08/06/2025,15:14:14
M,31.0,99459,11,08/06/2025,15:53:05,20,08/06/2025,16:03:02
M,43.0,64741,13,08/06/2025,15:20:22,23,08/06/2025,15:27:13
F,21.0,75266,13,08/06/2025,15:04:41,20,08/06/2025,15:15:27
F,23.0,8161,13,08/06/2025,15:16:48,18,08/06/2025,15:19:48
M,29.0,37704,14,08/06/2025,15:28:33,9,08/06/2025,15:43:50
M,19.0,12656,15,08/06/2025,15:21:36,12,08/06/2025,15:37:57
M,38.0,58879,16,08/06/2025,15:50:52,22,08/06/2025,15:58:26
F,49.0,87349,16,08/06/2025,15:20:36,22,08/06/2025,15:30:12
F,39.0,25046,17,08/06/2025,15:16:14,22,08/06/2025,15:24:23
M,33.0,60159,17,08/06/2025,15:25:41,3,08/06/2025,15:40:11
F,43.0,68225,18,08/06/2025,15:57:38,10,08/06/2025,16:16:29
M,30.0,72326,19,08/06/2025,15:36:28,14,08/06/2025,15:39:45
F,39.0,60099,20,08/06/2025,15:30:16,21,08/06/2025,15:45:57
F,35.0,53273,21,08/06/2025,15:43:43,14,08/06/2025,15:54:37
M,16.0,32726,21,08/06/2025,15:59:46,20,08/06/2025,16:06:29
M,31.0,87168,22,08/06/2025,15:25:43,20,08/06/2025,15:41:48
M,28.0,93276,22,08/06/2025,15:02:25,17,08/06/2025,15:13:37
F,27.0,88664,22,08/06/2025,15:51:54,20,08/06/2025,16:13:26
M,40.0,4476,23,08/06/2025,15:38:19,11,08/06/2025,15:52:57
M,38.0,65345,23,08/06/2025,15:02:16,22,08/06/2025,15:10:31
F,53.0,24692,23,08/06/2025,15:53:51,12,08/06/2025,16:00:56
M,16.0,10674,1,08/06/2025,16:21:02,19,08/06/2025,16:34:58
F,39.0,80096,2,08/06/2025,16:52:08,19,08/06/2025,17:10:32
M,32.0,9928,2,08/06/2025,16:07:40,10,08/06/2025,16:19:12
F,33.0,76139,3,08/06/2025,16:30:24,9,08/06/2025,16:57:18
M,38.0,62487,3,08/06/2025,16:38:40,18,08/06/2025,16:58:49
F,43.0,81976,4,08/06/2025,16:31:36,16,08/06/2025,16:41:53
M,42.0,34401,4,08/06/2025,16:40:42,12,08/06/2025,16:58:47
M,23.0,87466,4,08/06/2025,16:17:23,15,08/06/2025,16:31:08
F,16.0,49468,5,08/06/2025,16:44:41,17,08/06/2025,17:07:56
F,30.0,59865,5,08/06/2025,16:59:22,7,08/06/2025,17:16:59
M,46.0,60585,5,08/06/2025,16:10:50,16,08/06/2025,16:38:10
F,30.0,48208,7,08/06/2025,16:14:48,1,08/06/2025,16:25:48
M,30.0,26100,7,08/06/2025,16:46:31,24,08/06/2025,16:56:49
F,51.0,3371,9,08/06/2025,16:51:52,2,08/06/2025,17:01:28
M,22.0,63118,10,08/06/2025,16:30:28,7,08/06/2025,16:33:28
M,45.0,97241,11,08/06/2025,16:38:36,4,08/06/2025,16:49:09
M,26.0,49435,11,08/06/2025,16:57:15,8,08/06/2025,17:11:10
M,22.0,87446,12,08/06/2025,16:17:00,19,08/06/2025,16:23:49
F,37.0,2939,12,08/06/2025,16:56:46,19,08/06/2025,17:08:36
M,41.0,72531,14,08/06/2025,16:08:01,13,08/06/2025,16:19:56
F,33.0,63031,15,08/06/2025,16:01:14,20,08/06/2025,16:14:21
M,16.0,6994,15,08/06/2025,16:33:12,14,08/06/2025,16:43:49
M,42.0,45240,17,08/06/2025,16:38:37,14,08/06/2025,16:51:13
M,33.0,45564,17,08/06/2025,16:42:08,1,08/06/2025,16:55:10
M,46.0,44270,17,08/06/2025,16:25:12,14,08/06/2025,16:47:11
M,34.0,28026,18,08/06/2025,16:58:14,15,08/06/2025,17:24:24
F,32.0,50805,19,08/06/2025,16:49:43,24,08/06/2025,16:53:20
M,39.0,67444,19,08/06/2025,16:58:09,9,08/06/2025,17:15:25
F,38.0,52489,20,08/06/2025,16:32:20,11,08/06/2025,16:54:23
F,28.0,22162,20,08/06/2025,16:59:26,19,08/06/2025,17:16:33
M,29.0,15592,21,08/06/2025,16:48:37,13,08/06/2025,17:06:26
F,44.0,85282,21,08/06/2025,16:40:25,12,08/06/2025,17:02:44
F,28.0,87827,22,08/06/2025,16:25:33,17,08/06/2025,16:31:38
M,31.0,96857,23,08/06/2025,16:26:01,18,08/06/2025,16:29:01
M,46.0,91188,23,08/06/2025,16:03:24,8,08/06/2025,16:13:16
M,55.0,13878,24,08/06/2025,16:52:16,17,08/06/2025,17:20:47
M,37.0,39447,24,08/06/2025,16:58:26,4,08/06/2025,17:18:17
M,21.0,92789,1,08/06/2025,17:19:22,9,08/06/2025,17:41:02
M,18.0,25171,2,08/06/2025,17:57:36,22,08/06/2025,18:11:33
M,30.0,95125,4,08/06/2025,17:10:00,5,08/06/2025,17:22:59
M,46.0,76644,4,08/06/2025,17:29:18,21,08/06/2025,17:45:25
M,27.0,30307,5,08/06/2025,17:28:50,4,08/06/2025,17:40:10
F,28.0,53307,6,08/06/2025,17:13:40,20,08/06/2025,17:24:11
F,45.0,2093,7,08/06/2025,17:30:39,8,08/06/2025,17:50:01
F,28.0,61915,12,08/06/2025,17:40:09,17,08/06/2025,17:56:06
M,16.0,67754,14,08/06/2025,17:42:38,9,08/06/2025,18:10:13
F,25.0,24667,15,08/06/2025,17:36:41,13,08/06/2025,17:49:09
F,47.0,92956,15,08/06/2025,17:40:24,7,08/06/2025,17:44:15
F,28.0,30023,17,08/06/2025,17:55:09,22,08/06/2025,18:04:28
M,44.0,19633,18,08/06/2025,17:56:28,8,08/06/2025,18:15:48
F,30.0,96318,18,08/06/2025,17:39:18,13,08/06/2025,18:00:41
F,19.0,2262,18,08/06/2025,17:38:28,4,08/06/2025,17:55:25
M,22.0,15958,19,08/06/2025,17:03:21,23,08/06/2025,17:17:51
F,40.0,84205,19,08/06/2025,17:13:40,23,08/06/2025,17:34:53
M,23.0,47217,20,08/06/2025,17:44:36,12,08/06/2025,18:02:56
F,26.0,18491,20,08/06/2025,17:57:06,13,08/06/2025,18:17:17
F,31.0,46275,21,08/06/2025,17:56:33,12,08/06/2025,18:23:38
F,40.0,3717,21,08/06/2025,17:13:56,20,08/06/2025,17:23:01
M,44.0,99244,22,08/06/2025,17:20:26,7,08/06/2025,17:27:02
M,29.0,38495,2,08/06/2025,18:43:48,1,08/06/2025,18:49:52
M,16.0,31784,3,08/06/2025,18:30:16,7,08/06/2025,18:35:18
M,34.0,6969,7,08/06/2025,18:53:34,11,08/06/2025,19:10:52
M,36.0,17875,10,08/06/2025,18:32:14,21,08/06/2025,18:54:29
M,53.0,50576,10,08/06/2025,18:06:47,5,08/06/2025,18:22:50
F,36.0,6124,11,08/06/2025,18:05:44,13,08/06/2025,18:17:33
M,41.0,51305,16,08/06/2025,18:28:01,1,08/06/2025,18:47:16
F,35.0,82088,18,08/06/2025,18:25:47,22,08/06/2025,18:28:47
F,30.0,31842,19,08/06/2025,18:02:11,20,08/06/2025,18:06:53
M,24.0,63420,6,08/06/2025,19:03:07,21,08/06/2025,19:13:03
M,42.0,73010,8,08/06/2025,19:13:54,13,08/06/2025,19:28:24
F,32.0,53031,8,08/06/2025,19:23:59,7,08/06/2025,19:39:19
F,33.0,55415,9,08/06/2025,19:42:50,1,08/06/2025,19:47:39
M,24.0,92024,13,08/06/2025,19:02:22,18,08/06/2025,19:19:40
M,22.0,3965,13,08/06/2025,19:53:09,18,08/06/2025,20:17:10
M,28.0,64340,15,08/06/2025,19:38:49,19,08/06/2025,19:41:49
M,37.0,16919,16,08/06/2025,19:10:58,9,08/06/2025,19:30:35
M,24.0,22974,18,08/06/2025,19:32:41,13,08/06/2025,19:40:21
M,23.0,54055,18,08/06/2025,19:10:54,19,08/06/2025,19:29:54
M,46.0,45604,20,08/06/2025,19:22:36,15,08/06/2025,19:31:38
F,18.0,49084,20,08/06/2025,19:05:34,13,08/06/2025,19:27:29
F,40.0,26754,20,08/06/2025,19:37:05,15,08/06/2025,19:54:46
F,38.0,42182,21,08/06/2025,19:44:09,13,08/06/2025,20:13:47
M,29.0,73717,5,08/06/2025,20:29:32,6,08/06/2025,20:41:08
M,29.0,94712,5,08/06/2025,20:54:51,4,08/06/2025,21:17:16
M,27.0,51744,8,08/06/2025,20:21:34,3,08/06/2025,20:34:22
M,45.0,94061,12,08/06/2025,20:28:56,5,08/06/2025,20:42:57
M,41.0,72956,13,08/06/2025,20:10:10,4,08/06/2025,20:14:53
F,57.0,30000,17,08/06/2025,20:34:31,18,08/06/2025,20:56:19
M,30.0,73538,17,08/06/2025,20:08:27,6,08/06/2025,20:34:21
M,43.0,73403,18,08/06/2025,20:08:45,13,08/06/2025,20:21:46
M,32.0,48261,20,08/06/2025,20:56:33,1,08/06/2025,21:11:33
M,31.0,7120,20,08/06/2025,20:41:24,13,08/06/2025,20:56:08
F,36.0,34557,21,08/06/2025,20:21:10,19,08/06/2025,20:27:55
M,42.0,15658,23,08/06/2025,20:21:55,13,08/06/2025,20:38:18
M,27.0,14092,24,08/06/2025,20:19:17,11,08/06/2025,20:36:32
M,44.0,6787,9,08/06/2025,21:42:40,10,08/06/2025,21:55:44
M,26.0,53137,11,08/06/2025,21:35:51,15,08/06/2025,21:54:54
M,16.0,90476,11,08/06/2025,21:14:53,7,08/06/2025,21:38:24
M,34.0,77374,11,08/06/2025,21:57:25,6,08/06/2025,22:13:46
M,36.0,32054,13,08/06/2025,21:37:41,6,08/06/2025,21:47:18
M,16.0,64107,14,08/06/2025,21:01:29,21,08/06/2025,21:20:36
M,24.0,42039,15,08/06/2025,21:01:46,23,08/06/2025,21:04:46
M,55.0,12111,16,08/06/2025,21:18:33,17,08/06/2025,21:42:04
M,27.0,85096,17,08/06/2025,21:29:40,21,08/06/2025,21:46:09
M,23.0,80280,21,08/06/2025,21:03:56,22,08/06/2025,21:19:23
M,34.0,46042,22,08/06/2025,21:00:14,21,08/06/2025,21:09:19
M,43.0,47597,10,08/06/2025,22:45:04,5,08/06/2025,22:49:28
M,44.0,11702,14,08/06/2025,22:32:58,15,08/06/2025,22:46:36
M,34.0,57978,16,08/06/2025,22:12:22,11,08/06/2025,22:26:16
F,28.0,61225,22,08/06/2025,22:49:52,7,08/06/2025,23:03:57
M,43.0,82953,1,08/06/2025,23:31:33,16,08/06/2025,23:53:50
M,49.0,4691,2,08/06/2025,23:26:07,20,08/06/2025,23:33:11
M,40.0,58647,6,08/06/2025,23:41:57,13,08/06/2025,23:56:50
F,39.0,21630,7,08/06/2025,23:42:44,21,09/06/2025,00:01:08
F,28.0,70486,15,08/06/2025,23:54:59,9,09/06/2025,00:06:34
F,39.0,68067,17,08/06/2025,23:31:19,18,08/06/2025,23:40:03
F,33.0,54268,18,08/06/2025,23:08:54,10,08/06/2025,23:19:25
F,32.0,18078,21,08/06/2025,23:42:21,23,08/06/2025,23:50:40
F,41.0,71947,22,08/06/2025,23:36:59,16,08/06/2025,23:51:33
M,37.0,66610,7,09/06/2025,00:14:01,2,09/06/2025,00:22:33
M,31.0,13960,8,09/06/2025,00:04:55,14,09/06/2025,00:10:56
M,58.0,95619,12,09/06/2025,00:46:21,5,09/06/2025,01:03:08
M,18.0,29255,22,09/06/2025,00:36:54,24,09/06/2025,00:40:45
M,22.0,18227,5,09/06/2025,01:38:06,4,09/06/2025,01:58:53
M,39.0,97220,5,09/06/2025,01:05:28,20,09/06/2025,01:21:35
M,39.0,97980,10,09/06/2025,01:28:58,4,09/06/2025,01:35:16
F,33.0,31146,17,09/06/2025,01:19:09,20,09/06/2025,01:48:08
M,36.0,28266,7,09/06/2025,02:18:22,19,09/06/2025,02:50:30
F,54.0,1018,10,09/06/2025,02:53:39,2,09/06/2025,03:07:10
F,26.0,8015,21,09/06/2025,02:01:37,13,09/06/2025,02:27:21
M,61.0,48000,3,09/06/2025,03:03:25,1,09/06/2025,03:23:30
M,21.0,13697,4,09/06/2025,03:46:02,13,09/06/2025,03:49:02
M,25.0,29899,2,09/06/2025,04:18:33,10,09/06/2025,04:31:23
F,36.0,74973,5,09/06/2025,04:53:50,20,09/06/2025,05:15:16
M,22.0,33215,13,09/06/2025,04:52:46,3,09/06/2025,05:08:47
F,42.0,3109,14,09/06/2025,04:59:46,8,09/06/2025,05:16:17
F,26.0,40740,16,09/06/2025,04:51:36,13,09/06/2025,05:06:11
F,25.0,3500,16,09/06/2025,04:43:00,9,09/06/2025,05:03:35
M,39.0,43756,20,09/06/2025,04:42:46,18,09/06/2025,04:59:21
M,46.0,64147,2,09/06/2025,05:37:41,13,09/06/2025,05:54:54
F,30.0,54575,2,09/06/2025,05:55:41,1,09/06/2025,06:09:31
F,22.0,84544,3,09/06/2025,05:58:35,21,09/06/2025,06:16:09
M,27.0,74075,4,09/06/2025,05:08:21,10,09/06/2025,05:24:44
F,39.0,53737,9,09/06/2025,05:33:50,4,09/06/2025,05:42:14
M,41.0,17916,10,09/06/2025,05:37:24,3,09/06/2025,05:52:27
M,30.0,99618,12,09/06/2025,05:40:57,13,09/06/2025,05:58:14
M,28.0,69539,16,09/06/2025,05:15:49,11,09/06/2025,05:26:21
M,44.0,44849,18,09/06/2025,05:08:31,7,09/06/2025,05:23:58
F,24.0,97857,18,09/06/2025,05:19:57,19,09/06/2025,05:24:16
M,40.0,81857,20,09/06/2025,05:43:15,3,09/06/2025,05:59:04
M,26.0,41508,23,09/06/2025,05:34:01,11,09/06/2025,05:50:33
M,46.0,20375,5,09/06/2025,06:58:42,9,09/06/2025,07:14:50
F,33.0,15285,6,09/06/2025,06:35:16,23,09/06/2025,06:50:32
F,36.0,36255,10,09/06/2025,06:23:09,13,09/06/2025,06:40:14
M,19.0,80094,11,09/06/2025,06:35:40,8,09/06/2025,06:50:01
F,31.0,94136,13,09/06/2025,06:23:30,10,09/06/2025,06:33:40
F,38.0,34274,14,09/06/2025,06:32:38,12,09/06/2025,06:45:47
M,53.0,36337,15,09/06/2025,06:56:02,10,09/06/2025,07:05:59
M,35.0,78637,16,09/06/2025,06:02:17,12,09/06/2025,06:11:31
M,43.0,69789,17,09/06/2025,06:21:06,22,09/06/2025,06:36:41
M,52.0,2161,19,09/06/2025,06:17:18,14,09/06/2025,06:33:53
F,21.0,75350,20,09/06/2025,06:05:51,13,09/06/2025,06:19:44
M,34.0,28249,20,09/06/2025,06:43:24,4,09/06/2025,07:02:15
F,52.0,19854,21,09/06/2025,06:22:52,14,09/06/2025,06:43:46
M,33.0,36443,1,09/06/2025,07:59:56,12,09/06/2025,08:20:30
M,33.0,14982,1,09/06/2025,07:18:28,4,09/06/2025,07:35:35
F,28.0,20601,2,09/06/2025,07:58:38,1,09/06/2025,08:01:57
M,23.0,26979,2,09/06/2025,07:45:45,5,09/06/2025,08:05:07
M,53.0,28341,3,09/06/2025,07:59:35,24,09/06/2025,08:05:31
M,16.0,20982,3,09/06/2025,07:37:48,2,09/06/2025,07:51:53
M,44.0,90352,3,09/06/2025,07:34:02,16,09/06/2025,07:37:02
M,25.0,63081,4,09/06/2025,07:01:29,8,09/06/2025,07:09:08
M,27.0,83923,4,09/06/2025,07:21:47,11,09/06/2025,07:34:16
M,45.0,76501,7,09/06/2025,07:48:02,12,09/06/2025,08:19:26
M,16.0,62321,8,09/06/2025,07:32:34,12,09/06/2025,07:45:08
F,52.0,48116,9,09/06/2025,07:25:29,15,09/06/2025,07:33:04
F,45.0,60863,9,09/06/2025,07:56:27,8,09/06/2025,08:16:58
M,47.0,42702,10,09/06/2025,07:22:51,4,09/06/2025,07:37:48
F,18.0,75406,11,09/06/2025,07:56:45,16,09/06/2025,08:04:59
M,37.0,50897,11,09/06/2025,07:37:55,13,09/06/2025,07:50:46
M,38.0,77514,11,09/06/2025,07:18:11,12,09/06/2025,07:33:36
F,25.0,22633,15,09/06/2025,07:24:58,20,09/06/2025,07:31:13
M,32.0,26980,16,09/06/2025,07:38:07,8,09/06/2025,07:46:10
M,50.0,64520,16,09/06/2025,07:08:21,11,09/06/2025,07:25:06
M,30.0,75700,17,09/06/2025,07:25:39,12,09/06/2025,07:39:30
M,48.0,98793,19,09/06/2025,07:23:21,13,09/06/2025,07:35:53
M,33.0,7809,19,09/06/2025,07:03:11,24,09/06/2025,07:23:29
M,44.0,28133,20,09/06/2025,07:16:14,24,09/06/2025,07:42:45
M,21.0,72791,20,09/06/2025,07:55:05,1,09/06/2025,08:07:56
M,19.0,81248,21,09/06/2025,07:54:44,1,09/06/2025,08:22:00
M,16.0,64626,21,09/06/2025,07:45:26,3,09/06/2025,07:52:52
M,33.0,22963,22,09/06/2025,07:35:32,23,09/06/2025,07:44:28
F,35.0,23872,23,09/06/2025,07:19:46,7,09/06/2025,07:33:41
F,30.0,26095,1,09/06/2025,08:19:32,6,09/06/2025,08:29:59
M,31.0,67451,1,09/06/2025,08:12:57,7,09/06/2025,08:29:00
F,48.0,95066,1,09/06/2025,08:16:07,18,09/06/2025,08:34:55
M,40.0,82347,1,09/06/2025,08:41:11,7,09/06/2025,08:51:43
M,36.0,66203,1,09/06/2025,08:10:49,22,09/06/2025,08:23:42
M,28.0,5101,2,09/06/2025,08:13:33,19,09/06/2025,08:17:58
F,51.0,69181,2,09/06/2025,08:49:15,17,09/06/2025,09:03:36
M,26.0,32290,3,09/06/2025,08:49:36,14,09/06/2025,08:59:40
M,16.0,85264,4,09/06/2025,08:19:50,23,09/06/2025,08:27:49
M,29.0,7099,5,09/06/2025,08:13:45,8,09/06/2025,08:36:03
M,36.0,22603,5,09/06/2025,08:52:43,23,09/06/2025,09:12:29
F,16.0,15818,6,09/06/2025,08:22:23,4,09/06/2025,08:33:17
M,19.0,57194,7,09/06/2025,08:52:52,6,09/06/2025,09:09:11
M,23.0,14155,7,09/06/2025,08:39:57,22,09/06/2025,08:51:53
M,36.0,52268,8,09/06/2025,08:45:09,1,09/06/2025,09:05:11
M,27.0,47910,8,09/06/2025,08:01:31,23,09/06/2025,08:17:26
M,27.0,40617,8,09/06/2025,08:16:52,12,09/06/2025,08:28:14
F,41.0,56071,8,09/06/2025,08:02:20,9,09/06/2025,08:16:37
F,35.0,5136,9,09/06/2025,08:40:25,7,09/06/2025,08:45:38
M,18.0,65358,9,09/06/2025,08:24:17,11,09/06/2025,08:29:35
F,42.0,95606,9,09/06/2025,08:12:40,21,09/06/2025,08:26:23
M,40.0,45256,9,09/06/2025,08:16:41,3,09/06/2025,08:28:14
M,40.0,59383,10,09/06/2025,08:32:44,13,09/06/2025,08:46:26
F,30.0,74406,11,09/06/2025,08:32:20,1,09/06/2025,08:37:13
M,42.0,40445,11,09/06/2025,08:45:22,24,09/06/2025,09:02:20
F,46.0,42931,12,09/06/2025,08:33:36,5,09/06/2025,08:48:09
M,42.0,43846,13,09/06/2025,08:11:18,7,09/06/2025,08:28:02
M,25.0,65000,13,09/06/2025,08:24:27,9,09/06/2025,08:40:09
F,39.0,14312,16,09/06/2025,08:28:49,17,09/06/2025,08:45:07
M,24.0,3742,16,09/06/2025,08:04:34,11,09/06/2025,08:13:39
F,27.0,97087,17,09/06/2025,08:59:39,15,09/06/2025,09:09:24
F,30.0,26235,17,09/06/2025,08:42:20,9,09/06/2025,08:53:24
F,47.0,42621,17,09/06/2025,08:13:42,11,09/06/2025,08:29:38
M,38.0,95494,17,09/06/2025,08:35:15,4,09/06/2025,08:50:50
F,32.0,50628,17,09/06/2025,08:03:07,21,09/06/2025,08:20:30
M,43.0,62455,19,09/06/2025,08:55:20,14,09/06/2025,09:07:54
M,46.0,9472,19,09/06/2025,08:03:24,21,09/06/2025,08:31:45
M,21.0,84170,20,09/06/2025,08:08:08,17,09/06/2025,08:20:36
F,35.0,2602,20,09/06/2025,08:54:09,5,09/06/2025,09:01:20
F,38.0,38508,20,09/06/2025,08:06:13,9,09/06/2025,08:20:10
M,29.0,67192,21,09/06/2025,08:24:24,6,09/06/2025,08:39:27
M,36.0,66305,22,09/06/2025,08:28:53,13,09/06/2025,08:39:44
F,25.0,80809,1,09/06/2025,09:38:00,6,09/06/2025,09:52:04
M,27.0,71501,1,09/06/2025,09:01:34,3,09/06/2025,09:21:34
M,47.0,57047,3,09/06/2025,09:30:37,16,09/06/2025,09:41:54
F,31.0,80996,3,09/06/2025,09:17:46,11,09/06/2025,09:33:26
M,23.0,62429,3,09/06/2025,09:17:17,14,09/06/2025,09:29:50
F,25.0,14729,4,09/06/2025,09:55:40,8,09/06/2025,10:17:35
M,47.0,27487,4,09/06/2025,09:06:43,3,09/06/2025,09:15:41
F,39.0,91820,5,09/06/2025,09:09:57,18,09/06/2025,09:26:33
F,28.0,11682,5,09/06/2025,09:20:17,19,09/06/2025,09:39:01
M,38.0,46586,6,09/06/2025,09:49:09,1,09/06/2025,09:58:43
F,36.0,45129,6,09/06/2025,09:48:54,1,09/06/2025,10:06:39
M,24.0,56318,6,09/06/2025,09:50:31,11,09/06/2025,10:06:44
M,28.0,6315,7,09/06/2025,09:52:21,21,09/06/2025,10:04:44
M,26.0,56553,7,09/06/2025,09:19:53,18,09/06/2025,09:54:10
M,32.0,71008,9,09/06/2025,09:00:44,14,09/06/2025,09:03:44
F,30.0,38432,10,09/06/2025,09:14:28,24,09/06/2025,09:27:46
F,31.0,19494,10,09/06/2025,09:07:28,19,09/06/2025,09:31:11
M,44.0,86028,11,09/06/2025,09:45:25,18,09/06/2025,09:52:37
M,36.0,1150,11,09/06/2025,09:26:45,22,09/06/2025,09:55:37
M,39.0,57158,11,09/06/2025,09:23:25,21,09/06/2025,09:35:29
F,30.0,4993,12,09/06/2025,09:00:27,13,09/06/2025,09:07:48
F,29.0,15156,14,09/06/2025,09:29:40,17,09/06/2025,09:46:04
M,25.0,91138,17,09/06/2025,09:52:49,24,09/06/2025,10:10:46
M,43.0,84161,18,09/06/2025,09:15:48,17,09/06/2025,09:34:58
F,21.0,95828,19,09/06/2025,09:38:37,20,09/06/2025,09:53:16
M,24.0,79526,21,09/06/2025,09:13:08,11,09/06/2025,09:25:54
M,41.0,33776,22,09/06/2025,09:10:17,24,09/06/2025,09:23:34
M,30.0,66510,23,09/06/2025,09:04:47,19,09/06/2025,09:07:47
M,44.0,57008,23,09/06/2025,09:53:05,12,09/06/2025,10:00:36
F,38.0,16969,24,09/06/2025,09:16:30,14,09/06/2025,09:29:04
M,38.0,8296,2,09/06/2025,10:05:11,12,09/06/2025,10:28:08
M,36.0,11738,2,09/06/2025,10:14:48,11,09/06/2025,10:29:09
F,38.0,48128,3,09/06/2025,10:53:50,14,09/06/2025,11:04:55
F,46.0,88912,6,09/06/2025,10:04:23,7,09/06/2025,10:18:17
F,43.0,38826,7,09/06/2025,10:00:33,15,09/06/2025,10:08:16
M,18.0,80136,9,09/06/2025,10:06:27,20,09/06/2025,10:23:55
M,44.0,40084,10,09/06/2025,10:14:44,2,09/06/2025,10:34:23
M,26.0,26492,12,09/06/2025,10:30:50,23,09/06/2025,10:46:02
F,45.0,93158,12,09/06/2025,10:58:56,6,09/06/2025,11:26:40
M,16.0,71912,15,09/06/2025,10:44:35,21,09/06/2025,10:47:35
F,35.0,41011,17,09/06/2025,10:03:57,24,09/06/2025,10:19:23
M,27.0,45420,19,09/06/2025,10:20:25,10,09/06/2025,10:36:12
F,23.0,77740,19,09/06/2025,10:02:24,24,09/06/2025,10:05:41
M,34.0,16746,21,09/06/2025,10:49:32,18,09/06/2025,11:12:21
M,25.0,60486,24,09/06/2025,10:25:50,13,09/06/2025,10:44:41
M,26.0,29881,2,09/06/2025,11:18:44,9,09/06/2025,11:36:26
M,44.0,13234,5,09/06/2025,11:42:30,12,09/06/2025,11:58:55
F,32.0,68743,9,09/06/2025,11:43:22,7,09/06/2025,11:59:47
M,25.0,44627,10,09/06/2025,11:08:22,4,09/06/2025,11:11:22
M,39.0,94466,14,09/06/2025,11:56:11,6,09/06/2025,12:06:59
F,41.0,42670,19,09/06/2025,11:03:21,6,09/06/2025,11:16:55
M,31.0,61210,20,09/06/2025,11:58:19,9,09/06/2025,12:08:52
M,38.0,4390,20,09/06/2025,11:22:42,12,09/06/2025,11:52:36
M,52.0,27166,24,09/06/2025,11:35:36,23,09/06/2025,11:52:12
F,28.0,42627,3,09/06/2025,12:11:45,5,09/06/2025,12:25:23
M,35.0,81476,6,09/06/2025,12:11:55,2,09/06/2025,12:19:53
M,47.0,80992,8,09/06/2025,12:52:28,6,09/06/2025,13:04:51
M,30.0,49968,12,09/06/2025,12:46:39,19,09/06/2025,12:57:07
M,45.0,81608,20,09/06/2025,12:15:39,13,09/06/2025,12:41:40
M,24.0,90938,1,09/06/2025,13:16:18,8,09/06/2025,13:38:46
M,28.0,24175,1,09/06/2025,13:18:49,16,09/06/2025,13:33:18
M,30.0,29097,11,09/06/2025,13:48:30,17,09/06/2025,13:51:30
M,16.0,2569,8,09/06/2025,14:29:34,1,09/06/2025,14:44:47
F,48.0,70887,10,09/06/2025,14:27:56,13,09/06/2025,14:45:15
M,23.0,80141,11,09/06/2025,14:15:00,6,09/06/2025,14:21:15
F,36.0,83176,12,09/06/2025,14:28:36,7,09/06/2025,14:38:47
M,37.0,80870,1,09/06/2025,15:07:18,9,09/06/2025,15:19:49
F,23.0,14648,1,09/06/2025,15:54:52,12,09/06/2025,16:08:48
F,32.0,27951,3,09/06/2025,15:01:30,24,09/06/2025,15:14:53
M,26.0,17473,4,09/06/2025,15:02:40,1,09/06/2025,15:17:31
F,27.0,33756,4,09/06/2025,15:18:38,3,09/06/2025,15:25:29
F,41.0,22812,8,09/06/2025,15:26:17,13,09/06/2025,15:44:14
M,36.0,63289,11,09/06/2025,15:03:47,6,09/06/2025,15:12:59
M,38.0,15795,14,09/06/2025,15:19:11,9,09/06/2025,15:37:35
M,30.0,35085,17,09/06/2025,15:25:12,22,09/06/2025,15:39:28
M,16.0,87782,20,09/06/2025,15:39:09,12,09/06/2025,15:51:45
F,24.0,66652,24,09/06/2025,15:24:02,20,09/06/2025,15:36:25
M,43.0,94597,2,09/06/2025,16:03:45,4,09/06/2025,16:11:40
M,21.0,66407,2,09/06/2025,16:33:32,3,09/06/2025,16:57:08
F,36.0,60186,3,09/06/2025,16:06:28,1,09/06/2025,16:19:34
M,35.0,44308,3,09/06/2025,16:34:58,4,09/06/2025,16:37:58
M,31.0,76016,4,09/06/2025,16:00:29,15,09/06/2025,16:31:32
F,36.0,48735,5,09/06/2025,16:32:13,3,09/06/2025,16:48:44
M,35.0,45866,5,09/06/2025,16:59:45,10,09/06/2025,17:15:43
M,24.0,23526,6,09/06/2025,16:52:21,7,09/06/2025,16:55:21
M,39.0,10677,7,09/06/2025,16:08:01,2,09/06/2025,16:31:59
M,34.0,60053,7,09/06/2025,16:30:34,6,09/06/2025,16:58:51
M,23.0,81292,7,09/06/2025,16:44:51,17,09/06/2025,16:59:45
F,35.0,94494,8,09/06/2025,16:23:12,9,09/06/2025,16:38:30
M,30.0,14377,10,09/06/2025,16:16:09,15,09/06/2025,16:19:09
M,27.0,54727,11,09/06/2025,16:16:27,21,09/06/2025,16:31:54
F,42.0,41852,11,09/06/2025,16:15:31,3,09/06/2025,16:39:48
M,36.0,8089,11,09/06/2025,16:45:31,14,09/06/2025,17:02:47
F,24.0,4375,11,09/06/2025,16:29:14,6,09/06/2025,16:46:51
F,39.0,89591,13,09/06/2025,16:26:01,5,09/06/2025,16:42:03
M,39.0,80870,13,09/06/2025,16:32:40,9,09/06/2025,16:49:21
F,38.0,42267,14,09/06/2025,16:40:08,18,09/06/2025,16:54:43
M,52.0,97872,14,09/06/2025,16:30:16,4,09/06/2025,16:41:06
M,52.0,48442,16,09/06/2025,16:08:31,6,09/06/2025,16:17:57
F,30.0,36202,16,09/06/2025,16:51:38,24,09/06/2025,17:18:01
F,19.0,94898,17,09/06/2025,16:00:14,16,09/06/2025,16:13:18
M,38.0,87243,17,09/06/2025,16:33:10,23,09/06/2025,16:47:12
F,20.0,25222,19,09/06/2025,16:34:57,24,09/06/2025,16:51:36
F,39.0,4126,19,09/06/2025,16:18:30,7,09/06/2025,16:33:31
F,40.0,87701,19,09/06/2025,16:12:06,3,09/06/2025,16:30:49
M,35.0,30680,20,09/06/2025,16:46:42,24,09/06/2025,17:02:44
F,51.0,10116,20,09/06/2025,16:55:49,19,09/06/2025,17:03:02
M,48.0,21746,20,09/06/2025,16:31:26,24,09/06/2025,16:50:53
M,18.0,79250,21,09/06/2025,16:45:36,22,09/06/2025,16:55:52
M,47.0,16434,21,09/06/2025,16:45:49,16,09/06/2025,17:04:43
F,28.0,58132,22,09/06/2025,16:52:02,19,09/06/2025,17:07:08
M,30.0,2396,23,09/06/2025,16:42:51,12,09/06/2025,16:57:33
F,37.0,77801,23,09/06/2025,16:34:56,9,09/06/2025,16:41:01
M,33.0,84738,23,09/06/2025,16:41:43,3,09/06/2025,16:59:06
F,30.0,32437,1,09/06/2025,17:47:46,19,09/06/2025,18:09:48
M,25.0,23238,1,09/06/2025,17:21:40,17,09/06/2025,17:38:50
M,42.0,61046,1,09/06/2025,17:37:09,2,09/06/2025,17:55:12
M,53.0,78273,1,09/06/2025,17:12:31,2,09/06/2025,17:37:14
M,42.0,97272,2,09/06/2025,17:19:05,12,09/06/2025,17:38:37
M,52.0,79291,3,09/06/2025,17:25:47,23,09/06/2025,17:35:51
F,36.0,15080,3,09/06/2025,17:07:29,2,09/06/2025,17:14:15
M,27.0,51873,3,09/06/2025,17:12:10,23,09/06/2025,17:22:24
F,56.0,47825,3,09/06/2025,17:12:37,9,09/06/2025,17:15:37
M,60.0,43875,4,09/06/2025,17:44:08,9,09/06/2025,18:02:16
M,32.0,22353,5,09/06/2025,17:25:22,21,09/06/2025,17:31:15
M,40.0,76287,5,09/06/2025,17:48:49,22,09/06/2025,17:54:16
M,48.0,34267,6,09/06/2025,17:02:25,11,09/06/2025,17:13:52
F,51.0,15575,6,09/06/2025,17:30:44,8,09/06/2025,17:43:50
M,37.0,30334,6,09/06/2025,17:51:19,1,09/06/2025,18:02:08
M,43.0,95930,6,09/06/2025,17:42:06,16,09/06/2025,18:13:13
M,33.0,75804,7,09/06/2025,17:26:35,4,09/06/2025,17:29:35
M,28.0,7898,8,09/06/2025,17:50:36,12,09/06/2025,17:59:38
F,38.0,73378,10,09/06/2025,17:07:59,13,09/06/2025,17:20:40
F,42.0,30177,10,09/06/2025,17:55:13,1,09/06/2025,18:02:15
M,30.0,74429,11,09/06/2025,17:10:56,6,09/06/2025,17:23:32
M,28.0,40273,11,09/06/2025,17:06:07,13,09/06/2025,17:21:10
M,26.0,28562,11,09/06/2025,17:12:10,1,09/06/2025,17:15:10
F,23.0,4783,12,09/06/2025,17:33:58,1,09/06/2025,17:51:29
M,34.0,1503,12,09/06/2025,17:41:59,18,09/06/2025,18:01:48
F,32.0,55264,12,09/06/2025,17:26:21,4,09/06/2025,17:38:05
M,34.0,19500,13,09/06/2025,17:58:19,17,09/06/2025,18:23:05
M,26.0,91546,17,09/06/2025,17:59:41,4,09/06/2025,18:06:54
F,36.0,14431,17,09/06/2025,17:30:03,9,09/06/2025,17:40:03
F,22.0,32686,17,09/06/2025,17:23:12,16,09/06/2025,17:42:23
F,34.0,28308,18,09/06/2025,17:36:41,4,09/06/2025,17:48:36
M,34.0,24148,18,09/06/2025,17:36:01,1,09/06/2025,18:01:51
M,22.0,6322,19,09/06/2025,17:42:22,4,09/06/2025,17:46:08
M,45.0,1921,19,09/06/2025,17:23:05,15,09/06/2025,17:32:39
F,34.0,19889,19,09/06/2025,17:10:15,21,09/06/2025,17:20:21
F,33.0,12759,20,09/06/2025,17:11:35,14,09/06/2025,17:17:51
F,43.0,77932,20,09/06/2025,17:05:32,23,09/06/2025,17:17:07
F,35.0,15589,20,09/06/2025,17:26:59,15,09/06/2025,17:33:04
M,32.0,89266,20,09/06/2025,17:45:50,18,09/06/2025,17:51:03
F,45.0,41574,20,09/06/2025,17:46:16,12,09/06/2025,17:54:00
M,52.0,59787,21,09/06/2025,17:07:56,17,09/06/2025,17:35:40
M,24.0,1308,21,09/06/2025,17:41:07,9,09/06/2025,18:00:45
F,35.0,62315,21,09/06/2025,17:16:01,16,09/06/2025,17:31:36
M,51.0,72657,23,09/06/2025,17:37:08,21,09/06/2025,17:50:57
F,23.0,12726,1,09/06/2025,18:11:27,11,09/06/2025,18:15:54
M,33.0,76782,1,09/06/2025,18:30:35,7,09/06/2025,18:48:26
M,32.0,33227,1,09/06/2025,18:24:46,13,09/06/2025,18:39:17
M,22.0,84449,2,09/06/2025,18:45:58,12,09/06/2025,19:03:37
M,16.0,15428,3,09/06/2025,18:08:03,24,09/06/2025,18:27:33
M,32.0,58969,3,09/06/2025,18:57:27,13,09/06/2025,19:05:21
M,43.0,64041,3,09/06/2025,18:38:25,11,09/06/2025,19:03:08
M,16.0,87586,4,09/06/2025,18:50:05,8,09/06/2025,19:05:31
F,29.0,51304,4,09/06/2025,18:43:45,15,09/06/2025,19:15:23
M,31.0,14107,4,09/06/2025,18:45:35,5,09/06/2025,19:09:32
M,20.0,31658,5,09/06/2025,18:53:44,9,09/06/2025,19:08:47
F,29.0,76063,5,09/06/2025,18:35:37,2,09/06/2025,18:52:38
M,31.0,91921,5,09/06/2025,18:40:46,14,09/06/2025,19:02:20
M,16.0,25411,6,09/06/2025,18:46:23,1,09/06/2025,18:56:52
M,30.0,12878,6,09/06/2025,18:41:00,16,09/06/2025,18:44:00
M,29.0,92568,6,09/06/2025,18:47:03,18,09/06/2025,19:04:33
M,38.0,17108,8,09/06/2025,18:37:03,19,09/06/2025,18:58:58
F,38.0,39968,8,09/06/2025,18:38:49,2,09/06/2025,18:52:15
F,53.0,21198,9,09/06/2025,18:28:16,24,09/06/2025,18:34:16
M,39.0,91659,10,09/06/2025,18:04:48,20,09/06/2025,18:15:31
F,37.0,77639,10,09/06/2025,18:01:44,24,09/06/2025,18:15:52
M,25.0,84973,10,09/06/2025,18:45:50,15,09/06/2025,19:01:52
F,32.0,77164,11,09/06/2025,18:54:58,8,09/06/2025,19:11:05
M,38.0,84896,11,09/06/2025,18:32:25,6,09/06/2025,18:46:37
F,41.0,44061,11,09/06/2025,18:30:02,1,09/06/2025,19:03:46
M,26.0,77063,11,09/06/2025,18:11:26,10,09/06/2025,18:14:26
M,23.0,37808,12,09/06/2025,18:20:12,21,09/06/2025,18:35:06
M,27.0,66999,13,09/06/2025,18:54:01,8,09/06/2025,19:03:36
F,41.0,71726,13,09/06/2025,18:01:20,12,09/06/2025,18:15:47
F,50.0,30971,13,09/06/2025,18:18:10,20,09/06/2025,18:24:26
M,36.0,97588,14,09/06/2025,18:55:45,9,09/06/2025,19:03:20
M,25.0,62516,16,09/06/2025,18:30:21,18,09/06/2025,18:40:10
M,21.0,26228,16,09/06/2025,18:56:53,15,09/06/2025,19:06:13
M,31.0,99735,17,09/06/2025,18:07:11,10,09/06/2025,18:33:42
F,41.0,5733,17,09/06/2025,18:38:26,21,09/06/2025,18:49:38
F,42.0,92286,18,09/06/2025,18:14:32,22,09/06/2025,18:20:09
F,19.0,63300,18,09/06/2025,18:27:58,19,09/06/2025,18:49:29
M,33.0,48042,19,09/06/2025,18:28:24,20,09/06/2025,18:32:05
M,42.0,6982,21,09/06/2025,18:59:38,17,09/06/2025,19:14:47
M,58.0,24369,21,09/06/2025,18:15:59,22,09/06/2025,18:39:41
F,34.0,4292,21,09/06/2025,18:06:24,23,09/06/2025,18:24:10
F,38.0,44468,22,09/06/2025,18:06:01,6,09/06/2025,18:16:09
F,42.0,69083,23,09/06/2025,18:15:20,22,09/06/2025,18:29:32
M,42.0,57662,24,09/06/2025,18:07:53,12,09/06/2025,18:24:43
M,38.0,53387,1,09/06/2025,19:54:39,24,09/06/2025,20:02:52
F,20.0,91155,1,09/06/2025,19:17:12,18,09/06/2025,19:30:08
F,32.0,28063,1,09/06/2025,19:13:27,20,09/06/2025,19:28:08
M,26.0,57497,2,09/06/2025,19:15:20,3,09/06/2025,19:21:07
M,50.0,99731,3,09/06/2025,19:00:30,21,09/06/2025,19:10:08
M,31.0,44532,3,09/06/2025,19:45:57,12,09/06/2025,20:00:17
M,29.0,64760,3,09/06/2025,19:10:03,13,09/06/2025,19:13:03
M,42.0,76012,3,09/06/2025,19:58:40,2,09/06/2025,20:13:22
F,39.0,14211,3,09/06/2025,19:25:30,4,09/06/2025,19:44:35
F,31.0,47501,4,09/06/2025,19:50:06,8,09/06/2025,19:59:49
M,31.0,63785,4,09/06/2025,19:09:26,1,09/06/2025,19:19:08
M,42.0,3420,4,09/06/2025,19:08:22,5,09/06/2025,19:31:12
F,29.0,52844,5,09/06/2025,19:48:19,8,09/06/2025,20:08:46
M,27.0,92589,5,09/06/2025,19:16:58,19,09/06/2025,19:20:37
M,33.0,29854,6,09/06/2025,19:46:26,7,09/06/2025,19:49:26
M,21.0,21890,6,09/06/2025,19:02:48,17,09/06/2025,19:13:26
F,63.0,31180,8,09/06/2025,19:13:11,9,09/06/2025,19:31:31
M,49.0,83480,9,09/06/2025,19:49:10,13,09/06/2025,19:57:33
F,46.0,99055,9,09/06/2025,19:42:04,10,09/06/2025,19:45:40
M,23.0,30361,10,09/06/2025,19:14:53,5,09/06/2025,19:25:47
M,49.0,39348,10,09/06/2025,19:33:19,20,09/06/2025,19:47:53
M,21.0,87594,11,09/06/2025,19:16:59,1,09/06/2025,19:34:19
F,40.0,16723,12,09/06/2025,19:03:12,15,09/06/2025,19:17:27
M,24.0,31942,12,09/06/2025,19:45:52,4,09/06/2025,20:04:06
M,38.0,12325,13,09/06/2025,19:35:24,23,09/06/2025,19:54:21
F,39.0,44289,13,09/06/2025,19:18:59,1,09/06/2025,19:39:42
F,25.0,4582,14,09/06/2025,19:43:12,9,09/06/2025,20:01:17
M,54.0,46631,14,09/06/2025,19:00:01,5,09/06/2025,19:10:39
M,40.0,7663,16,09/06/2025,19:22:17,8,09/06/2025,19:34:02
M,20.0,4450,16,09/06/2025,19:32:11,23,09/06/2025,19:48:48
F,50.0,20363,18,09/06/2025,19:44:57,17,09/06/2025,19:57:26
M,29.0,62783,18,09/06/2025,19:49:21,13,09/06/2025,19:54:41
M,16.0,41338,18,09/06/2025,19:52:14,19,09/06/2025,20:07:22
F,44.0,89061,18,09/06/2025,19:07:23,12,09/06/2025,19:28:11
F,32.0,51148,18,09/06/2025,19:07:45,8,09/06/2025,19:23:55
F,48.0,84370,18,09/06/2025,19:49:31,14,09/06/2025,19:57:21
F,39.0,69481,18,09/06/2025,19:42:14,21,09/06/2025,20:00:46
M,41.0,42924,19,09/06/2025,19:46:50,20,09/06/2025,19:54:37
M,46.0,99981,20,09/06/2025,19:20:11,14,09/06/2025,19:40:22
M,30.0,84510,20,09/06/2025,19:11:00,3,09/06/2025,19:29:16
M,29.0,5656,20,09/06/2025,19:08:16,24,09/06/2025,19:18:33
F,23.0,48323,20,09/06/2025,19:19:26,15,09/06/2025,19:28:17
M,49.0,75476,21,09/06/2025,19:43:30,11,09/06/2025,20:06:28
F,35.0,79373,23,09/06/2025,19:07:29,9,09/06/2025,19:19:54
F,53.0,78526,24,09/06/2025,19:29:24,15,09/06/2025,19:55:16
F,19.0,45566,1,09/06/2025,20:30:47,10,09/06/2025,20:50:31
M,25.0,42911,2,09/06/2025,20:52:06,15,09/06/2025,20:57:04
M,48.0,15552,2,09/06/2025,20:42:27,1,09/06/2025,21:03:47
F,42.0,17020,4,09/06/2025,20:20:15,3,09/06/2025,20:43:15
M,31.0,57778,10,09/06/2025,20:24:53,13,09/06/2025,20:46:27
F,43.0,30404,11,09/06/2025,20:00:00,7,09/06/2025,20:33:09
M,20.0,8486,14,09/06/2025,20:13:28,11,09/06/2025,20:24:55
F,24.0,66451,16,09/06/2025,20:00:52,23,09/06/2025,20:12:36
F,26.0,52540,17,09/06/2025,20:22:26,16,09/06/2025,20:42:12
M,22.0,96117,18,09/06/2025,20:46:12,8,09/06/2025,20:57:07
F,41.0,36839,18,09/06/2025,20:06:48,23,09/06/2025,20:10:20
M,25.0,33628,18,09/06/2025,20:18:49,19,09/06/2025,20:38:51
M,31.0,50125,19,09/06/2025,20:25:09,14,09/06/2025,20:41:52
F,50.0,54091,21,09/06/2025,20:04:39,14,09/06/2025,20:12:55
F,47.0,92320,21,09/06/2025,20:14:45,12,09/06/2025,20:29:10
F,49.0,9039,21,09/06/2025,20:10:30,24,09/06/2025,20:16:45
M,28.0,76610,23,09/06/2025,20:56:19,20,09/06/2025,21:10:32
M,51.0,69225,24,09/06/2025,20:14:51,15,09/06/2025,20:25:30
M,27.0,88846,1,09/06/2025,21:41:54,6,09/06/2025,22:02:54
M,52.0,79707,4,09/06/2025,21:34:56,3,09/06/2025,21:50:37
F,30.0,55426,5,09/06/2025,21:34:57,9,09/06/2025,21:48:47
M,47.0,67615,6,09/06/2025,21:33:36,1,09/06/2025,21:49:54
M,30.0,9577,6,09/06/2025,21:40:59,18,09/06/2025,21:43:59
M,45.0,53682,9,09/06/2025,21:13:14,21,09/06/2025,21:24:52
F,58.0,18898,12,09/06/2025,21:50:53,13,09/06/2025,21:58:38
M,34.0,99007,16,09/06/2025,21:48:14,23,09/06/2025,22:19:06
F,28.0,47521,17,09/06/2025,21:39:31,23,09/06/2025,21:50:08
M,25.0,47668,20,09/06/2025,21:15:07,10,09/06/2025,21:33:52
M,35.0,81190,21,09/06/2025,21:47:44,16,09/06/2025,22:06:53
M,16.0,88962,21,09/06/2025,21:10:53,17,09/06/2025,21:21:39
M,32.0,49626,21,09/06/2025,21:48:02,20,09/06/2025,21:51:02
F,25.0,44555,21,09/06/2025,21:41:51,7,09/06/2025,22:06:43
F,39.0,23741,24,09/06/2025,21:44:51,11,09/06/2025,22:01:30
M,31.0,95979,1,09/06/2025,22:36:23,6,09/06/2025,22:40:14
M,44.0,29953,4,09/06/2025,22:41:31,9,09/06/2025,22:55:47
F,47.0,33904,10,09/06/2025,22:17:32,5,09/06/2025,22:23:11
M,23.0,29837,11,09/06/2025,22:42:37,6,09/06/2025,23:02:58
M,42.0,65375,12,09/06/2025,22:04:21,7,09/06/2025,22:21:15
M,43.0,11291,17,09/06/2025,22:20:48,14,09/06/2025,22:32:18
M,42.0,10842,21,09/06/2025,22:37:53,7,09/06/2025,22:49:02
M,39.0,69057,23,09/06/2025,22:40:28,18,09/06/2025,22:50:04
F,39.0,8053,12,09/06/2025,23:42:23,15,09/06/2025,23:45:23
M,36.0,88926,17,09/06/2025,23:13:36,9,09/06/2025,23:19:06
F,26.0,95315,18,09/06/2025,23:02:26,17,09/06/2025,23:11:01
M,26.0,75765,19,09/06/2025,23:26:14,7,09/06/2025,23:37:50
F,27.0,50328,21,09/06/2025,23:35:31,22,09/06/2025,23:49:52
F,36.0,31040,10,10/06/2025,00:51:45,18,10/06/2025,01:05:21
M,39.0,79798,11,10/06/2025,00:01:45,7,10/06/2025,00:11:06
F,32.0,34151,12,10/06/2025,00:38:29,17,10/06/2025,00:52:44
M,28.0,28899,14,10/06/2025,00:42:17,13,10/06/2025,01:05:06
M,43.0,97556,17,10/06/2025,00:46:21,16,10/06/2025,00:50:46
M,16.0,58675,2,10/06/2025,01:17:10,7,10/06/2025,01:20:52
F,45.0,70364,3,10/06/2025,01:26:09,8,10/06/2025,01:40:42
M,36.0,18857,7,10/06/2025,01:26:48,10,10/06/2025,01:40:47
F,16.0,63913,19,10/06/2025,01:11:40,4,10/06/2025,01:28:03
M,49.0,75902,1,10/06/2025,02:48:15,6,10/06/2025,02:58:37
F,38.0,13461,20,10/06/2025,02:31:24,2,10/06/2025,02:34:24
M,21.0,35049,9,10/06/2025,03:59:06,8,10/06/2025,04:06:39
M,40.0,81029,11,10/06/2025,03:39:51,6,10/06/2025,03:50:53
F,42.0,80681,19,10/06/2025,03:57:16,13,10/06/2025,04:08:27
M,27.0,43555,22,10/06/2025,03:25:44,12,10/06/2025,03:34:26
F,42.0,55541,3,10/06/2025,04:53:51,21,10/06/2025,05:07:22
M,51.0,38193,19,10/06/2025,04:35:18,23,10/06/2025,04:46:11
F,35.0,30691,24,10/06/2025,04:23:00,20,10/06/2025,04:36:16
M,23.0,92237,4,10/06/2025,05:29:58,3,10/06/2025,05:57:03
M,43.0,38584,5,10/06/2025,05:37:26,23,10/06/2025,05:48:17
F,16.0,59035,9,10/06/2025,05:59:26,13,10/06/2025,06:13:21
M,44.0,10028,11,10/06/2025,05:28:05,3,10/06/2025,05:49:12
M,25.0,60602,17,10/06/2025,05:34:20,12,10/06/2025,05:51:53
M,17.0,19783,19,10/06/2025,05:10:39,12,10/06/2025,05:22:17
F,52.0,68056,6,10/06/2025,06:49:49,5,10/06/2025,07:11:53
M,39.0,31016,6,10/06/2025,06:03:01,12,10/06/2025,06:16:13
F,31.0,8027,6,10/06/2025,06:53:22,3,10/06/2025,07:05:45
F,39.0,20064,9,10/06/2025,06:46:54,4,10/06/2025,06:57:43
M,32.0,30010,10,10/06/2025,06:55:04,9,10/06/2025,07:02:59
M,39.0,19508,11,10/06/2025,06:57:35,17,10/06/2025,07:26:46
F,21.0,41961,13,10/06/2025,06:44:35,17,10/06/2025,07:02:35
M,30.0,49189,13,10/06/2025,06:26:54,22,10/06/2025,06:52:49
M,20.0,99559,14,10/06/2025,06:36:32,13,10/06/2025,06:44:47
M,40.0,27148,17,10/06/2025,06:50:27,12,10/06/2025,07:16:37
F,27.0,32333,17,10/06/2025,06:42:41,24,10/06/2025,06:50:51
F,27.0,34048,18,10/06/2025,06:32:01,5,10/06/2025,06:44:37
F,21.0,87915,19,10/06/2025,06:47:40,24,10/06/2025,07:09:29
M,61.0,95867,23,10/06/2025,06:55:12,22,10/06/2025,07:03:44
M,23.0,36600,23,10/06/2025,06:19:42,12,10/06/2025,06:24:21
F,16.0,52965,24,10/06/2025,06:40:00,2,10/06/2025,06:43:00
M,41.0,34551,2,10/06/2025,07:58:33,22,10/06/2025,08:08:18
M,34.0,52944,2,10/06/2025,07:38:14,18,10/06/2025,07:45:25
M,40.0,86483,2,10/06/2025,07:50:04,7,10/06/2025,08:03:21
M,16.0,87557,3,10/06/2025,07:40:40,17,10/06/2025,08:07:08
F,52.0,27775,3,10/06/2025,07:42:26,7,10/06/2025,07:49:13
M,29.0,52048,4,10/06/2025,07:34:09,18,10/06/2025,07:37:09
M,56.0,43872,8,10/06/2025,07:58:55,17,10/06/2025,08:23:32
M,26.0,75432,8,10/06/2025,07:30:59,12,10/06/2025,07:44:33
M,42.0,43710,10,10/06/2025,07:29:32,19,10/06/2025,07:46:14
M,19.0,8768,10,10/06/2025,07:44:15,15,10/06/2025,08:06:05
F,39.0,73585,10,10/06/2025,07:37:12,11,10/06/2025,07:42:07
F,28.0,63895,15,10/06/2025,07:06:38,1,10/06/2025,07:17:35
F,45.0,20628,16,10/06/2025,07:51:17,12,10/06/2025,07:58:00
M,27.0,34173,16,10/06/2025,07:38:54,8,10/06/2025,07:41:54
M,35.0,89784,17,10/06/2025,07:12:57,11,10/06/2025,07:22:21
M,27.0,84837,17,10/06/2025,07:21:27,21,10/06/2025,07:37:04
F,18.0,57950,18,10/06/2025,07:43:07,20,10/06/2025,07:56:01
M,46.0,36178,18,10/06/2025,07:14:16,17,10/06/2025,07:34:26
F,35.0,7800,18,10/06/2025,07:10:19,9,10/06/2025,07:22:10
M,42.0,12933,19,10/06/2025,07:33:32,2,10/06/2025,07:53:34
M,38.0,30582,19,10/06/2025,07:28:38,8,10/06/2025,07:35:57
M,33.0,68140,21,10/06/2025,07:45:14,24,10/06/2025,07:49:39
M,16.0,75801,21,10/06/2025,07:43:42,23,10/06/2025,08:02:31
M,38.0,97937,21,10/06/2025,07:34:24,17,10/06/2025,07:39:01
M,27.0,23256,24,10/06/2025,07:04:37,19,10/06/2025,07:13:29
M,31.0,50563,1,10/06/2025,08:14:25,14,10/06/2025,08:33:47
M,29.0,42128,2,10/06/2025,08:22:56,7,10/06/2025,08:36:49
M,34.0,23456,2,10/06/2025,08:36:40,11,10/06/2025,08:47:12
M,39.0,53916,3,10/06/2025,08:27:43,12,10/06/2025,08:41:06
F,49.0,90423,3,10/06/2025,08:39:00,10,10/06/2025,08:48:34
M,47.0,89224,3,10/06/2025,08:13:15,9,10/06/2025,08:20:27
M,23.0,32041,4,10/06/2025,08:29:38,12,10/06/2025,08:41:12
M,25.0,83921,4,10/06/2025,08:32:32,22,10/06/2025,08:45:03
F,27.0,56225,4,10/06/2025,08:49:03,10,10/06/2025,08:53:06
M,26.0,81477,4,10/06/2025,08:54:05,24,10/06/2025,09:11:22
M,23.0,74577,4,10/06/2025,08:58:37,22,10/06/2025,09:09:56
F,16.0,70876,5,10/06/2025,08:44:51,4,10/06/2025,08:52:52
M,23.0,38051,5,10/06/2025,08:01:50,12,10/06/2025,08:24:29
F,25.0,56706,5,10/06/2025,08:31:52,2,10/06/2025,08:43:01
F,21.0,51740,6,10/06/2025,08:02:42,20,10/06/2025,08:33:29
M,31.0,45974,7,10/06/2025,08:53:02,23,10/06/2025,08:56:59
F,44.0,98093,8,10/06/2025,08:27:18,24,10/06/2025,08:39:06
M,16.0,71348,9,10/06/2025,08:34:22,15,10/06/2025,08:38:50
M,45.0,35340,9,10/06/2025,08:25:18,2,10/06/2025,08:43:16
M,21.0,14633,10,10/06/2025,08:56:07,9,10/06/2025,09:04:35
M,16.0,37994,10,10/06/2025,08:43:48,8,10/06/2025,08:55:38
M,24.0,71002,10,10/06/2025,08:16:27,18,10/06/2025,08:27:25
M,17.0,34739,11,10/06/2025,08:02:31,12,10/06/2025,08:33:03
M,40.0,10156,11,10/06/2025,08:09:23,24,10/06/2025,08:23:50
F,38.0,50502,11,10/06/2025,08:32:41,3,10/06/2025,08:46:51
M,55.0,63923,12,10/06/2025,08:10:22,20,10/06/2025,08:23:15
M,24.0,51891,12,10/06/2025,08:13:43,4,10/06/2025,08:34:37
M,38.0,4270,13,10/06/2025,08:04:09,6,10/06/2025,08:33:49
F,36.0,83466,14,10/06/2025,08:02:06,11,10/06/2025,08:29:48
M,35.0,92957,16,10/06/2025,08:01:25,6,10/06/2025,08:09:45
F,22.0,83439,16,10/06/2025,08:37:35,12,10/06/2025,09:07:02
F,49.0,6016,16,10/06/2025,08:26:39,13,10/06/2025,08:51:23
M,38.0,10417,17,10/06/2025,08:42:39,23,10/06/2025,08:53:27
F,32.0,60157,17,10/06/2025,08:08:52,12,10/06/2025,08:20:53
F,56.0,30578,17,10/06/2025,08:41:01,13,10/06/2025,08:50:00
F,35.0,3282,17,10/06/2025,08:31:02,22,10/06/2025,08:56:55
F,39.0,57386,18,10/06/2025,08:12:18,17,10/06/2025,08:29:27
M,23.0,6559,19,10/06/2025,08:03:18,17,10/06/2025,08:06:18
M,36.0,3878,19,10/06/2025,08:05:36,14,10/06/2025,08:19:26
M,36.0,30010,20,10/06/2025,08:41:26,8,10/06/2025,08:52:59
M,25.0,92570,21,10/06/2025,08:41:37,13,10/06/2025,08:56:20
M,31.0,28267,21,10/06/2025,08:14:09,22,10/06/2025,08:35:44
F,52.0,88377,22,10/06/2025,08:25:36,11,10/06/2025,08:28:47
F,29.0,56469,24,10/06/2025,08:29:13,15,10/06/2025,08:51:41
M,39.0,94551,24,10/06/2025,08:06:59,9,10/06/2025,08:15:32
F,35.0,60350,1,10/06/2025,09:53:01,15,10/06/2025,10:12:57
M,40.0,20341,1,10/06/2025,09:44:15,5,10/06/2025,09:47:39
M,34.0,6341,4,10/06/2025,09:13:10,14,10/06/2025,09:30:52
F,55.0,66040,5,10/06/2025,09:23:49,4,10/06/2025,09:41:28
F,23.0,37691,5,10/06/2025,09:17:06,8,10/06/2025,09:38:29
M,41.0,85814,6,10/06/2025,09:21:31,2,10/06/2025,09:40:59
M,35.0,95718,7,10/06/2025,09:28:31,11,10/06/2025,09:33:58
M,29.0,29910,7,10/06/2025,09:19:33,13,10/06/2025,09:38:45
M,29.0,66892,7,10/06/2025,09:11:01,19,10/06/2025,09:36:45
M,20.0,72477,8,10/06/2025,09:25:37,22,10/06/2025,09:52:16
F,29.0,17486,8,10/06/2025,09:29:44,15,10/06/2025,09:44:28
M,29.0,23639,13,10/06/2025,09:29:46,9,10/06/2025,09:47:39
M,36.0,61711,15,10/06/2025,09:27:51,24,10/06/2025,09:36:15
M,47.0,66340,16,10/06/2025,09:51:23,17,10/06/2025,10:07:45
M,49.0,80940,16,10/06/2025,09:31:10,8,10/06/2025,09:47:05
F,16.0,77480,16,10/06/2025,09:10:15,22,10/06/2025,09:19:37
F,41.0,80359,17,10/06/2025,09:01:56,6,10/06/2025,09:09:08
F,19.0,76754,17,10/06/2025,09:07:02,22,10/06/2025,09:13:35
M,31.0,77991,17,10/06/2025,09:18:57,23,10/06/2025,09:40:29
M,43.0,57651,18,10/06/2025,09:17:48,5,10/06/2025,09:20:48
M,28.0,94829,18,10/06/2025,09:15:23,7,10/06/2025,09:29:45
F,20.0,10662,20,10/06/2025,09:07:57,12,10/06/2025,09:12:51
M,34.0,6025,21,10/06/2025,09:19:54,17,10/06/2025,09:26:24
F,41.0,79333,21,10/06/2025,09:02:09,9,10/06/2025,09:06:11
F,42.0,84840,21,10/06/2025,09:09:57,9,10/06/2025,09:17:42
M,38.0,89518,21,10/06/2025,09:55:15,17,10/06/2025,10:01:23
F,34.0,22800,22,10/06/2025,09:30:18,17,10/06/2025,09:44:41
F,18.0,62342,22,10/06/2025,09:34:41,17,10/06/2025,09:48:48
M,29.0,45789,23,10/06/2025,09:28:37,19,10/06/2025,09:48:46
M,33.0,3150,1,10/06/2025,10:56:03,6,10/06/2025,11:09:26
F,32.0,30401,2,10/06/2025,10:22:22,6,10/06/2025,10:41:22
M,38.0,87980,2,10/06/2025,10:15:53,11,10/06/2025,10:22:40
F,41.0,36063,2,10/06/2025,10:57:45,13,10/06/2025,11:11:30
F,34.0,65197,2,10/06/2025,10:27:59,9,10/06/2025,10:40:32
F,38.0,83283,2,10/06/2025,10:44:17,21,10/06/2025,10:56:00
M,34.0,18677,4,10/06/2025,10:55:24,10,10/06/2025,11:03:28
F,44.0,28776,5,10/06/2025,10:14:26,6,10/06/2025,10:27:34
M,36.0,21451,8,10/06/2025,10:32:26,11,10/06/2025,10:48:10
M,31.0,16378,10,10/06/2025,10:25:30,3,10/06/2025,10:29:56
M,23.0,61006,16,10/06/2025,10:57:36,17,10/06/2025,11:14:47
M,37.0,86415,17,10/06/2025,10:09:25,16,10/06/2025,10:17:19
F,28.0,70735,21,10/06/2025,10:37:43,22,10/06/2025,10:52:17
M,54.0,50325,1,10/06/2025,11:03:54,20,10/06/2025,11:24:11
M,43.0,47242,8,10/06/2025,11:51:25,4,10/06/2025,11:54:25
M,28.0,56525,12,10/06/2025,11:20:36,11,10/06/2025,11:34:56
M,16.0,48363,13,10/06/2025,11:19:45,8,10/06/2025,11:46:21
M,32.0,10875,15,10/06/2025,11:14:10,10,10/06/2025,11:19:28
F,32.0,13649,20,10/06/2025,11:42:39,18,10/06/2025,11:49:00
F,48.0,65991,24,10/06/2025,11:55:38,23,10/06/2025,12:15:10
M,28.0,54615,2,10/06/2025,12:47:49,22,10/06/2025,13:00:54
M,41.0,96953,5,10/06/2025,12:15:24,9,10/06/2025,12:27:16
F,34.0,34507,11,10/06/2025,12:16:01,2,10/06/2025,12:28:15
M,43.0,21913,11,10/06/2025,12:01:02,4,10/06/2025,12:15:11
F,42.0,19532,17,10/06/2025,12:43:34,7,10/06/2025,13:03:40
F,38.0,26397,18,10/06/2025,12:08:09,14,10/06/2025,12:24:51
F,17.0,1953,20,10/06/2025,12:38:06,2,10/06/2025,12:58:12
F,23.0,86928,4,10/06/2025,13:13:24,7,10/06/2025,13:27:46
F,32.0,80270,13,10/06/2025,13:32:48,17,10/06/2025,13:51:07
M,32.0,71424,1,10/06/2025,14:16:24,10,10/06/2025,14:34:17
F,36.0,83494,17,10/06/2025,14:56:36,6,10/06/2025,15:17:47
F,32.0,26269,24,10/06/2025,14:24:37,11,10/06/2025,14:37:42
M,60.0,28898,2,10/06/2025,15:19:45,1,10/06/2025,15:37:32
F,28.0,85890,5,10/06/2025,15:31:04,10,10/06/2025,15:42:44
M,37.0,57069,9,10/06/2025,15:33:27,4,10/06/2025,15:55:24
M,28.0,70693,9,10/06/2025,15:22:53,8,10/06/2025,15:35:25
M,27.0,39174,10,10/06/2025,15:44:51,4,10/06/2025,16:02:02
M,33.0,62109,15,10/06/2025,15:58:51,20,10/06/2025,16:14:18
M,29.0,86250,18,10/06/2025,15:02:07,14,10/06/2025,15:13:41
F,40.0,96875,18,10/06/2025,15:25:51,23,10/06/2025,15:55:41
M,40.0,59247,24,10/06/2025,15:17:45,13,10/06/2025,15:23:46
F,43.0,28318,2,10/06/2025,16:33:52,7,10/06/2025,16:45:00
F,16.0,78653,2,10/06/2025,16:51:50,18,10/06/2025,17:06:43
M,16.0,27415,3,10/06/2025,16:57:51,2,10/06/2025,17:07:44
F,28.0,56174,4,10/06/2025,16:48:03,20,10/06/2025,17:02:24
F,30.0,24281,5,10/06/2025,16:13:05,7,10/06/2025,16:37:20
M,42.0,50046,5,10/06/2025,16:37:03,16,10/06/2025,16:54:42
M,44.0,64243,5,10/06/2025,16:13:12,22,10/06/2025,16:30:50
F,43.0,48153,6,10/06/2025,16:31:52,14,10/06/2025,16:38:01
F,41.0,5858,11,10/06/2025,16:01:40,23,10/06/2025,16:17:55
M,35.0,37609,11,10/06/2025,16:37:51,12,10/06/2025,16:49:11
M,36.0,5098,12,10/06/2025,16:26:05,9,10/06/2025,16:32:41
M,35.0,90645,13,10/06/2025,16:05:19,20,10/06/2025,16:13:15
M,32.0,34825,15,10/06/2025,16:55:19,9,10/06/2025,17:13:27
M,45.0,33207,16,10/06/2025,16:51:53,23,10/06/2025,17:03:41
M,34.0,89191,16,10/06/2025,16:10:58,23,10/06/2025,16:36:09
M,47.0,33078,17,10/06/2025,16:57:40,15,10/06/2025,17:11:35
F,31.0,44196,21,10/06/2025,16:05:00,15,10/06/2025,16:22:40
F,48.0,97631,1,10/06/2025,17:16:12,7,10/06/2025,17:32:18
F,42.0,59250,1,10/06/2025,17:42:02,20,10/06/2025,17:59:02
M,35.0,85050,2,10/06/2025,17:39:40,7,10/06/2025,17:42:40
M,48.0,61876,2,10/06/2025,17:36:12,18,10/06/2025,17:48:17
M,19.0,81831,4,10/06/2025,17:35:25,20,10/06/2025,17:52:34
M,39.0,92545,4,10/06/2025,17:35:14,3,10/06/2025,17:47:10
F,38.0,63419,5,10/06/2025,17:19:48,9,10/06/2025,17:31:20
M,22.0,56424,6,10/06/2025,17:58:13,2,10/06/2025,18:14:09
F,16.0,8323,6,10/06/2025,17:11:35,2,10/06/2025,17:22:07
F,46.0,61756,7,10/06/2025,17:10:25,3,10/06/2025,17:26:36
F,29.0,11266,9,10/06/2025,17:32:59,12,10/06/2025,17:39:51
M,61.0,84262,9,10/06/2025,17:43:39,10,10/06/2025,18:01:45
M,25.0,83513,9,10/06/2025,17:47:16,1,10/06/2025,18:08:09
F,19.0,82305,11,10/06/2025,17:16:08,6,10/06/2025,17:26:34
M,37.0,44605,12,10/06/2025,17:16:37,1,10/06/2025,17:22:58
M,41.0,49073,16,10/06/2025,17:46:42,11,10/06/2025,17:56:32
M,27.0,59610,16,10/06/2025,17:19:18,19,10/06/2025,17:34:44
M,55.0,66368,17,10/06/2025,17:17:20,20,10/06/2025,17:43:10
M,46.0,73745,19,10/06/2025,17:14:40,11,10/06/2025,17:28:02
F,20.0,24843,20,10/06/2025,17:08:48,15,10/06/2025,17:34:07
M,43.0,69711,20,10/06/2025,17:13:09,15,10/06/2025,17:27:59
M,21.0,80715,20,10/06/2025,17:38:36,24,10/06/2025,17:55:33
M,32.0,8635,21,10/06/2025,17:23:14,14,10/06/2025,17:38:36
M,45.0,85465,23,10/06/2025,17:17:30,20,10/06/2025,17:23:14
M,26.0,9630,23,10/06/2025,17:21:12,13,10/06/2025,17:51:43
F,24.0,56187,24,10/06/2025,17:56:17,21,10/06/2025,18:15:16
F,23.0,6053,2,10/06/2025,18:58:41,6,10/06/2025,19:24:18
M,29.0,64702,2,10/06/2025,18:29:01,12,10/06/2025,18:39:36
M,32.0,11352,3,10/06/2025,18:26:36,18,10/06/2025,18:40:20
M,20.0,57000,3,10/06/2025,18:21:23,13,10/06/2025,18:26:40
F,50.0,92677,4,10/06/2025,18:21:43,9,10/06/2025,18:27:57
F,59.0,53400,4,10/06/2025,18:34:26,19,10/06/2025,18:49:11
M,23.0,14054,5,10/06/2025,18:08:28,9,10/06/2025,18:23:16
M,29.0,26869,5,10/06/2025,18:35:36,4,10/06/2025,18:38:36
F,50.0,89457,6,10/06/2025,18:02:22,12,10/06/2025,18:11:19
F,38.0,86857,6,10/06/2025,18:11:47,1,10/06/2025,18:28:26
F,33.0,34153,7,10/06/2025,18:58:11,11,10/06/2025,19:08:14
F,29.0,68474,8,10/06/2025,18:38:28,7,10/06/2025,18:54:09
M,29.0,47409,12,10/06/2025,18:48:57,18,10/06/2025,19:06:09
M,35.0,68476,13,10/06/2025,18:25:55,22,10/06/2025,18:42:57
M,21.0,63866,15,10/06/2025,18:41:10,14,10/06/2025,18:48:46
M,22.0,41037,15,10/06/2025,18:33:00,8,10/06/2025,18:36:00
F,40.0,2947,15,10/06/2025,18:36:31,20,10/06/2025,18:48:35
M,45.0,85280,15,10/06/2025,18:35:57,9,10/06/2025,19:08:10
F,38.0,14861,15,10/06/2025,18:25:04,18,10/06/2025,18:39:13
M,22.0,96952,16,10/06/2025,18:41:25,4,10/06/2025,18:53:29
F,30.0,38767,16,10/06/2025,18:41:07,4,10/06/2025,18:50:41
M,32.0,21718,17,10/06/2025,18:38:44,13,10/06/2025,18:52:22
M,55.0,63891,17,10/06/2025,18:07:30,18,10/06/2025,18:20:24
M,35.0,96170,18,10/06/2025,18:38:57,14,10/06/2025,18:46:36
M,19.0,1435,18,10/06/2025,18:50:45,12,10/06/2025,18:59:45
M,34.0,77125,18,10/06/2025,18:04:12,13,10/06/2025,18:17:56
M,57.0,51403,19,10/06/2025,18:14:01,15,10/06/2025,18:20:10
M,25.0,72973,20,10/06/2025,18:02:42,11,10/06/2025,18:16:25
M,46.0,11598,20,10/06/2025,18:28:50,17,10/06/2025,18:37:25
M,43.0,72659,20,10/06/2025,18:36:20,15,10/06/2025,18:44:06
M,27.0,77750,23,10/06/2025,18:55:54,13,10/06/2025,19:12:47
M,39.0,76098,24,10/06/2025,18:16:23,1,10/06/2025,18:22:17
M,25.0,54394,1,10/06/2025,19:32:03,5,10/06/2025,19:45:53
M,21.0,52241,2,10/06/2025,19:48:31,3,10/06/2025,19:57:22
F,32.0,64030,2,10/06/2025,19:31:12,7,10/06/2025,19:45:31
M,30.0,75512,2,10/06/2025,19:54:23,1,10/06/2025,20:04:00
M,38.0,23877,6,10/06/2025,19:40:46,14,10/06/2025,20:02:56
M,42.0,62154,6,10/06/2025,19:55:06,12,10/06/2025,20:04:36
F,59.0,47998,7,10/06/2025,19:24:52,2,10/06/2025,19:45:19
M,16.0,97948,7,10/06/2025,19:10:58,16,10/06/2025,19:25:08
M,42.0,25144,9,10/06/2025,19:42:01,10,10/06/2025,19:53:06
F,23.0,41421,9,10/06/2025,19:24:09,7,10/06/2025,19:29:14
F,32.0,92886,9,10/06/2025,19:16:31,6,10/06/2025,19:32:58
F,46.0,83510,10,10/06/2025,19:37:43,2,10/06/2025,19:51:59
M,27.0,12863,10,10/06/2025,19:00:31,1,10/06/2025,19:20:19
M,52.0,28729,11,10/06/2025,19:38:03,20,10/06/2025,19:55:42
M,37.0,34956,11,10/06/2025,19:27:22,16,10/06/2025,19:41:11
F,32.0,1237,12,10/06/2025,19:12:22,11,10/06/2025,19:22:05
M,27.0,37287,13,10/06/2025,19:03:40,12,10/06/2025,19:20:08
M,20.0,15610,17,10/06/2025,19:14:50,4,10/06/2025,19:25:32
M,42.0,77379,18,10/06/2025,19:50:25,13,10/06/2025,20:02:18
F,40.0,88907,19,10/06/2025,19:29:36,3,10/06/2025,19:37:11
M,41.0,66405,19,10/06/2025,19:29:04,15,10/06/2025,19:38:12
F,38.0,11568,22,10/06/2025,19:24:37,7,10/06/2025,19:38:41
M,16.0,36773,23,10/06/2025,19:36:13,15,10/06/2025,19:50:41
F,33.0,67568,1,10/06/2025,20:29:23,7,10/06/2025,20:32:23
M,34.0,12648,3,10/06/2025,20:04:56,17,10/06/2025,20:20:16
M,23.0,3351,3,10/06/2025,20:40:10,19,10/06/2025,21:00:24
F,19.0,65723,4,10/06/2025,20:25:36,10,10/06/2025,20:41:36
F,21.0,65358,5,10/06/2025,20:01:38,10,10/06/2025,20:23:29
M,35.0,54157,5,10/06/2025,20:32:43,18,10/06/2025,20:38:04
F,42.0,79934,6,10/06/2025,20:53:33,11,10/06/2025,20:56:33
F,38.0,68233,6,10/06/2025,20:56:23,12,10/06/2025,21:06:54
M,49.0,83487,6,10/06/2025,20:18:11,14,10/06/2025,20:30:58
M,37.0,7530,8,10/06/2025,20:43:21,9,10/06/2025,21:16:49
M,25.0,18695,9,10/06/2025,20:27:43,20,10/06/2025,20:33:31
M,48.0,65016,10,10/06/2025,20:08:17,9,10/06/2025,20:32:39
F,30.0,3275,11,10/06/2025,20:48:43,7,10/06/2025,21:06:03
M,44.0,82388,12,10/06/2025,20:46:08,2,10/06/2025,21:00:49
F,23.0,96023,14,10/06/2025,20:11:07,19,10/06/2025,20:30:31
F,16.0,52292,15,10/06/2025,20:31:35,20,10/06/2025,20:47:55
F,49.0,89076,16,10/06/2025,20:47:09,1,10/06/2025,21:03:45
M,21.0,12108,18,10/06/2025,20:45:09,7,10/06/2025,20:58:19
M,21.0,31517,18,10/06/2025,20:23:26,24,10/06/2025,20:26:26
M,37.0,77967,18,10/06/2025,20:19:54,16,10/06/2025,20:42:07
F,37.0,3349,20,10/06/2025,20:00:34,22,10/06/2025,20:13:52
M,18.0,18375,22,10/06/2025,20:31:52,23,10/06/2025,20:35:09
M,35.0,87559,22,10/06/2025,20:29:00,23,10/06/2025,20:41:33
M,43.0,64730,24,10/06/2025,20:31:20,11,10/06/2025,20:44:51
M,38.0,63245,1,10/06/2025,21:58:42,6,10/06/2025,22:14:29
M,38.0,89771,4,10/06/2025,21:43:31,7,10/06/2025,22:00:39
F,31.0,43426,4,10/06/2025,21:54:05,21,10/06/2025,22:01:45
M,21.0,91081,8,10/06/2025,21:03:33,24,10/06/2025,21:28:23
M,20.0,74551,12,10/06/2025,21:54:43,2,10/06/2025,22:04:03
M,45.0,8409,20,10/06/2025,21:13:52,22,10/06/2025,21:35:36
F,23.0,79576,22,10/06/2025,21:47:35,12,10/06/2025,22:03:44
M,37.0,61104,10,10/06/2025,22:31:00,24,10/06/2025,22:42:09
M,48.0,64793,12,10/06/2025,22:20:25,15,10/06/2025,22:41:31
M,17.0,30774,15,10/06/2025,22:50:05,13,10/06/2025,23:18:01
M,33.0,5985,17,10/06/2025,22:48:02,21,10/06/2025,23:06:35
F,29.0,46429,18,10/06/2025,22:02:09,17,10/06/2025,22:20:30
M,59.0,46657,19,10/06/2025,22:04:50,18,10/06/2025,22:17:07
F,43.0,57343,20,10/06/2025,22:20:55,22,10/06/2025,22:27:29
M,40.0,4142,13,10/06/2025,23:21:42,24,10/06/2025,23:41:43
F,35.0,47169,20,10/06/2025,23:39:29,1,10/06/2025,23:56:24
M,24.0,48324,22,10/06/2025,23:22:16,19,10/06/2025,23:39:56
F,27.0,2817,23,10/06/2025,23:27:57,10,10/06/2025,23:34:50
M,31.0,67407,12,11/06/2025,00:18:19,7,11/06/2025,00:28:00
F,32.0,56361,18,11/06/2025,00:30:53,9,11/06/2025,00:52:51
M,45.0,59925,21,11/06/2025,00:39:37,3,11/06/2025,00:42:37
M,25.0,37981,6,11/06/2025,01:44:55,12,11/06/2025,01:48:11
F,30.0,81699,12,11/06/2025,01:52:37,21,11/06/2025,02:02:02
F,24.0,80238,12,11/06/2025,01:08:09,7,11/06/2025,01:19:39
M,41.0,19027,1,11/06/2025,02:59:20,17,11/06/2025,03:12:38
M,28.0,68487,2,11/06/2025,02:21:52,14,11/06/2025,02:45:04
F,16.0,99558,3,11/06/2025,02:29:23,9,11/06/2025,02:33:50
M,35.0,67830,15,11/06/2025,02:12:00,17,11/06/2025,02:35:26
F,36.0,55518,18,11/06/2025,02:57:30,6,11/06/2025,03:07:23
M,20.0,83585,18,11/06/2025,02:29:14,21,11/06/2025,02:32:14
M,27.0,87453,2,11/06/2025,03:49:09,18,11/06/2025,03:57:06
M,40.0,1579,8,11/06/2025,03:30:08,5,11/06/2025,03:33:08
M,30.0,88394,3,11/06/2025,04:46:29,16,11/06/2025,05:08:45
M,42.0,37210,4,11/06/2025,04:43:36,22,11/06/2025,05:04:50
M,27.0,7224,5,11/06/2025,04:10:09,15,11/06/2025,04:33:02
M,45.0,93815,9,11/06/2025,04:17:36,14,11/06/2025,04:40:41
M,47.0,95349,14,11/06/2025,04:01:25,12,11/06/2025,04:18:22
M,46.0,86267,17,11/06/2025,04:57:52,24,11/06/2025,05:22:30
M,39.0,2882,19,11/06/2025,04:09:14,24,11/06/2025,04:24:10
M,34.0,82783,19,11/06/2025,04:43:52,24,11/06/2025,04:50:05
M,46.0,84734,1,11/06/2025,05:16:18,12,11/06/2025,05:19:52
M,47.0,99155,10,11/06/2025,05:08:14,5,11/06/2025,05:29:09
F,26.0,1353,13,11/06/2025,05:39:49,7,11/06/2025,05:49:34
M,42.0,32934,15,11/06/2025,05:46:50,12,11/06/2025,06:10:35
M,31.0,61901,1,11/06/2025,06:40:29,24,11/06/2025,06:49:03
M,20.0,57761,2,11/06/2025,06:02:40,21,11/06/2025,06:35:09
M,53.0,54518,2,11/06/2025,06:48:59,1,11/06/2025,06:58:02
F,26.0,29350,2,11/06/2025,06:23:53,15,11/06/2025,06:51:06
F,20.0,54138,3,11/06/2025,06:32:30,16,11/06/2025,06:48:13
M,21.0,36821,3,11/06/2025,06:18:11,10,11/06/2025,06:21:11
M,34.0,2142,6,11/06/2025,06:25:54,17,11/06/2025,06:37:40
F,33.0,83197,8,11/06/2025,06:17:30,18,11/06/2025,06:20:30
F,36.0,36043,10,11/06/2025,06:21:45,22,11/06/2025,06:38:20
M,30.0,67227,11,11/06/2025,06:06:07,10,11/06/2025,06:22:34
M,32.0,8866,11,11/06/2025,06:40:17,22,11/06/2025,06:52:09
M,37.0,75427,11,11/06/2025,06:56:29,3,11/06/2025,07:12:36
M,45.0,93635,13,11/06/2025,06:15:01,8,11/06/2025,06:33:16
M,23.0,57258,14,11/06/2025,06:57:56,15,11/06/2025,07:10:17
M,33.0,83978,15,11/06/2025,06:07:44,14,11/06/2025,06:26:51
M,45.0,32757,15,11/06/2025,06:52:51,5,11/06/2025,07:18:40
M,33.0,63484,15,11/06/2025,06:35:38,4,11/06/2025,07:00:06
M,29.0,47765,18,11/06/2025,06:59:37,11,11/06/2025,07:22:42
F,31.0,9767,21,11/06/2025,06:16:43,22,11/06/2025,06:25:29
M,28.0,64354,22,11/06/2025,06:00:23,14,11/06/2025,06:20:03
M,29.0,58776,23,11/06/2025,06:28:50,14,11/06/2025,06:49:02
M,45.0,76718,23,11/06/2025,06:54:21,19,11/06/2025,07:10:16
M,37.0,99190,24,11/06/2025,06:14:14,11,11/06/2025,06:29:59
F,43.0,47485,1,11/06/2025,07:21:07,17,11/06/2025,07:33:22
F,27.0,33978,1,11/06/2025,07:37:11,2,11/06/2025,07:57:15
F,37.0,6510,3,11/06/2025,07:17:50,7,11/06/2025,07:34:38
M,34.0,39687,6,11/06/2025,07:51:22,16,11/06/2025,08:12:31
F,28.0,65334,6,11/06/2025,07:32:16,3,11/06/2025,07:41:53
M,34.0,46913,6,11/06/2025,07:49:12,19,11/06/2025,07:52:12
M,25.0,48729,7,11/06/2025,07:21:53,9,11/06/2025,07:27:49
M,27.0,91293,8,11/06/2025,07:52:29,5,11/06/2025,07:59:27
M,46.0,87985,8,11/06/2025,07:55:03,11,11/06/2025,08:13:22
M,32.0,90922,8,11/06/2025,07:09:32,7,11/06/2025,07:12:32
F,39.0,70617,9,11/06/2025,07:07:18,10,11/06/2025,07:26:17
M,43.0,73576,9,11/06/2025,07:46:10,14,11/06/2025,08:02:40
M,28.0,23985,9,11/06/2025,07:08:54,1,11/06/2025,07:11:54
F,32.0,25648,9,11/06/2025,07:11:44,13,11/06/2025,07:23:53
F,38.0,22268,10,11/06/2025,07:53:25,13,11/06/2025,08:11:01
M,33.0,55354,11,11/06/2025,07:55:07,17,11/06/2025,07:58:07
F,34.0,93553,11,11/06/2025,07:00:47,19,11/06/2025,07:23:51
M,28.0,21647,12,11/06/2025,07:35:57,1,11/06/2025,07:48:01
M,26.0,3380,13,11/06/2025,07:50:59,1,11/06/2025,08:02:30
F,31.0,52924,13,11/06/2025,07:48:35,22,11/06/2025,08:12:05
M,39.0,35661,14,11/06/2025,07:51:18,7,11/06/2025,08:11:22
M,25.0,52428,15,11/06/2025,07:29:41,10,11/06/2025,07:49:47
M,37.0,43758,18,11/06/2025,07:57:00,4,11/06/2025,08:25:27
F,48.0,37132,19,11/06/2025,07:39:01,9,11/06/2025,08:00:13
M,23.0,60923,20,11/06/2025,07:02:44,24,11/06/2025,07:10:38
M,36.0,42680,20,11/06/2025,07:09:43,12,11/06/2025,07:16:45
F,45.0,47990,22,11/06/2025,07:36:44,21,11/06/2025,07:59:31
F,45.0,53984,23,11/06/2025,07:34:38,3,11/06/2025,07:49:22
M,16.0,14016,1,11/06/2025,08:51:43,24,11/06/2025,09:06:22
M,39.0,2539,2,11/06/2025,08:54:39,24,11/06/2025,09:22:54
M,48.0,13580,2,11/06/2025,08:50:37,14,11/06/2025,09:18:06
F,39.0,96751,2,11/06/2025,08:58:52,3,11/06/2025,09:05:51
M,30.0,39695,3,11/06/2025,08:50:38,22,11/06/2025,09:18:57
M,49.0,30902,3,11/06/2025,08:52:38,17,11/06/2025,09:03:03
M,37.0,95184,3,11/06/2025,08:07:09,18,11/06/2025,08:27:13
M,17.0,49482,3,11/06/2025,08:08:13,2,11/06/2025,08:23:48
F,41.0,66211,4,11/06/2025,08:00:11,6,11/06/2025,08:17:21
M,49.0,61679,6,11/06/2025,08:03:03,11,11/06/2025,08:21:00
F,67.0,26523,7,11/06/2025,08:06:24,9,11/06/2025,08:28:40
F,48.0,92720,8,11/06/2025,08:43:33,4,11/06/2025,08:46:33
M,33.0,98664,8,11/06/2025,08:25:07,23,11/06/2025,08:44:48
F,32.0,7020,8,11/06/2025,08:11:14,4,11/06/2025,08:32:05
F,22.0,13907,9,11/06/2025,08:02:51,6,11/06/2025,08:07:44
M,53.0,75069,9,11/06/2025,08:18:22,7,11/06/2025,08:27:27
M,41.0,34261,9,11/06/2025,08:53:28,10,11/06/2025,09:05:21
M,61.0,20943,10,11/06/2025,08:29:24,13,11/06/2025,08:50:06
M,37.0,80352,10,11/06/2025,08:26:34,4,11/06/2025,08:39:53
M,30.0,92002,10,11/06/2025,08:52:56,8,11/06/2025,09:06:23
F,31.0,97906,10,11/06/2025,08:29:01,7,11/06/2025,08:45:49
M,35.0,69109,10,11/06/2025,08:12:39,21,11/06/2025,08:15:39
M,16.0,88922,11,11/06/2025,08:52:17,6,11/06/2025,09:10:02
F,51.0,3371,11,11/06/2025,08:15:48,7,11/06/2025,08:39:30
F,43.0,11190,12,11/06/2025,08:22:50,21,11/06/2025,08:32:24
M,57.0,48266,13,11/06/2025,08:46:31,19,11/06/2025,08:51:12
M,46.0,13905,14,11/06/2025,08:17:44,18,11/06/2025,08:38:19
M,37.0,65691,14,11/06/2025,08:32:51,19,11/06/2025,08:35:51
F,21.0,33778,15,11/06/2025,08:09:57,20,11/06/2025,08:33:50
F,46.0,95371,16,11/06/2025,08:24:33,14,11/06/2025,08:27:33
M,32.0,37887,16,11/06/2025,08:57:19,15,11/06/2025,09:09:53
M,33.0,16322,16,11/06/2025,08:46:37,23,11/06/2025,09:10:03
F,16.0,68421,17,11/06/2025,08:47:01,18,11/06/2025,08:57:14
F,43.0,46992,17,11/06/2025,08:33:56,21,11/06/2025,08:57:34
F,44.0,74758,17,11/06/2025,08:35:06,15,11/06/2025,08:52:52
M,33.0,52552,19,11/06/2025,08:36:50,9,11/06/2025,08:46:45
F,26.0,78629,19,11/06/2025,08:51:41,13,11/06/2025,09:07:57
F,27.0,28979,22,11/06/2025,08:01:11,1,11/06/2025,08:14:40
M,25.0,80082,23,11/06/2025,08:01:15,17,11/06/2025,08:22:16
F,34.0,3081,24,11/06/2025,08:42:46,13,11/06/2025,09:01:02
M,23.0,89144,2,11/06/2025,09:00:00,12,11/06/2025,09:11:50
M,39.0,51595,2,11/06/2025,09:56:00,14,11/06/2025,10:22:41
M,46.0,50428,4,11/06/2025,09:58:25,10,11/06/2025,10:15:08
M,16.0,58530,5,11/06/2025,09:23:26,17,11/06/2025,09:35:46
F,42.0,29867,5,11/06/2025,09:53:48,4,11/06/2025,10:01:23
F,37.0,17839,5,11/06/2025,09:23:19,9,11/06/2025,09:27:14
M,54.0,75842,5,11/06/2025,09:08:32,10,11/06/2025,09:19:39
F,35.0,41975,8,11/06/2025,09:48:14,16,11/06/2025,09:59:13
M,37.0,87893,9,11/06/2025,09:37:53,10,11/06/2025,09:54:38
F,35.0,87177,9,11/06/2025,09:54:08,2,11/06/2025,10:16:11
M,46.0,69852,10,11/06/2025,09:39:12,4,11/06/2025,09:51:50
M,20.0,24289,10,11/06/2025,09:13:37,3,11/06/2025,09:21:10
F,54.0,64343,10,11/06/2025,09:19:48,6,11/06/2025,09:35:17
M,41.0,84356,10,11/06/2025,09:08:23,3,11/06/2025,09:31:13
F,31.0,74837,10,11/06/2025,09:55:03,8,11/06/2025,10:00:31
F,31.0,8075,14,11/06/2025,09:32:44,5,11/06/2025,09:40:09
M,34.0,73841,14,11/06/2025,09:12:22,19,11/06/2025,09:28:34
M,20.0,94527,16,11/06/2025,09:28:09,19,11/06/2025,09:37:47
M,28.0,80085,16,11/06/2025,09:57:54,20,11/06/2025,10:24:39
F,32.0,62276,17,11/06/2025,09:22:19,9,11/06/2025,09:26:59
M,38.0,32828,18,11/06/2025,09:13:45,9,11/06/2025,09:33:33
M,55.0,65410,18,11/06/2025,09:29:57,17,11/06/2025,09:51:16
M,30.0,18256,20,11/06/2025,09:42:35,19,11/06/2025,10:00:55
F,24.0,27296,20,11/06/2025,09:43:56,9,11/06/2025,09:56:41
M,50.0,89074,21,11/06/2025,09:45:27,24,11/06/2025,09:59:34
M,37.0,78129,22,11/06/2025,09:53:22,12,11/06/2025,10:04:09
M,22.0,35841,22,11/06/2025,09:30:41,9,11/06/2025,09:44:54
M,35.0,89051,24,11/06/2025,09:13:15,14,11/06/2025,09:28:09
M,30.0,75274,24,11/06/2025,09:38:43,20,11/06/2025,09:57:45
F,27.0,72676,1,11/06/2025,10:48:47,9,11/06/2025,10:54:11
M,23.0,47712,1,11/06/2025,10:05:58,24,11/06/2025,10:10:53
M,34.0,79489,4,11/06/2025,10:04:55,9,11/06/2025,10:13:27
M,30.0,94029,4,11/06/2025,10:07:38,10,11/06/2025,10:26:53
M,41.0,62098,5,11/06/2025,10:33:27,19,11/06/2025,10:46:08
F,43.0,25873,8,11/06/2025,10:50:29,12,11/06/2025,11:05:43
M,31.0,33432,10,11/06/2025,10:45:30,8,11/06/2025,10:48:30
M,34.0,81072,10,11/06/2025,10:52:27,5,11/06/2025,11:02:25
F,30.0,38189,11,11/06/2025,10:37:46,13,11/06/2025,10:42:26
F,47.0,85419,15,11/06/2025,10:12:09,13,11/06/2025,10:23:57
F,26.0,62470,16,11/06/2025,10:46:40,22,11/06/2025,11:02:50
M,41.0,8020,18,11/06/2025,10:10:25,23,11/06/2025,10:23:20
M,35.0,23197,19,11/06/2025,10:13:47,1,11/06/2025,10:17:31
F,16.0,83153,20,11/06/2025,10:15:23,17,11/06/2025,10:34:35
F,46.0,79402,3,11/06/2025,11:34:27,24,11/06/2025,11:48:40
M,16.0,81234,3,11/06/2025,11:07:47,12,11/06/2025,11:35:32
F,57.0,45096,6,11/06/2025,11:33:33,2,11/06/2025,11:52:19
M,25.0,49171,7,11/06/2025,11:10:43,8,11/06/2025,11:31:34
F,26.0,4724,8,11/06/2025,11:34:22,16,11/06/2025,12:01:26
F,41.0,40872,9,11/06/2025,11:39:03,10,11/06/2025,11:51:20
M,21.0,13893,14,11/06/2025,11:20:32,19,11/06/2025,11:36:09
M,53.0,45254,15,11/06/2025,11:10:31,14,11/06/2025,11:22:15
F,39.0,40941,15,11/06/2025,11:05:35,22,11/06/2025,11:15:18
F,39.0,12574,18,11/06/2025,11:10:04,4,11/06/2025,11:31:30
M,32.0,50312,22,11/06/2025,12:47:22,8,11/06/2025,13:07:23
M,34.0,14017,22,11/06/2025,12:00:08,6,11/06/2025,12:20:54
M,33.0,21830,4,11/06/2025,13:13:31,5,11/06/2025,13:30:07
F,27.0,63255,4,11/06/2025,13:17:34,6,11/06/2025,13:28:08
F,38.0,90524,10,11/06/2025,13:01:14,20,11/06/2025,13:15:24
F,46.0,43258,15,11/06/2025,13:57:51,14,11/06/2025,14:18:43
F,58.0,79378,19,11/06/2025,13:28:01,16,11/06/2025,13:37:46
F,19.0,3774,20,11/06/2025,13:10:19,19,11/06/2025,13:13:19
M,43.0,48903,2,11/06/2025,14:59:51,22,11/06/2025,15:14:04
F,30.0,22761,3,11/06/2025,14:37:04,10,11/06/2025,14:57:18
F,40.0,18955,6,11/06/2025,14:02:29,2,11/06/2025,14:16:13
M,32.0,44717,8,11/06/2025,14:52:46,3,11/06/2025,15:10:24
F,20.0,20911,1,11/06/2025,15:42:17,7,11/06/2025,16:02:15
F,36.0,51354,3,11/06/2025,15:23:01,21,11/06/2025,15:37:30
M,42.0,28379,6,11/06/2025,15:22:07,4,11/06/2025,15:45:41
M,53.0,93842,8,11/06/2025,15:10:09,1,11/06/2025,15:23:52
F,53.0,72879,8,11/06/2025,15:30:21,9,11/06/2025,15:50:16
F,31.0,64226,11,11/06/2025,15:48:59,2,11/06/2025,16:03:26
M,41.0,47553,11,11/06/2025,15:49:57,13,11/06/2025,16:19:09
M,20.0,76522,14,11/06/2025,15:19:17,9,11/06/2025,15:34:52
F,34.0,53109,19,11/06/2025,15:23:05,23,11/06/2025,15:38:08
M,44.0,80852,20,11/06/2025,15:11:42,10,11/06/2025,15:22:43
M,32.0,7937,24,11/06/2025,15:06:42,9,11/06/2025,15:20:04
M,46.0,97213,1,11/06/2025,16:41:30,6,11/06/2025,17:05:45
F,24.0,64790,1,11/06/2025,16:01:55,15,11/06/2025,16:22:05
M,27.0,31942,2,11/06/2025,16:40:44,8,11/06/2025,16:55:27
F,39.0,59659,4,11/06/2025,16:20:24,9,11/06/2025,16:39:33
F,40.0,6924,5,11/06/2025,16:38:49,17,11/06/2025,16:52:46
M,32.0,7948,5,11/06/2025,16:57:36,9,11/06/2025,17:14:51
F,34.0,79240,8,11/06/2025,16:13:39,13,11/06/2025,16:26:28
F,35.0,53341,9,11/06/2025,16:59:36,2,11/06/2025,17:23:14
M,17.0,54494,10,11/06/2025,16:07:09,2,11/06/2025,16:17:46
M,31.0,80558,10,11/06/2025,16:47:13,1,11/06/2025,17:06:31
M,28.0,25714,11,11/06/2025,16:26:40,1,11/06/2025,16:31:59
F,24.0,90248,11,11/06/2025,16:29:19,6,11/06/2025,16:33:08
F,28.0,5811,13,11/06/2025,16:38:17,8,11/06/2025,16:50:16
M,18.0,42721,14,11/06/2025,16:28:01,10,11/06/2025,16:48:14
M,37.0,71515,14,11/06/2025,16:31:21,17,11/06/2025,16:55:48
M,47.0,56155,16,11/06/2025,16:06:22,18,11/06/2025,16:21:32
F,16.0,78136,17,11/06/2025,16:33:50,7,11/06/2025,16:38:39
M,29.0,19033,17,11/06/2025,16:17:10,10,11/06/2025,16:26:57
F,52.0,22865,17,11/06/2025,16:27:10,2,11/06/2025,16:43:17
M,16.0,3729,18,11/06/2025,16:55:55,15,11/06/2025,17:16:48
M,16.0,69110,18,11/06/2025,16:00:00,24,11/06/2025,16:15:39
M,44.0,12472,19,11/06/2025,16:14:19,16,11/06/2025,16:17:19
M,34.0,40333,20,11/06/2025,16:56:56,1,11/06/2025,17:05:58
M,35.0,43396,1,11/06/2025,17:05:07,8,11/06/2025,17:21:32
M,50.0,64755,3,11/06/2025,17:04:26,8,11/06/2025,17:22:11
M,45.0,82627,4,11/06/2025,17:23:52,2,11/06/2025,17:35:41
M,47.0,23771,5,11/06/2025,17:27:15,7,11/06/2025,17:42:14
F,42.0,70214,6,11/06/2025,17:55:49,12,11/06/2025,18:06:10
M,38.0,99512,7,11/06/2025,17:54:35,11,11/06/2025,18:02:45
M,40.0,44938,8,11/06/2025,17:29:46,13,11/06/2025,17:42:18
M,35.0,89334,8,11/06/2025,17:14:54,3,11/06/2025,17:29:38
F,33.0,88217,12,11/06/2025,17:06:06,16,11/06/2025,17:19:40
M,36.0,67828,12,11/06/2025,17:19:26,22,11/06/2025,17:22:26
M,19.0,26530,12,11/06/2025,17:15:36,11,11/06/2025,17:33:05
M,44.0,53210,13,11/06/2025,17:47:27,14,11/06/2025,18:08:09
M,40.0,18025,13,11/06/2025,17:26:12,24,11/06/2025,17:44:54
F,37.0,53170,13,11/06/2025,17:30:33,24,11/06/2025,17:35:34
F,23.0,81839,14,11/06/2025,17:12:37,15,11/06/2025,17:27:37
M,61.0,23692,15,11/06/2025,17:20:22,10,11/06/2025,17:30:31
F,24.0,60566,16,11/06/2025,17:45:26,12,11/06/2025,18:03:11
F,29.0,98608,16,11/06/2025,17:58:35,11,11/06/2025,18:19:02
M,19.0,74083,17,11/06/2025,17:00:13,23,11/06/2025,17:15:19
M,32.0,52147,17,11/06/2025,17:23:29,23,11/06/2025,17:37:49
M,43.0,14753,17,11/06/2025,17:41:02,2,11/06/2025,17:44:02
F,35.0,53597,19,11/06/2025,17:09:56,12,11/06/2025,17:25:22
F,43.0,50718,20,11/06/2025,17:11:45,15,11/06/2025,17:30:13
F,36.0,37105,20,11/06/2025,17:18:07,14,11/06/2025,17:30:55
F,37.0,87434,20,11/06/2025,17:58:41,9,11/06/2025,18:02:09
F,24.0,76231,21,11/06/2025,17:34:13,15,11/06/2025,17:54:52
M,30.0,34897,21,11/06/2025,17:39:46,16,11/06/2025,17:59:06
M,38.0,24701,21,11/06/2025,17:05:46,17,11/06/2025,17:21:28
M,33.0,72852,21,11/06/2025,17:35:58,11,11/06/2025,17:40:51
M,41.0,7132,2,11/06/2025,18:48:52,13,11/06/2025,18:52:09
F,28.0,86729,3,11/06/2025,18:22:38,4,11/06/2025,18:43:51
M,26.0,89453,3,11/06/2025,18:19:07,13,11/06/2025,18:29:35
M,27.0,72310,4,11/06/2025,18:13:01,11,11/06/2025,18:41:37
F,36.0,11451,4,11/06/2025,18:02:39,3,11/06/2025,18:19:43
F,34.0,46591,4,11/06/2025,18:50:16,3,11/06/2025,19:07:21
M,19.0,3466,4,11/06/2025,18:17:06,9,11/06/2025,18:36:51
M,33.0,1341,5,11/06/2025,18:10:57,11,11/06/2025,18:31:47
F,25.0,11958,6,11/06/2025,18:30:45,19,11/06/2025,18:42:14
M,28.0,57361,7,11/06/2025,18:56:53,6,11/06/2025,19:02:24
F,41.0,76708,7,11/06/2025,18:37:20,12,11/06/2025,18:44:53
F,53.0,9683,8,11/06/2025,18:32:41,5,11/06/2025,18:51:02
F,32.0,94055,9,11/06/2025,18:56:36,14,11/06/2025,19:24:04
M,16.0,10421,9,11/06/2025,18:57:40,19,11/06/2025,19:09:30
F,37.0,23999,10,11/06/2025,18:49:49,14,11/06/2025,19:06:16
M,51.0,3935,11,11/06/2025,18:48:32,20,11/06/2025,19:04:49
M,16.0,75678,11,11/06/2025,18:40:39,21,11/06/2025,19:05:13
F,29.0,68267,12,11/06/2025,18:24:22,9,11/06/2025,18:31:08
M,42.0,89871,12,11/06/2025,18:52:19,23,11/06/2025,19:11:30
M,27.0,18925,14,11/06/2025,18:47:26,15,11/06/2025,19:00:20
M,23.0,36767,14,11/06/2025,18:03:28,20,11/06/2025,18:15:19
M,30.0,24245,14,11/06/2025,18:17:48,9,11/06/2025,18:27:36
M,23.0,48489,15,11/06/2025,18:58:30,22,11/06/2025,19:08:04
M,29.0,96997,15,11/06/2025,18:44:33,6,11/06/2025,19:11:36
M,56.0,43208,16,11/06/2025,18:17:55,9,11/06/2025,18:45:25
M,38.0,24148,17,11/06/2025,18:37:10,8,11/06/2025,18:54:02
F,32.0,32288,17,11/06/2025,18:29:09,22,11/06/2025,18:44:39
M,52.0,36316,17,11/06/2025,18:51:12,19,11/06/2025,19:01:37
M,34.0,78449,18,11/06/2025,18:03:09,12,11/06/2025,18:12:39
F,33.0,6872,18,11/06/2025,18:36:34,14,11/06/2025,18:39:49
M,32.0,87660,18,11/06/2025,18:40:09,24,11/06/2025,18:54:07
M,36.0,19332,18,11/06/2025,18:34:41,11,11/06/2025,18:39:11
M,33.0,41865,18,11/06/2025,18:06:50,11,11/06/2025,18:09:50
F,38.0,30676,19,11/06/2025,18:11:03,24,11/06/2025,18:14:03
M,49.0,86417,19,11/06/2025,18:46:35,12,11/06/2025,18:55:11
M,38.0,73133,19,11/06/2025,18:25:04,16,11/06/2025,18:45:48
M,24.0,33737,20,11/06/2025,18:03:10,15,11/06/2025,18:14:05
M,24.0,86264,21,11/06/2025,18:17:52,3,11/06/2025,18:42:50
M,17.0,91991,21,11/06/2025,18:04:20,15,11/06/2025,18:07:20
F,36.0,13452,21,11/06/2025,18:30:57,19,11/06/2025,18:33:57
F,21.0,35751,21,11/06/2025,18:25:14,16,11/06/2025,18:30:15
F,31.0,6519,23,11/06/2025,18:45:17,22,11/06/2025,18:56:02
M,44.0,36685,23,11/06/2025,18:51:01,4,11/06/2025,19:04:26
F,24.0,77101,24,11/06/2025,18:13:47,22,11/06/2025,18:26:43
M,16.0,42857,2,11/06/2025,19:30:42,1,11/06/2025,19:47:49
M,40.0,21771,2,11/06/2025,19:12:32,3,11/06/2025,19:15:32
F,32.0,53840,3,11/06/2025,19:11:32,21,11/06/2025,19:31:16
M,43.0,24144,3,11/06/2025,19:09:35,14,11/06/2025,19:30:20
M,32.0,28812,3,11/06/2025,19:02:02,6,11/06/2025,19:15:21
M,33.0,82398,5,11/06/2025,19:27:45,10,11/06/2025,19:52:31
M,16.0,16753,6,11/06/2025,19:38:41,14,11/06/2025,19:46:18
M,23.0,78145,7,11/06/2025,19:16:40,5,11/06/2025,19:30:57
F,39.0,82919,8,11/06/2025,19:20:00,13,11/06/2025,19:28:58
M,31.0,68348,9,11/06/2025,19:11:04,14,11/06/2025,19:33:29
M,22.0,29601,10,11/06/2025,19:42:13,5,11/06/2025,19:56:51
F,45.0,68548,10,11/06/2025,19:20:53,9,11/06/2025,19:35:32
M,30.0,47599,11,11/06/2025,19:16:28,9,11/06/2025,19:25:39
M,38.0,25243,11,11/06/2025,19:37:16,12,11/06/2025,19:50:01
F,44.0,64525,11,11/06/2025,19:00:50,18,11/06/2025,19:03:50
M,28.0,42608,11,11/06/2025,19:37:42,20,11/06/2025,19:44:31
F,32.0,56954,13,11/06/2025,19:20:21,8,11/06/2025,19:39:11
M,29.0,86850,14,11/06/2025,19:10:01,16,11/06/2025,19:23:43
F,16.0,9097,14,11/06/2025,19:06:48,23,11/06/2025,19:20:11
M,35.0,18855,15,11/06/2025,19:44:22,4,11/06/2025,20:11:42
M,33.0,30731,15,11/06/2025,19:09:29,2,11/06/2025,19:19:19
F,37.0,95028,15,11/06/2025,19:04:10,2,11/06/2025,19:23:48
M,25.0,54168,16,11/06/2025,19:10:18,6,11/06/2025,19:24:44
M,41.0,64312,16,11/06/2025,19:49:21,3,11/06/2025,20:08:06
M,30.0,1584,17,11/06/2025,19:15:37,8,11/06/2025,19:23:59
M,33.0,68398,17,11/06/2025,19:05:50,12,11/06/2025,19:08:50
M,34.0,25659,17,11/06/2025,19:18:23,12,11/06/2025,19:42:19
M,42.0,63994,17,11/06/2025,19:43:39,18,11/06/2025,19:59:19
M,32.0,24363,21,11/06/2025,19:54:58,8,11/06/2025,20:09:41
M,34.0,39000,21,11/06/2025,19:47:27,23,11/06/2025,20:08:31
M,36.0,39332,21,11/06/2025,19:25:01,8,11/06/2025,19:43:00
M,30.0,46860,21,11/06/2025,19:31:39,11,11/06/2025,19:41:16
M,22.0,65864,21,11/06/2025,19:57:00,7,11/06/2025,20:03:04
F,29.0,73972,21,11/06/2025,19:06:30,16,11/06/2025,19:30:32
M,35.0,58771,23,11/06/2025,19:48:10,18,11/06/2025,19:51:10
F,37.0,54569,23,11/06/2025,19:15:16,18,11/06/2025,19:29:38
F,30.0,31757,24,11/06/2025,19:00:27,19,11/06/2025,19:06:43
M,41.0,8520,1,11/06/2025,20:57:07,15,11/06/2025,21:09:37
M,37.0,81014,2,11/06/2025,20:14:57,12,11/06/2025,20:32:51
M,38.0,43223,3,11/06/2025,20:11:33,4,11/06/2025,20:27:28
F,23.0,5875,4,11/06/2025,20:51:52,14,11/06/2025,20:55:39
F,44.0,16972,6,11/06/2025,20:44:49,3,11/06/2025,21:17:26
F,38.0,10060,6,11/06/2025,20:52:13,11,11/06/2025,21:08:04
M,16.0,25726,11,11/06/2025,20:44:20,21,11/06/2025,21:01:38
M,19.0,73312,12,11/06/2025,20:31:32,8,11/06/2025,20:48:20
F,33.0,19307,12,11/06/2025,20:55:11,16,11/06/2025,20:58:11
F,37.0,16989,18,11/06/2025,20:23:58,14,11/06/2025,20:46:37
M,46.0,21628,19,11/06/2025,20:56:57,3,11/06/2025,21:04:19
M,54.0,48379,21,11/06/2025,20:50:36,10,11/06/2025,21:02:21
F,20.0,85317,22,11/06/2025,20:40:09,21,11/06/2025,21:04:23
M,35.0,27344,3,11/06/2025,21:46:59,10,11/06/2025,22:02:44
F,29.0,4301,8,11/06/2025,21:13:58,10,11/06/2025,21:30:00
M,23.0,48839,11,11/06/2025,21:03:15,12,11/06/2025,21:06:15
F,35.0,15542,11,11/06/2025,21:23:49,20,11/06/2025,21:35:44
M,21.0,94623,16,11/06/2025,21:28:14,12,11/06/2025,21:41:56
F,42.0,53923,16,11/06/2025,21:09:48,6,11/06/2025,21:28:20
M,30.0,97849,16,11/06/2025,21:37:34,7,11/06/2025,21:51:39
M,42.0,82992,20,11/06/2025,21:55:55,24,11/06/2025,22:10:20
M,22.0,31889,21,11/06/2025,21:57:30,16,11/06/2025,22:16:29
M,38.0,31871,21,11/06/2025,21:05:32,4,11/06/2025,21:17:42
M,23.0,28958,21,11/06/2025,21:28:25,19,11/06/2025,21:49:35
M,31.0,27100,21,11/06/2025,21:34:03,19,11/06/2025,21:41:31
F,51.0,21700,22,11/06/2025,21:54:37,17,11/06/2025,22:15:44
M,34.0,28307,24,11/06/2025,21:05:26,22,11/06/2025,21:17:23
M,38.0,29128,11,11/06/2025,22:59:57,6,11/06/2025,23:12:13
F,43.0,90170,11,11/06/2025,22:21:25,12,11/06/2025,22:38:26
M,56.0,52667,13,11/06/2025,22:28:07,19,11/06/2025,22:51:05
M,25.0,63368,17,11/06/2025,22:40:59,6,11/06/2025,22:48:24
M,28.0,19749,20,11/06/2025,22:07:04,15,11/06/2025,22:13:56
M,28.0,76549,2,11/06/2025,23:29:03,1,11/06/2025,23:53:03
M,34.0,96009,10,11/06/2025,23:17:08,2,11/06/2025,23:35:09
M,53.0,75570,11,11/06/2025,23:41:21,1,11/06/2025,23:56:34
M,27.0,17296,19,11/06/2025,23:23:43,21,11/06/2025,23:42:13
M,22.0,96377,23,11/06/2025,23:34:34,22,11/06/2025,23:43:56
M,30.0,36193,1,12/06/2025,00:56:46,9,12/06/2025,01:15:16
M,39.0,48626,5,12/06/2025,00:03:37,2,12/06/2025,00:09:13
F,34.0,52020,16,12/06/2025,00:53:44,22,12/06/2025,01:10:34
M,31.0,13736,21,12/06/2025,00:32:03,9,12/06/2025,00:35:03
M,25.0,12139,22,12/06/2025,00:00:40,8,12/06/2025,00:27:41
F,31.0,16281,9,12/06/2025,01:41:27,7,12/06/2025,01:58:09
M,40.0,25917,12,12/06/2025,01:12:53,6,12/06/2025,01:31:21
M,17.0,93611,13,12/06/2025,01:23:18,14,12/06/2025,01:51:20
M,34.0,35624,7,12/06/2025,02:44:42,9,12/06/2025,02:53:50
M,45.0,3986,10,12/06/2025,02:33:33,15,12/06/2025,02:46:06
F,28.0,21105,12,12/06/2025,02:11:57,7,12/06/2025,02:29:50
M,29.0,60513,13,12/06/2025,02:25:29,18,12/06/2025,02:28:29
M,37.0,11804,15,12/06/2025,02:26:45,10,12/06/2025,02:29:45
F,24.0,31185,15,12/06/2025,02:05:08,6,12/06/2025,02:14:37
F,33.0,75536,19,12/06/2025,02:25:03,24,12/06/2025,02:28:03
M,50.0,83568,1,12/06/2025,04:09:40,17,12/06/2025,04:24:11
F,35.0,34190,10,12/06/2025,04:46:51,5,12/06/2025,05:06:21
M,23.0,87349,15,12/06/2025,04:27:09,23,12/06/2025,04:40:08
F,22.0,31020,16,12/06/2025,04:44:14,8,12/06/2025,04:54:48
F,35.0,84398,19,12/06/2025,04:58:55,24,12/06/2025,05:07:09
M,46.0,23207,19,12/06/2025,04:06:09,2,12/06/2025,04:26:07
M,23.0,98317,2,12/06/2025,05:16:33,13,12/06/2025,05:27:56
M,26.0,16631,5,12/06/2025,05:43:30,24,12/06/2025,05:55:47
M,22.0,37089,8,12/06/2025,05:21:38,4,12/06/2025,05:24:38
F,29.0,17321,9,12/06/2025,05:18:02,22,12/06/2025,05:30:02
M,33.0,16316,12,12/06/2025,05:39:10,17,12/06/2025,05:56:35
F,27.0,67758,12,12/06/2025,05:49:30,17,12/06/2025,05:54:59
F,31.0,53934,20,12/06/2025,05:12:37,12,12/06/2025,05:30:11
F,23.0,81786,20,12/06/2025,05:47:43,9,12/06/2025,06:11:17
M,34.0,60881,21,12/06/2025,05:20:15,11,12/06/2025,05:38:42
F,26.0,39413,2,12/06/2025,06:59:25,4,12/06/2025,07:17:34
F,16.0,81270,2,12/06/2025,06:51:51,11,12/06/2025,07:05:06
M,37.0,18045,4,12/06/2025,06:49:51,8,12/06/2025,07:07:16
F,30.0,95171,5,12/06/2025,06:00:59,2,12/06/2025,06:27:55
M,31.0,5036,5,12/06/2025,06:12:39,9,12/06/2025,06:33:10
M,37.0,57941,7,12/06/2025,06:21:19,14,12/06/2025,06:47:35
F,22.0,18513,9,12/06/2025,06:40:01,10,12/06/2025,07:00:59
M,38.0,16293,9,12/06/2025,06:05:40,12,12/06/2025,06:23:18
F,35.0,84662,12,12/06/2025,06:06:43,7,12/06/2025,06:27:55
M,34.0,83803,13,12/06/2025,06:50:45,1,12/06/2025,07:02:50
M,33.0,63964,14,12/06/2025,06:05:45,18,12/06/2025,06:17:25
F,42.0,15924,15,12/06/2025,06:35:05,19,12/06/2025,06:50:41
F,33.0,51603,17,12/06/2025,06:52:42,13,12/06/2025,06:57:40
M,52.0,67353,18,12/06/2025,06:30:05,9,12/06/2025,06:34:03
F,27.0,24571,22,12/06/2025,06:53:01,16,12/06/2025,06:58:37
F,41.0,84178,22,12/06/2025,06:21:32,23,12/06/2025,06:25:36
F,42.0,41949,23,12/06/2025,06:42:26,14,12/06/2025,06:59:13
F,40.0,25081,24,12/06/2025,06:24:46,14,12/06/2025,06:33:32
M,35.0,47562,1,12/06/2025,07:39:22,7,12/06/2025,08:06:46
M,34.0,95569,1,12/06/2025,07:15:30,17,12/06/2025,07:18:30
F,33.0,1714,2,12/06/2025,07:47:30,16,12/06/2025,08:01:15
F,22.0,89298,2,12/06/2025,07:02:43,16,12/06/2025,07:20:58
M,37.0,34500,2,12/06/2025,07:31:47,8,12/06/2025,07:45:52
M,26.0,54095,3,12/06/2025,07:22:06,15,12/06/2025,07:29:09
M,38.0,96312,3,12/06/2025,07:25:20,8,12/06/2025,07:40:25
M,17.0,25987,4,12/06/2025,07:54:25,15,12/06/2025,08:13:15
M,37.0,25255,5,12/06/2025,07:56:04,8,12/06/2025,08:27:59
M,26.0,67090,6,12/06/2025,07:32:04,16,12/06/2025,07:35:47
M,27.0,83214,7,12/06/2025,07:04:26,13,12/06/2025,07:26:28
F,28.0,72408,7,12/06/2025,07:29:49,15,12/06/2025,07:53:55
M,28.0,89584,9,12/06/2025,07:48:07,3,12/06/2025,07:54:16
F,36.0,86245,11,12/06/2025,07:36:42,22,12/06/2025,07:57:33
M,36.0,13110,11,12/06/2025,07:26:47,16,12/06/2025,07:56:09
M,39.0,49143,11,12/06/2025,07:43:45,16,12/06/2025,08:09:29
F,34.0,77451,11,12/06/2025,07:38:48,6,12/06/2025,07:52:28
M,29.0,14881,13,12/06/2025,07:26:01,14,12/06/2025,07:43:00
M,47.0,86138,14,12/06/2025,07:42:04,22,12/06/2025,07:50:33
M,37.0,24980,15,12/06/2025,07:13:17,5,12/06/2025,07:21:44
M,23.0,39941,17,12/06/2025,07:39:16,18,12/06/2025,07:46:12
F,41.0,68309,18,12/06/2025,07:50:07,20,12/06/2025,08:13:08
M,25.0,90128,18,12/06/2025,07:08:54,19,12/06/2025,07:17:51
M,31.0,70263,18,12/06/2025,07:30:00,9,12/06/2025,07:47:49
M,32.0,85306,18,12/06/2025,07:42:59,20,12/06/2025,07:53:50
F,16.0,72111,19,12/06/2025,07:45:02,14,12/06/2025,07:59:40
M,35.0,32750,19,12/06/2025,07:27:54,22,12/06/2025,07:40:01
F,29.0,30111,20,12/06/2025,07:49:55,17,12/06/2025,08:00:10
F,34.0,29450,22,12/06/2025,07:24:04,7,12/06/2025,07:33:18
M,35.0,52093,23,12/06/2025,07:48:13,2,12/06/2025,07:55:37
M,37.0,54231,2,12/06/2025,08:35:24,6,12/06/2025,08:52:43
M,16.0,76049,3,12/06/2025,08:55:05,4,12/06/2025,09:00:10
F,39.0,40704,3,12/06/2025,08:07:01,8,12/06/2025,08:10:01
M,16.0,43057,3,12/06/2025,08:20:04,13,12/06/2025,08:46:03
M,25.0,74981,4,12/06/2025,08:37:24,19,12/06/2025,08:54:32
F,48.0,6103,5,12/06/2025,08:50:51,11,12/06/2025,09:06:02
F,46.0,45240,5,12/06/2025,08:20:49,9,12/06/2025,08:34:14
M,25.0,77581,5,12/06/2025,08:02:07,10,12/06/2025,08:08:15
M,26.0,22862,6,12/06/2025,08:36:23,8,12/06/2025,08:51:28
M,27.0,36171,8,12/06/2025,08:46:06,17,12/06/2025,08:59:11
M,33.0,92872,9,12/06/2025,08:04:07,15,12/06/2025,08:24:53
M,35.0,15709,11,12/06/2025,08:56:50,16,12/06/2025,09:05:27
F,54.0,19199,11,12/06/2025,08:13:37,5,12/06/2025,08:19:48
F,33.0,53306,11,12/06/2025,08:49:32,21,12/06/2025,08:58:34
F,16.0,22271,11,12/06/2025,08:21:24,19,12/06/2025,08:33:48
M,23.0,88576,12,12/06/2025,08:58:59,11,12/06/2025,09:11:29
M,27.0,39476,12,12/06/2025,08:11:42,17,12/06/2025,08:17:12
M,45.0,17062,12,12/06/2025,08:11:39,8,12/06/2025,08:25:09
M,39.0,35076,13,12/06/2025,08:09:52,23,12/06/2025,08:20:39
M,34.0,32967,15,12/06/2025,08:33:07,19,12/06/2025,08:46:57
F,43.0,68716,16,12/06/2025,08:59:31,3,12/06/2025,09:07:44
M,35.0,19610,16,12/06/2025,08:51:27,17,12/06/2025,09:03:29
M,51.0,2755,16,12/06/2025,08:42:35,11,12/06/2025,09:05:10
F,19.0,29933,17,12/06/2025,08:51:42,6,12/06/2025,09:07:47
M,29.0,99987,17,12/06/2025,08:40:04,19,12/06/2025,08:56:01
M,27.0,37753,19,12/06/2025,08:10:54,11,12/06/2025,08:23:39
M,43.0,76826,19,12/06/2025,08:48:54,15,12/06/2025,08:52:59
M,29.0,54791,20,12/06/2025,08:53:19,18,12/06/2025,09:07:04
M,51.0,76866,21,12/06/2025,08:39:24,17,12/06/2025,09:00:52
M,40.0,8186,23,12/06/2025,08:09:43,8,12/06/2025,08:31:56
F,22.0,26424,24,12/06/2025,08:02:28,15,12/06/2025,08:14:25
M,37.0,8046,24,12/06/2025,08:09:27,13,12/06/2025,08:16:08
M,34.0,52614,1,12/06/2025,09:32:42,9,12/06/2025,09:35:42
F,38.0,94146,1,12/06/2025,09:48:32,20,12/06/2025,10:02:38
M,38.0,92821,2,12/06/2025,09:08:55,3,12/06/2025,09:38:35
M,47.0,59935,2,12/06/2025,09:36:14,1,12/06/2025,09:45:00
M,31.0,73207,2,12/06/2025,09:47:17,9,12/06/2025,09:57:34
M,30.0,12577,2,12/06/2025,09:32:45,21,12/06/2025,09:55:36
M,48.0,49246,4,12/06/2025,09:29:45,22,12/06/2025,09:48:50
M,38.0,14105,5,12/06/2025,09:51:48,2,12/06/2025,10:05:25
M,28.0,79999,6,12/06/2025,09:53:31,1,12/06/2025,10:12:32
M,34.0,2873,6,12/06/2025,09:46:58,11,12/06/2025,09:52:06
M,42.0,14903,7,12/06/2025,09:23:46,3,12/06/2025,09:45:41
M,37.0,69038,8,12/06/2025,09:41:13,14,12/06/2025,09:52:37
M,55.0,98048,10,12/06/2025,09:17:59,17,12/06/2025,09:38:32
F,35.0,17077,11,12/06/2025,09:37:07,19,12/06/2025,10:04:52
M,16.0,44600,11,12/06/2025,09:53:56,9,12/06/2025,10:04:00
F,47.0,25886,11,12/06/2025,09:22:37,3,12/06/2025,09:42:17
F,18.0,95556,11,12/06/2025,09:06:39,12,12/06/2025,09:20:23
F,33.0,91446,11,12/06/2025,09:14:07,23,12/06/2025,09:24:19
M,24.0,86974,14,12/06/2025,09:23:32,13,12/06/2025,09:43:34
F,50.0,62591,14,12/06/2025,09:48:23,3,12/06/2025,10:02:49
M,40.0,21647,15,12/06/2025,09:48:28,9,12/06/2025,09:59:50
M,42.0,93351,15,12/06/2025,09:23:29,14,12/06/2025,09:36:01
M,36.0,50125,16,12/06/2025,09:44:43,11,12/06/2025,09:47:43
M,22.0,75732,16,12/06/2025,09:22:37,2,12/06/2025,09:32:54
M,26.0,67735,17,12/06/2025,09:50:38,23,12/06/2025,10:00:04
M,35.0,87062,18,12/06/2025,09:24:00,9,12/06/2025,09:45:50
F,38.0,99997,20,12/06/2025,09:07:00,19,12/06/2025,09:24:12
M,29.0,31747,21,12/06/2025,09:52:55,16,12/06/2025,10:11:29
F,34.0,41035,21,12/06/2025,09:00:17,17,12/06/2025,09:14:17
M,40.0,18649,22,12/06/2025,09:20:34,21,12/06/2025,09:31:49
M,30.0,20537,1,12/06/2025,10:52:34,6,12/06/2025,10:56:38
M,28.0,79335,2,12/06/2025,10:54:50,13,12/06/2025,11:06:36
M,28.0,70841,2,12/06/2025,10:14:27,3,12/06/2025,10:30:06
F,27.0,3544,4,12/06/2025,10:08:30,9,12/06/2025,10:18:29
M,45.0,40000,8,12/06/2025,10:38:51,12,12/06/2025,10:57:14
M,24.0,25936,9,12/06/2025,10:26:09,7,12/06/2025,10:42:00
M,52.0,78716,11,12/06/2025,10:41:11,23,12/06/2025,10:52:07
M,32.0,27375,12,12/06/2025,10:09:17,3,12/06/2025,10:27:10
M,50.0,35841,14,12/06/2025,10:54:31,12,12/06/2025,10:59:19
M,28.0,69386,16,12/06/2025,10:46:22,19,12/06/2025,11:00:23
F,36.0,59240,18,12/06/2025,10:09:34,19,12/06/2025,10:30:00
F,34.0,28746,20,12/06/2025,10:13:35,10,12/06/2025,10:19:17
F,29.0,99291,24,12/06/2025,10:18:29,9,12/06/2025,10:41:20
M,21.0,54720,3,12/06/2025,11:56:21,20,12/06/2025,12:09:41
F,26.0,97431,6,12/06/2025,11:14:30,19,12/06/2025,11:34:58
F,43.0,20436,11,12/06/2025,11:46:45,1,12/06/2025,11:50:32
F,24.0,46978,11,12/06/2025,11:51:35,19,12/06/2025,12:06:03
F,28.0,49086,20,12/06/2025,11:25:11,19,12/06/2025,11:34:19
F,29.0,27354,24,12/06/2025,11:19:28,19,12/06/2025,11:32:13
M,42.0,2736,3,12/06/2025,12:17:14,22,12/06/2025,12:37:59
M,28.0,32022,4,12/06/2025,12:36:09,15,12/06/2025,12:54:36
F,41.0,84205,11,12/06/2025,12:06:50,2,12/06/2025,12:16:49
M,28.0,55560,18,12/06/2025,12:04:51,13,12/06/2025,12:11:41
M,37.0,43308,20,12/06/2025,12:42:40,3,12/06/2025,12:55:39
F,30.0,71530,10,12/06/2025,13:18:03,22,12/06/2025,13:21:25
M,31.0,77324,21,12/06/2025,13:50:27,12,12/06/2025,14:01:14
M,39.0,19825,3,12/06/2025,14:07:39,19,12/06/2025,14:19:47
F,32.0,60579,6,12/06/2025,14:07:24,3,12/06/2025,14:12:59
M,27.0,2352,7,12/06/2025,14:12:22,11,12/06/2025,14:29:01
F,50.0,92875,8,12/06/2025,14:14:47,19,12/06/2025,14:31:07
M,16.0,45416,19,12/06/2025,14:06:56,20,12/06/2025,14:32:03
M,59.0,75500,21,12/06/2025,14:36:00,20,12/06/2025,14:50:27
F,38.0,95505,22,12/06/2025,14:30:21,21,12/06/2025,14:50:25
F,31.0,25717,3,12/06/2025,15:09:48,16,12/06/2025,15:35:10
M,27.0,36955,3,12/06/2025,15:08:06,15,12/06/2025,15:30:31
M,28.0,97738,8,12/06/2025,15:18:57,12,12/06/2025,15:23:38
M,30.0,30764,10,12/06/2025,15:38:29,20,12/06/2025,15:56:37
M,24.0,68917,17,12/06/2025,15:10:48,24,12/06/2025,15:24:18
F,31.0,65209,17,12/06/2025,15:43:33,21,12/06/2025,15:54:42
M,48.0,7172,19,12/06/2025,15:34:22,18,12/06/2025,15:40:53
M,28.0,68556,3,12/06/2025,16:43:36,10,12/06/2025,16:56:30
M,39.0,99476,3,12/06/2025,16:08:56,4,12/06/2025,16:19:51
M,21.0,15093,4,12/06/2025,16:43:19,8,12/06/2025,17:09:19
M,37.0,73907,6,12/06/2025,16:27:06,3,12/06/2025,16:32:17
M,33.0,37701,6,12/06/2025,16:12:16,11,12/06/2025,16:34:02
M,31.0,57602,9,12/06/2025,16:21:31,14,12/06/2025,16:46:52
M,34.0,79363,10,12/06/2025,16:53:01,15,12/06/2025,17:09:36
M,30.0,9592,11,12/06/2025,16:55:02,22,12/06/2025,17:02:08
F,26.0,98566,11,12/06/2025,16:52:06,14,12/06/2025,17:05:11
F,26.0,44565,12,12/06/2025,16:17:15,6,12/06/2025,16:32:10
M,33.0,99845,13,12/06/2025,16:04:47,18,12/06/2025,16:21:36
M,30.0,49130,14,12/06/2025,16:36:27,6,12/06/2025,16:46:58
M,50.0,96399,15,12/06/2025,16:04:02,18,12/06/2025,16:17:15
F,43.0,74014,16,12/06/2025,16:34:44,12,12/06/2025,16:51:11
F,27.0,33214,16,12/06/2025,16:01:09,18,12/06/2025,16:21:42
M,23.0,38824,17,12/06/2025,16:30:56,20,12/06/2025,16:41:35
F,35.0,49027,17,12/06/2025,16:37:14,1,12/06/2025,16:53:17
F,37.0,40486,20,12/06/2025,16:51:18,15,12/06/2025,17:09:26
F,18.0,73225,21,12/06/2025,16:53:00,20,12/06/2025,17:18:00
M,38.0,79992,21,12/06/2025,16:42:40,11,12/06/2025,16:47:35
F,40.0,8753,21,12/06/2025,16:04:21,16,12/06/2025,16:07:21
F,24.0,80216,22,12/06/2025,16:17:33,17,12/06/2025,16:45:14
M,27.0,91843,22,12/06/2025,16:56:01,18,12/06/2025,17:16:12
M,44.0,54607,22,12/06/2025,16:06:17,15,12/06/2025,16:19:23
F,39.0,26762,23,12/06/2025,16:34:24,18,12/06/2025,16:44:22
M,26.0,92224,1,12/06/2025,17:37:09,8,12/06/2025,17:51:48
M,22.0,6068,2,12/06/2025,17:02:58,7,12/06/2025,17:22:16
M,32.0,3142,4,12/06/2025,17:34:50,5,12/06/2025,17:53:35
F,44.0,86706,4,12/06/2025,17:00:47,21,12/06/2025,17:20:36
M,38.0,52299,4,12/06/2025,17:48:18,9,12/06/2025,17:59:09
M,33.0,7034,6,12/06/2025,17:47:03,3,12/06/2025,18:02:48
M,23.0,65458,7,12/06/2025,17:49:47,6,12/06/2025,18:06:24
M,30.0,87818,8,12/06/2025,17:08:06,12,12/06/2025,17:26:20
F,49.0,43993,9,12/06/2025,17:04:58,21,12/06/2025,17:30:48
M,26.0,98821,10,12/06/2025,17:15:15,3,12/06/2025,17:25:26
M,25.0,92509,10,12/06/2025,17:13:23,4,12/06/2025,17:27:17
M,32.0,59174,16,12/06/2025,17:45:54,17,12/06/2025,17:48:57
F,30.0,32975,17,12/06/2025,17:00:40,7,12/06/2025,17:15:39
M,32.0,88421,18,12/06/2025,17:19:00,17,12/06/2025,17:40:29
M,17.0,70535,18,12/06/2025,17:31:07,16,12/06/2025,17:41:29
M,21.0,67635,19,12/06/2025,17:27:36,17,12/06/2025,17:35:06
F,33.0,21439,21,12/06/2025,17:53:09,24,12/06/2025,18:03:17
M,48.0,41091,21,12/06/2025,17:13:35,17,12/06/2025,17:31:56
M,23.0,28442,22,12/06/2025,17:23:30,21,12/06/2025,17:35:39
F,45.0,51662,22,12/06/2025,17:31:00,21,12/06/2025,17:37:34
F,25.0,89352,24,12/06/2025,17:30:25,23,12/06/2025,17:40:16
M,46.0,35499,24,12/06/2025,17:50:40,9,12/06/2025,18:01:59
M,36.0,22484,24,12/06/2025,17:27:50,22,12/06/2025,17:32:51
F,37.0,28042,1,12/06/2025,18:32:43,3,12/06/2025,18:42:19
M,19.0,33514,2,12/06/2025,18:23:29,7,12/06/2025,18:39:21
M,28.0,75912,2,12/06/2025,18:16:12,7,12/06/2025,18:29:22
M,40.0,28974,3,12/06/2025,18:13:17,22,12/06/2025,18:22:15
F,34.0,26129,3,12/06/2025,18:33:28,15,12/06/2025,18:46:23
F,31.0,73346,3,12/06/2025,18:13:16,8,12/06/2025,18:25:52
M,22.0,33200,4,12/06/2025,18:19:27,7,12/06/2025,18:24:42
M,38.0,26770,4,12/06/2025,18:08:33,3,12/06/2025,18:11:33
F,27.0,24166,4,12/06/2025,18:17:50,2,12/06/2025,18:42:30
M,39.0,16794,4,12/06/2025,18:35:42,17,12/06/2025,18:40:15
F,26.0,56150,4,12/06/2025,18:41:56,3,12/06/2025,18:50:13
F,39.0,54263,5,12/06/2025,18:52:04,14,12/06/2025,19:09:52
F,36.0,3031,6,12/06/2025,18:52:35,14,12/06/2025,19:08:43
F,24.0,63007,7,12/06/2025,18:37:18,1,12/06/2025,18:49:14
F,35.0,93801,8,12/06/2025,18:41:06,1,12/06/2025,18:44:06
F,36.0,10881,8,12/06/2025,18:44:28,16,12/06/2025,19:09:16
M,22.0,27541,9,12/06/2025,18:25:11,13,12/06/2025,18:52:02
F,30.0,79604,10,12/06/2025,18:06:56,7,12/06/2025,18:13:33
M,39.0,51970,11,12/06/2025,18:53:57,22,12/06/2025,19:12:34
M,33.0,10658,11,12/06/2025,18:51:56,22,12/06/2025,19:09:21
M,49.0,39827,11,12/06/2025,18:32:18,9,12/06/2025,18:35:40
F,41.0,10571,11,12/06/2025,18:34:37,18,12/06/2025,18:54:45
F,23.0,88979,12,12/06/2025,18:23:19,23,12/06/2025,18:38:21
F,44.0,63227,13,12/06/2025,18:14:29,20,12/06/2025,18:36:45
M,21.0,94227,15,12/06/2025,18:34:58,8,12/06/2025,18:41:32
F,35.0,20615,15,12/06/2025,18:06:51,4,12/06/2025,18:27:39
M,21.0,13328,15,12/06/2025,18:43:32,8,12/06/2025,18:59:13
F,16.0,58294,16,12/06/2025,18:43:09,22,12/06/2025,19:05:17
M,30.0,84693,16,12/06/2025,18:45:42,1,12/06/2025,19:11:09
F,44.0,59582,17,12/06/2025,18:10:43,9,12/06/2025,18:29:23
M,36.0,58100,17,12/06/2025,18:11:13,21,12/06/2025,18:27:37
M,35.0,48707,17,12/06/2025,18:30:47,3,12/06/2025,18:38:32
M,26.0,59855,17,12/06/2025,18:51:33,10,12/06/2025,19:12:56
M,22.0,89601,17,12/06/2025,18:40:49,11,12/06/2025,18:52:12
F,24.0,81417,17,12/06/2025,18:05:19,13,12/06/2025,18:20:20
M,32.0,28405,18,12/06/2025,18:08:05,16,12/06/2025,18:18:45
M,51.0,34453,18,12/06/2025,18:21:09,9,12/06/2025,18:24:09
F,18.0,65482,18,12/06/2025,18:09:03,19,12/06/2025,18:27:08
F,31.0,67050,18,12/06/2025,18:48:15,19,12/06/2025,19:05:59
M,23.0,55052,19,12/06/2025,18:30:52,7,12/06/2025,18:47:00
F,29.0,42339,20,12/06/2025,18:15:37,14,12/06/2025,18:37:47
M,33.0,52282,20,12/06/2025,18:04:10,13,12/06/2025,18:20:04
M,24.0,34840,21,12/06/2025,18:49:38,22,12/06/2025,19:13:01
M,16.0,94143,21,12/06/2025,18:05:46,17,12/06/2025,18:19:22
F,36.0,88346,22,12/06/2025,18:12:06,16,12/06/2025,18:15:06
M,38.0,66926,23,12/06/2025,18:17:10,24,12/06/2025,18:31:30
F,32.0,6932,23,12/06/2025,18:13:09,24,12/06/2025,18:33:48
F,51.0,31306,24,12/06/2025,18:53:00,18,12/06/2025,19:06:28
M,47.0,70589,24,12/06/2025,18:06:41,3,12/06/2025,18:27:07
F,20.0,79802,1,12/06/2025,19:00:29,7,12/06/2025,19:10:26
M,35.0,94577,1,12/06/2025,19:57:56,11,12/06/2025,20:23:45
F,45.0,99510,3,12/06/2025,19:27:12,6,12/06/2025,19:36:49
M,40.0,72903,5,12/06/2025,19:49:15,9,12/06/2025,19:56:10
M,26.0,55819,5,12/06/2025,19:01:04,9,12/06/2025,19:14:42
M,35.0,58079,7,12/06/2025,19:32:16,21,12/06/2025,19:43:23
F,36.0,91031,9,12/06/2025,19:41:17,11,12/06/2025,20:05:43
F,36.0,53866,10,12/06/2025,19:09:13,4,12/06/2025,19:28:54
M,39.0,21087,10,12/06/2025,19:06:17,4,12/06/2025,19:13:36
M,25.0,48414,12,12/06/2025,19:39:18,6,12/06/2025,19:46:37
M,40.0,55692,12,12/06/2025,19:17:32,1,12/06/2025,19:34:32
M,29.0,74276,14,12/06/2025,19:28:14,9,12/06/2025,19:48:49
M,29.0,80347,14,12/06/2025,19:49:04,8,12/06/2025,20:09:53
M,48.0,76963,15,12/06/2025,19:27:57,19,12/06/2025,19:47:41
M,16.0,93806,15,12/06/2025,19:53:45,9,12/06/2025,20:15:38
F,47.0,75752,15,12/06/2025,19:22:07,14,12/06/2025,19:35:48
M,51.0,40846,16,12/06/2025,19:36:10,22,12/06/2025,19:51:02
F,31.0,86061,16,12/06/2025,19:36:34,5,12/06/2025,19:55:50
M,39.0,15372,18,12/06/2025,19:37:20,17,12/06/2025,19:42:52
M,31.0,19510,18,12/06/2025,19:13:08,23,12/06/2025,19:17:55
M,25.0,87454,18,12/06/2025,19:38:33,20,12/06/2025,19:54:26
M,31.0,38009,19,12/06/2025,19:05:58,24,12/06/2025,19:22:51
F,25.0,36116,19,12/06/2025,19:28:45,1,12/06/2025,19:38:27
M,30.0,29409,19,12/06/2025,19:33:28,24,12/06/2025,19:52:58
M,43.0,65904,19,12/06/2025,19:54:01,22,12/06/2025,20:07:30
M,33.0,73082,20,12/06/2025,19:31:01,22,12/06/2025,19:47:47
M,32.0,47697,21,12/06/2025,19:12:40,14,12/06/2025,19:26:20
M,31.0,24385,22,12/06/2025,19:32:54,12,12/06/2025,19:41:55
F,57.0,78214,23,12/06/2025,19:49:29,16,12/06/2025,20:11:53
M,33.0,20978,2,12/06/2025,20:26:13,6,12/06/2025,20:45:39
F,27.0,41110,4,12/06/2025,20:39:47,13,12/06/2025,20:43:30
F,16.0,34137,5,12/06/2025,20:19:47,10,12/06/2025,20:35:24
M,46.0,64203,8,12/06/2025,20:40:00,15,12/06/2025,20:49:22
F,32.0,65860,8,12/06/2025,20:09:42,7,12/06/2025,20:31:39
M,23.0,72888,8,12/06/2025,20:27:45,12,12/06/2025,20:45:03
F,44.0,13968,8,12/06/2025,20:43:43,1,12/06/2025,20:58:15
M,25.0,2841,9,12/06/2025,20:46:20,2,12/06/2025,21:01:04
M,32.0,87701,10,12/06/2025,20:13:41,6,12/06/2025,20:28:54
M,49.0,10110,12,12/06/2025,20:36:08,14,12/06/2025,20:43:25
M,44.0,21724,15,12/06/2025,20:36:03,9,12/06/2025,20:59:05
F,41.0,74912,15,12/06/2025,20:39:18,11,12/06/2025,20:52:46
F,42.0,1452,17,12/06/2025,20:28:36,12,12/06/2025,20:42:40
M,29.0,90162,19,12/06/2025,20:04:22,4,12/06/2025,20:21:46
M,37.0,72973,21,12/06/2025,20:57:53,8,12/06/2025,21:07:54
M,29.0,45509,21,12/06/2025,20:32:39,9,12/06/2025,20:49:14
M,36.0,7657,22,12/06/2025,20:08:42,8,12/06/2025,20:15:57
M,39.0,11995,22,12/06/2025,20:56:15,18,12/06/2025,21:07:14
M,16.0,68256,24,12/06/2025,20:21:23,15,12/06/2025,20:36:13
M,16.0,43502,3,12/06/2025,21:05:35,17,12/06/2025,21:17:19
M,43.0,11233,5,12/06/2025,21:02:05,9,12/06/2025,21:16:59
F,31.0,68944,6,12/06/2025,21:03:48,8,12/06/2025,21:14:05
F,35.0,95358,10,12/06/2025,21:09:18,15,12/06/2025,21:26:53
M,34.0,60726,15,12/06/2025,21:26:10,19,12/06/2025,21:45:53
M,51.0,66536,16,12/06/2025,21:49:10,12,12/06/2025,21:54:07
M,27.0,48539,20,12/06/2025,21:10:06,19,12/06/2025,21:19:22
M,41.0,48866,20,12/06/2025,21:40:58,8,12/06/2025,21:49:32
M,19.0,33103,21,12/06/2025,21:32:43,5,12/06/2025,21:57:56
M,39.0,44243,22,12/06/2025,21:34:42,23,12/06/2025,21:56:16
M,25.0,28846,5,12/06/2025,22:59:12,7,12/06/2025,23:13:50
M,21.0,46183,8,12/06/2025,22:05:05,15,12/06/2025,22:12:50
F,36.0,64286,8,12/06/2025,22:39:50,15,12/06/2025,22:43:43
M,42.0,81613,9,12/06/2025,22:57:31,8,12/06/2025,23:26:39
F,32.0,11993,10,12/06/2025,22:54:42,3,12/06/2025,23:11:14
M,44.0,60987,11,12/06/2025,22:40:47,8,12/06/2025,22:55:40
F,39.0,95938,12,12/06/2025,22:35:37,13,12/06/2025,23:06:31
M,48.0,67854,3,12/06/2025,23:36:43,13,12/06/2025,23:57:12
M,20.0,16339,18,12/06/2025,23:36:36,22,12/06/2025,23:56:12
M,33.0,31174,1,13/06/2025,00:21:53,11,13/06/2025,00:36:00
M,39.0,78944,9,13/06/2025,00:35:53,3,13/06/2025,01:04:00
M,22.0,59147,2,13/06/2025,01:14:34,6,13/06/2025,01:30:54
M,30.0,70633,9,13/06/2025,01:47:32,7,13/06/2025,01:52:46
F,46.0,48607,10,13/06/2025,01:25:37,20,13/06/2025,01:32:09
F,20.0,54417,16,13/06/2025,01:47:32,21,13/06/2025,02:06:39
M,33.0,23806,19,13/06/2025,01:56:55,4,13/06/2025,02:07:59
F,16.0,99570,2,13/06/2025,02:19:18,14,13/06/2025,02:43:58
F,46.0,97194,16,13/06/2025,02:22:00,4,13/06/2025,02:44:14
M,19.0,95104,21,13/06/2025,02:17:27,13,13/06/2025,02:30:25
M,33.0,95182,1,13/06/2025,03:58:24,22,13/06/2025,04:18:16
F,49.0,7739,3,13/06/2025,03:19:07,15,13/06/2025,03:29:22
M,44.0,26484,11,13/06/2025,03:58:40,12,13/06/2025,04:17:06
F,34.0,69063,6,13/06/2025,04:37:52,7,13/06/2025,04:47:33
F,36.0,25052,7,13/06/2025,04:41:16,18,13/06/2025,04:45:19
M,45.0,92540,24,13/06/2025,04:36:57,14,13/06/2025,04:50:14
F,31.0,79683,7,13/06/2025,05:07:32,24,13/06/2025,05:28:35
F,33.0,66442,11,13/06/2025,05:13:27,10,13/06/2025,05:30:21
M,44.0,67341,16,13/06/2025,05:38:08,9,13/06/2025,05:49:47
M,32.0,67718,1,13/06/2025,06:33:39,9,13/06/2025,06:51:49
M,46.0,57287,2,13/06/2025,06:23:01,3,13/06/2025,06:32:53
M,29.0,32192,3,13/06/2025,06:57:36,8,13/06/2025,07:11:13
M,19.0,35487,5,13/06/2025,06:28:23,20,13/06/2025,06:35:35
M,44.0,35830,5,13/06/2025,06:25:17,17,13/06/2025,06:41:09
F,31.0,37949,5,13/06/2025,06:41:33,22,13/06/2025,06:55:28
F,21.0,4841,6,13/06/2025,06:40:23,9,13/06/2025,06:57:24
F,31.0,90386,7,13/06/2025,06:16:02,8,13/06/2025,06:37:21
M,34.0,33739,9,13/06/2025,06:28:47,8,13/06/2025,06:51:08
M,39.0,90552,10,13/06/2025,06:20:42,24,13/06/2025,06:35:24
F,16.0,84034,11,13/06/2025,06:43:54,6,13/06/2025,06:58:26
M,51.0,58308,12,13/06/2025,06:09:17,22,13/06/2025,06:27:40
M,23.0,13272,13,13/06/2025,06:20:20,5,13/06/2025,06:28:36
M,29.0,78780,14,13/06/2025,06:39:25,3,13/06/2025,06:58:47
F,52.0,64701,16,13/06/2025,06:27:16,10,13/06/2025,06:41:22
M,19.0,92389,18,13/06/2025,06:31:58,13,13/06/2025,06:45:38
M,34.0,91827,18,13/06/2025,06:10:48,15,13/06/2025,06:41:26
M,29.0,84544,19,13/06/2025,06:17:47,15,13/06/2025,06:50:59
F,25.0,4290,23,13/06/2025,06:22:26,18,13/06/2025,06:35:05
M,31.0,57987,3,13/06/2025,07:15:41,5,13/06/2025,07:32:33
M,34.0,71014,4,13/06/2025,07:19:18,19,13/06/2025,07:22:33
F,29.0,66179,5,13/06/2025,07:41:24,18,13/06/2025,08:03:03
M,29.0,52554,5,13/06/2025,07:34:41,13,13/06/2025,07:37:41
M,45.0,96400,6,13/06/2025,07:47:50,8,13/06/2025,08:06:43
F,29.0,93607,6,13/06/2025,07:16:50,21,13/06/2025,07:31:43
F,22.0,85692,8,13/06/2025,07:06:12,5,13/06/2025,07:25:19
M,38.0,8589,9,13/06/2025,07:53:52,15,13/06/2025,08:07:53
M,25.0,21186,9,13/06/2025,07:30:27,23,13/06/2025,07:45:34
F,29.0,4454,9,13/06/2025,07:19:13,23,13/06/2025,07:27:04
M,36.0,14161,10,13/06/2025,07:20:08,9,13/06/2025,07:34:10
F,44.0,30628,11,13/06/2025,07:57:14,17,13/06/2025,08:01:38
M,34.0,48718,11,13/06/2025,07:00:01,7,13/06/2025,07:03:01
F,31.0,89098,11,13/06/2025,07:21:11,18,13/06/2025,07:24:11
F,43.0,77321,15,13/06/2025,07:20:36,19,13/06/2025,07:47:05
F,25.0,11673,15,13/06/2025,07:54:37,23,13/06/2025,08:09:37
M,28.0,75698,15,13/06/2025,07:44:24,6,13/06/2025,08:07:21
F,31.0,50108,16,13/06/2025,07:58:12,13,13/06/2025,08:03:51
M,39.0,96119,16,13/06/2025,07:04:02,21,13/06/2025,07:21:16
F,47.0,73343,19,13/06/2025,07:53:39,20,13/06/2025,08:09:48
M,42.0,15007,19,13/06/2025,07:00:34,17,13/06/2025,07:11:09
M,38.0,89954,19,13/06/2025,07:30:32,5,13/06/2025,07:50:42
M,20.0,42919,20,13/06/2025,07:14:12,5,13/06/2025,07:23:30
M,32.0,57052,22,13/06/2025,07:32:47,23,13/06/2025,07:59:53
M,37.0,3871,24,13/06/2025,07:31:47,15,13/06/2025,07:40:12
M,54.0,14819,2,13/06/2025,08:22:52,16,13/06/2025,08:35:53
F,28.0,33417,4,13/06/2025,08:59:05,3,13/06/2025,09:15:31
F,16.0,22830,6,13/06/2025,08:14:40,21,13/06/2025,08:32:31
F,21.0,96347,7,13/06/2025,08:56:21,19,13/06/2025,08:59:21
M,34.0,89651,7,13/06/2025,08:04:38,8,13/06/2025,08:27:13
F,18.0,96317,8,13/06/2025,08:08:31,7,13/06/2025,08:15:29
F,20.0,83634,8,13/06/2025,08:35:40,9,13/06/2025,08:57:39
F,41.0,89520,9,13/06/2025,08:09:32,11,13/06/2025,08:17:22
M,51.0,12564,10,13/06/2025,08:09:04,9,13/06/2025,08:17:54
F,35.0,28281,11,13/06/2025,08:21:07,23,13/06/2025,08:30:40
F,22.0,93028,13,13/06/2025,08:30:28,22,13/06/2025,08:59:00
M,33.0,46116,13,13/06/2025,08:31:39,7,13/06/2025,08:42:00
M,47.0,75575,13,13/06/2025,08:37:06,7,13/06/2025,08:53:30
M,41.0,42373,15,13/06/2025,08:43:57,4,13/06/2025,08:59:18
M,39.0,83011,15,13/06/2025,08:00:41,7,13/06/2025,08:14:17
M,22.0,80651,16,13/06/2025,08:52:46,24,13/06/2025,09:02:10
M,21.0,95991,17,13/06/2025,08:36:36,7,13/06/2025,08:52:45
M,44.0,49636,18,13/06/2025,08:13:19,20,13/06/2025,08:22:15
F,27.0,22414,18,13/06/2025,08:30:49,23,13/06/2025,08:55:44
F,26.0,38242,18,13/06/2025,08:41:06,12,13/06/2025,08:59:19
F,30.0,45729,18,13/06/2025,08:53:55,22,13/06/2025,09:05:14
M,35.0,70050,18,13/06/2025,08:15:53,3,13/06/2025,08:38:02
M,41.0,99196,19,13/06/2025,08:54:03,15,13/06/2025,09:16:34
M,41.0,9345,20,13/06/2025,08:15:38,7,13/06/2025,08:31:53
M,29.0,99666,21,13/06/2025,08:56:58,12,13/06/2025,09:09:59
F,16.0,35921,21,13/06/2025,08:26:22,4,13/06/2025,08:29:22
M,46.0,85324,22,13/06/2025,08:29:02,4,13/06/2025,08:32:02
F,61.0,67331,22,13/06/2025,08:20:08,19,13/06/2025,08:25:12
M,24.0,45491,23,13/06/2025,08:25:47,24,13/06/2025,08:30:50
M,33.0,43287,23,13/06/2025,08:31:46,8,13/06/2025,08:46:38
M,35.0,93450,23,13/06/2025,08:07:17,18,13/06/2025,08:10:17
F,33.0,10571,24,13/06/2025,08:59:41,23,13/06/2025,09:05:45
F,32.0,63879,1,13/06/2025,09:47:47,17,13/06/2025,10:01:17
M,22.0,18427,1,13/06/2025,09:30:06,23,13/06/2025,09:44:22
F,27.0,69124,1,13/06/2025,09:33:23,6,13/06/2025,09:53:41
M,25.0,90620,2,13/06/2025,09:53:04,13,13/06/2025,09:56:04
M,49.0,65237,2,13/06/2025,09:01:46,8,13/06/2025,09:22:30
M,40.0,92629,2,13/06/2025,09:17:51,20,13/06/2025,09:38:17
M,26.0,58669,4,13/06/2025,09:13:28,19,13/06/2025,09:33:00
M,34.0,65253,4,13/06/2025,09:12:22,2,13/06/2025,09:22:47
F,31.0,9902,10,13/06/2025,09:29:17,9,13/06/2025,09:39:24
F,45.0,38278,10,13/06/2025,09:57:17,12,13/06/2025,10:02:48
M,27.0,34584,10,13/06/2025,09:28:19,12,13/06/2025,09:40:59
M,26.0,50434,11,13/06/2025,09:12:29,16,13/06/2025,09:15:29
M,33.0,39711,11,13/06/2025,09:22:39,13,13/06/2025,09:26:53
M,27.0,44964,13,13/06/2025,09:20:55,7,13/06/2025,09:31:11
F,23.0,17761,13,13/06/2025,09:18:07,23,13/06/2025,09:26:17
M,43.0,21497,14,13/06/2025,09:37:21,15,13/06/2025,10:13:25
F,21.0,11101,16,13/06/2025,09:36:27,17,13/06/2025,09:54:45
F,38.0,98298,17,13/06/2025,09:41:29,16,13/06/2025,09:51:45
M,41.0,87581,18,13/06/2025,09:23:36,19,13/06/2025,09:42:03
F,35.0,34477,18,13/06/2025,09:50:11,22,13/06/2025,10:07:21
M,29.0,55660,18,13/06/2025,09:06:46,11,13/06/2025,09:25:30
M,21.0,38023,20,13/06/2025,09:52:15,10,13/06/2025,10:04:40
M,30.0,39188,20,13/06/2025,09:38:32,13,13/06/2025,09:59:07
F,25.0,49135,21,13/06/2025,09:23:50,16,13/06/2025,09:37:45
M,41.0,39636,22,13/06/2025,09:43:42,1,13/06/2025,10:00:51
M,28.0,4774,22,13/06/2025,09:59:19,23,13/06/2025,10:06:42
F,41.0,61912,23,13/06/2025,09:41:15,8,13/06/2025,09:48:23
F,36.0,82596,1,13/06/2025,10:13:06,18,13/06/2025,10:17:40
M,38.0,15482,4,13/06/2025,10:45:19,5,13/06/2025,10:50:50
F,27.0,73449,4,13/06/2025,10:34:07,9,13/06/2025,10:41:55
M,27.0,36514,5,13/06/2025,10:14:48,20,13/06/2025,10:24:53
F,34.0,13475,5,13/06/2025,10:52:53,17,13/06/2025,11:07:11
M,30.0,4799,5,13/06/2025,10:03:05,15,13/06/2025,10:18:01
F,41.0,10859,5,13/06/2025,10:53:20,3,13/06/2025,11:10:36
M,40.0,62084,5,13/06/2025,10:28:49,19,13/06/2025,10:34:00
M,36.0,84409,6,13/06/2025,10:19:56,7,13/06/2025,10:30:49
M,41.0,11039,8,13/06/2025,10:58:35,18,13/06/2025,11:19:25
F,23.0,26350,9,13/06/2025,10:51:13,22,13/06/2025,11:05:09
F,29.0,30577,11,13/06/2025,10:36:38,10,13/06/2025,10:54:26
F,26.0,6968,14,13/06/2025,10:16:53,7,13/06/2025,10:35:03
M,53.0,57735,17,13/06/2025,10:22:10,13,13/06/2025,10:43:20
F,55.0,16157,18,13/06/2025,10:24:10,23,13/06/2025,10:38:30
M,33.0,98743,21,13/06/2025,10:23:08,11,13/06/2025,10:44:26
M,26.0,7373,3,13/06/2025,11:30:59,6,13/06/2025,11:50:52
M,16.0,81353,5,13/06/2025,11:12:01,8,13/06/2025,11:28:04
F,39.0,43805,11,13/06/2025,11:18:02,17,13/06/2025,11:24:54
M,39.0,23155,12,13/06/2025,11:13:16,13,13/06/2025,11:28:11
F,16.0,9676,17,13/06/2025,11:48:39,12,13/06/2025,11:57:50
M,27.0,86042,17,13/06/2025,11:08:15,21,13/06/2025,11:26:52
M,33.0,51038,19,13/06/2025,11:58:05,20,13/06/2025,12:14:00
M,33.0,85039,21,13/06/2025,11:40:20,2,13/06/2025,11:52:11
F,30.0,45281,21,13/06/2025,11:48:36,9,13/06/2025,12:02:18
F,28.0,47720,2,13/06/2025,12:30:47,14,13/06/2025,12:55:42
F,46.0,7912,9,13/06/2025,12:19:23,19,13/06/2025,12:22:23
M,62.0,83888,9,13/06/2025,12:34:30,10,13/06/2025,12:40:41
M,32.0,77360,11,13/06/2025,12:20:21,21,13/06/2025,12:40:06
M,36.0,62902,15,13/06/2025,12:49:11,7,13/06/2025,12:52:11
M,32.0,47282,5,13/06/2025,13:47:55,8,13/06/2025,13:59:19
M,34.0,11561,8,13/06/2025,13:36:29,21,13/06/2025,13:59:36
M,43.0,59992,8,13/06/2025,13:20:10,9,13/06/2025,13:46:03
M,34.0,13376,11,13/06/2025,13:54:16,7,13/06/2025,13:59:49
M,44.0,3934,4,13/06/2025,14:33:55,20,13/06/2025,14:37:10
F,29.0,17069,9,13/06/2025,14:03:01,4,13/06/2025,14:19:47
F,51.0,9887,14,13/06/2025,14:12:01,13,13/06/2025,14:23:43
M,29.0,36667,16,13/06/2025,14:39:33,8,13/06/2025,14:52:23
M,18.0,53515,17,13/06/2025,14:02:31,14,13/06/2025,14:12:23
M,29.0,50103,19,13/06/2025,14:26:04,11,13/06/2025,14:33:10
M,18.0,37209,3,13/06/2025,15:06:32,17,13/06/2025,15:27:32
M,37.0,5506,3,13/06/2025,15:12:03,4,13/06/2025,15:31:41
M,43.0,9176,5,13/06/2025,15:09:16,16,13/06/2025,15:17:40
F,40.0,30075,6,13/06/2025,15:43:15,9,13/06/2025,16:08:46
M,39.0,38887,8,13/06/2025,15:14:24,14,13/06/2025,15:42:15
M,42.0,66351,9,13/06/2025,15:08:00,8,13/06/2025,15:31:23
M,23.0,53283,14,13/06/2025,15:00:03,19,13/06/2025,15:27:22
M,31.0,25125,21,13/06/2025,15:05:22,3,13/06/2025,15:13:50
M,22.0,32631,1,13/06/2025,16:07:21,23,13/06/2025,16:10:21
M,37.0,71850,1,13/06/2025,16:33:00,2,13/06/2025,16:56:26
F,36.0,25227,2,13/06/2025,16:57:25,4,13/06/2025,17:03:19
M,36.0,96687,2,13/06/2025,16:16:15,15,13/06/2025,16:45:35
M,22.0,96127,2,13/06/2025,16:40:32,23,13/06/2025,16:59:13
F,42.0,3997,3,13/06/2025,16:50:22,2,13/06/2025,17:01:57
M,32.0,5257,3,13/06/2025,16:58:32,22,13/06/2025,17:15:03
F,46.0,5332,3,13/06/2025,16:45:37,8,13/06/2025,16:58:31
M,32.0,50519,3,13/06/2025,16:23:56,8,13/06/2025,16:48:02
F,30.0,32906,4,13/06/2025,16:21:42,9,13/06/2025,16:36:31
M,37.0,83413,5,13/06/2025,16:05:25,9,13/06/2025,16:08:25
F,47.0,88316,5,13/06/2025,16:45:52,7,13/06/2025,16:54:22
M,31.0,71392,7,13/06/2025,16:05:39,19,13/06/2025,16:23:47
F,32.0,95487,10,13/06/2025,16:56:35,7,13/06/2025,17:01:35
F,39.0,84777,11,13/06/2025,16:30:55,12,13/06/2025,16:56:43
F,41.0,25617,12,13/06/2025,16:59:35,11,13/06/2025,17:25:18
M,19.0,35438,16,13/06/2025,16:01:57,17,13/06/2025,16:18:36
M,45.0,89318,16,13/06/2025,16:58:36,18,13/06/2025,17:10:31
M,16.0,76160,17,13/06/2025,16:46:16,18,13/06/2025,17:08:23
M,28.0,64639,20,13/06/2025,16:33:03,19,13/06/2025,16:50:36
M,40.0,66446,20,13/06/2025,16:06:38,4,13/06/2025,16:15:05
M,24.0,52388,20,13/06/2025,16:36:48,15,13/06/2025,16:48:35
F,32.0,44745,21,13/06/2025,16:08:06,14,13/06/2025,16:18:50
F,19.0,47099,23,13/06/2025,16:36:48,18,13/06/2025,16:56:24
F,34.0,26732,2,13/06/2025,17:23:11,17,13/06/2025,17:33:59
M,35.0,83890,2,13/06/2025,17:50:22,16,13/06/2025,18:08:12
F,43.0,74377,2,13/06/2025,17:26:44,17,13/06/2025,17:51:44
M,21.0,97373,2,13/06/2025,17:55:09,6,13/06/2025,18:11:21
F,36.0,98954,3,13/06/2025,17:27:30,9,13/06/2025,17:39:29
M,43.0,14766,3,13/06/2025,17:24:55,19,13/06/2025,17:34:52
M,33.0,68581,4,13/06/2025,17:48:34,9,13/06/2025,17:59:14
M,36.0,15364,4,13/06/2025,17:54:43,13,13/06/2025,18:21:48
M,17.0,38606,5,13/06/2025,17:38:43,23,13/06/2025,17:42:19
M,35.0,57830,7,13/06/2025,17:02:01,11,13/06/2025,17:17:29
M,29.0,82205,8,13/06/2025,17:47:40,14,13/06/2025,18:04:50
M,33.0,12130,9,13/06/2025,17:31:21,16,13/06/2025,17:48:17
M,33.0,43477,9,13/06/2025,17:57:38,23,13/06/2025,18:07:07
M,36.0,43020,11,13/06/2025,17:50:50,8,13/06/2025,18:04:28
M,37.0,27650,11,13/06/2025,17:35:00,2,13/06/2025,17:58:38
M,35.0,69994,12,13/06/2025,17:53:57,16,13/06/2025,18:10:09
M,34.0,4674,12,13/06/2025,17:50:39,7,13/06/2025,18:01:06
M,37.0,21246,13,13/06/2025,17:51:57,22,13/06/2025,18:09:53
M,23.0,29338,13,13/06/2025,17:21:17,6,13/06/2025,17:24:17
F,40.0,58154,14,13/06/2025,17:31:45,11,13/06/2025,17:36:50
M,16.0,65999,14,13/06/2025,17:28:27,20,13/06/2025,17:38:10
F,16.0,88820,15,13/06/2025,17:11:48,22,13/06/2025,17:19:03
M,20.0,12345,16,13/06/2025,17:42:35,23,13/06/2025,18:07:29
M,43.0,55579,16,13/06/2025,17:12:40,10,13/06/2025,17:28:19
M,34.0,28878,18,13/06/2025,17:04:25,23,13/06/2025,17:26:27
F,26.0,36329,19,13/06/2025,17:04:56,13,13/06/2025,17:13:19
M,28.0,30882,20,13/06/2025,17:21:28,18,13/06/2025,17:47:58
M,38.0,21334,21,13/06/2025,17:42:30,1,13/06/2025,17:52:52
F,26.0,71587,21,13/06/2025,17:42:01,11,13/06/2025,17:59:10
F,32.0,89047,21,13/06/2025,17:54:26,22,13/06/2025,18:10:06
F,41.0,44744,21,13/06/2025,17:35:13,18,13/06/2025,17:40:49
M,38.0,12232,23,13/06/2025,17:04:19,22,13/06/2025,17:11:52
M,54.0,81652,24,13/06/2025,17:24:05,18,13/06/2025,17:38:53
M,38.0,22794,1,13/06/2025,18:35:17,22,13/06/2025,18:38:17
F,45.0,12330,2,13/06/2025,18:26:46,10,13/06/2025,18:30:57
F,42.0,18989,4,13/06/2025,18:58:58,1,13/06/2025,19:25:28
M,36.0,98621,4,13/06/2025,18:47:15,3,13/06/2025,19:10:33
M,31.0,20661,4,13/06/2025,18:22:14,14,13/06/2025,18:42:02
M,24.0,73655,5,13/06/2025,18:14:17,20,13/06/2025,18:24:39
F,31.0,96309,6,13/06/2025,18:31:39,12,13/06/2025,18:45:07
M,55.0,16892,6,13/06/2025,18:05:41,12,13/06/2025,18:30:37
F,40.0,91696,6,13/06/2025,18:38:03,24,13/06/2025,18:42:58
M,35.0,56904,6,13/06/2025,18:51:55,12,13/06/2025,19:00:00
F,43.0,83694,7,13/06/2025,18:23:23,1,13/06/2025,18:32:26
F,43.0,84812,11,13/06/2025,18:19:50,12,13/06/2025,18:34:00
F,29.0,26722,11,13/06/2025,18:41:53,6,13/06/2025,19:00:35
M,43.0,74388,12,13/06/2025,18:16:09,10,13/06/2025,18:22:59
M,39.0,70365,14,13/06/2025,18:35:42,18,13/06/2025,18:54:07
M,48.0,35596,14,13/06/2025,18:19:17,21,13/06/2025,18:28:12
F,41.0,10551,14,13/06/2025,18:38:31,3,13/06/2025,18:58:22
M,34.0,28063,18,13/06/2025,18:36:38,23,13/06/2025,18:44:22
M,39.0,62100,18,13/06/2025,18:20:11,17,13/06/2025,18:23:11
F,40.0,9809,18,13/06/2025,18:16:27,23,13/06/2025,18:32:50
M,39.0,58841,18,13/06/2025,18:02:30,12,13/06/2025,18:11:13
F,35.0,61308,18,13/06/2025,18:05:13,20,13/06/2025,18:21:40
M,27.0,27344,19,13/06/2025,18:21:45,8,13/06/2025,18:34:49
F,47.0,23470,20,13/06/2025,18:19:18,18,13/06/2025,18:22:18
F,44.0,78397,21,13/06/2025,18:54:31,22,13/06/2025,19:23:02
M,48.0,83322,21,13/06/2025,18:27:12,22,13/06/2025,18:41:01
F,26.0,93569,23,13/06/2025,18:13:01,11,13/06/2025,18:35:24
F,45.0,88036,23,13/06/2025,18:35:35,10,13/06/2025,18:55:50
M,29.0,55172,24,13/06/2025,18:20:33,19,13/06/2025,18:32:38
M,46.0,4615,1,13/06/2025,19:39:43,5,13/06/2025,19:51:11
M,25.0,54955,1,13/06/2025,19:01:40,13,13/06/2025,19:15:59
M,33.0,53630,1,13/06/2025,19:56:13,8,13/06/2025,20:19:04
M,25.0,11332,1,13/06/2025,19:15:21,6,13/06/2025,19:32:59
M,33.0,83118,2,13/06/2025,19:48:14,12,13/06/2025,20:01:58
M,37.0,85977,5,13/06/2025,19:26:44,8,13/06/2025,19:37:23
M,29.0,59766,5,13/06/2025,19:59:48,2,13/06/2025,20:26:47
F,42.0,96936,6,13/06/2025,19:50:47,11,13/06/2025,20:10:16
F,37.0,39001,7,13/06/2025,19:40:51,22,13/06/2025,19:48:54
F,24.0,88147,8,13/06/2025,19:34:16,13,13/06/2025,19:48:35
M,38.0,36555,8,13/06/2025,19:50:12,19,13/06/2025,20:02:10
F,39.0,55921,8,13/06/2025,19:45:16,13,13/06/2025,20:04:25
M,40.0,9055,9,13/06/2025,19:43:44,11,13/06/2025,19:57:14
M,28.0,60117,11,13/06/2025,19:52:27,4,13/06/2025,19:55:27
M,16.0,3811,11,13/06/2025,19:18:03,7,13/06/2025,19:25:59
M,56.0,56554,11,13/06/2025,19:23:13,2,13/06/2025,19:35:31
M,40.0,65919,12,13/06/2025,19:37:22,17,13/06/2025,19:53:01
F,19.0,55781,12,13/06/2025,19:24:36,21,13/06/2025,19:33:10
F,22.0,71386,14,13/06/2025,19:49:06,15,13/06/2025,20:04:40
M,60.0,58991,15,13/06/2025,19:47:41,14,13/06/2025,20:01:30
M,22.0,14363,15,13/06/2025,19:06:57,21,13/06/2025,19:14:31
F,27.0,45843,17,13/06/2025,19:51:40,21,13/06/2025,20:08:35
F,19.0,36329,17,13/06/2025,19:30:38,3,13/06/2025,19:43:14
M,30.0,61711,18,13/06/2025,19:40:25,9,13/06/2025,20:06:06
F,26.0,86750,19,13/06/2025,19:07:29,16,13/06/2025,19:13:52
F,21.0,17555,19,13/06/2025,19:49:01,20,13/06/2025,20:01:51
F,29.0,28396,20,13/06/2025,19:17:44,18,13/06/2025,19:38:26
F,37.0,4717,20,13/06/2025,19:57:43,10,13/06/2025,20:01:26
M,29.0,76219,21,13/06/2025,19:09:07,9,13/06/2025,19:29:16
M,30.0,24029,21,13/06/2025,19:06:18,13,13/06/2025,19:11:22
M,19.0,4262,23,13/06/2025,19:35:57,18,13/06/2025,19:51:40
F,38.0,69494,23,13/06/2025,19:32:48,17,13/06/2025,19:51:11
F,41.0,57188,24,13/06/2025,19:33:16,19,13/06/2025,19:44:24
M,33.0,30328,1,13/06/2025,20:00:49,2,13/06/2025,20:03:49
F,23.0,68963,2,13/06/2025,20:04:46,22,13/06/2025,20:15:53
F,30.0,40751,3,13/06/2025,20:04:24,7,13/06/2025,20:14:35
M,32.0,13471,4,13/06/2025,20:13:22,10,13/06/2025,20:23:21
M,46.0,34972,7,13/06/2025,20:17:46,12,13/06/2025,20:33:12
F,38.0,45427,11,13/06/2025,20:18:00,23,13/06/2025,20:37:07
F,47.0,5892,11,13/06/2025,20:31:04,16,13/06/2025,20:47:02
F,28.0,60781,12,13/06/2025,20:05:38,9,13/06/2025,20:14:01
M,46.0,37434,15,13/06/2025,20:05:24,23,13/06/2025,20:20:49
F,16.0,65816,16,13/06/2025,20:07:28,21,13/06/2025,20:10:28
M,52.0,21521,16,13/06/2025,20:24:44,11,13/06/2025,20:31:09
M,57.0,32728,17,13/06/2025,20:22:39,9,13/06/2025,20:34:41
M,35.0,82867,18,13/06/2025,20:51:46,19,13/06/2025,21:00:14
M,43.0,19043,18,13/06/2025,20:35:09,13,13/06/2025,20:47:26
M,26.0,43778,19,13/06/2025,20:48:55,4,13/06/2025,21:01:23
F,44.0,12174,19,13/06/2025,20:28:19,21,13/06/2025,20:37:22
M,34.0,99450,21,13/06/2025,20:36:36,23,13/06/2025,20:44:36
M,38.0,64130,21,13/06/2025,20:17:10,14,13/06/2025,20:29:18
M,33.0,4112,23,13/06/2025,20:01:00,13,13/06/2025,20:10:17
M,35.0,75235,3,13/06/2025,21:54:55,7,13/06/2025,22:11:52
F,46.0,75706,6,13/06/2025,21:03:13,24,13/06/2025,21:10:43
F,26.0,23236,6,13/06/2025,21:21:52,9,13/06/2025,21:27:26
F,34.0,48697,8,13/06/2025,21:53:02,19,13/06/2025,21:56:02
M,48.0,76390,11,13/06/2025,21:05:01,18,13/06/2025,21:09:42
F,20.0,9595,16,13/06/2025,21:45:39,1,13/06/2025,21:56:07
F,25.0,49635,18,13/06/2025,21:31:15,21,13/06/2025,21:48:08
M,52.0,53042,21,13/06/2025,21:24:51,16,13/06/2025,21:44:37
F,31.0,35487,23,13/06/2025,21:29:18,19,13/06/2025,21:35:35
M,27.0,77946,24,13/06/2025,21:27:18,1,13/06/2025,21:30:18
F,38.0,68343,1,13/06/2025,22:39:16,7,13/06/2025,22:52:04
M,32.0,61417,11,13/06/2025,22:02:43,7,13/06/2025,22:23:16
F,45.0,45420,14,13/06/2025,22:37:20,15,13/06/2025,22:50:02
F,34.0,83205,23,13/06/2025,22:45:35,22,13/06/2025,22:57:33
M,16.0,53386,10,13/06/2025,23:45:48,16,14/06/2025,00:12:00
M,18.0,17622,14,13/06/2025,23:57:11,9,14/06/2025,00:13:33
F,45.0,55900,16,13/06/2025,23:44:36,17,14/06/2025,00:02:32
F,29.0,70207,22,13/06/2025,23:02:24,12,13/06/2025,23:22:45
F,43.0,70663,5,14/06/2025,00:41:35,8,14/06/2025,00:47:20
F,37.0,86372,10,14/06/2025,00:24:53,9,14/06/2025,00:45:52
M,34.0,52659,15,14/06/2025,00:09:01,3,14/06/2025,00:19:06
M,28.0,7334,16,14/06/2025,00:15:12,19,14/06/2025,00:28:25
F,31.0,47183,18,14/06/2025,00:40:33,21,14/06/2025,01:02:19
F,18.0,19004,19,14/06/2025,00:55:52,24,14/06/2025,01:07:55
M,42.0,34560,21,14/06/2025,00:57:45,16,14/06/2025,01:12:18
M,28.0,32509,24,14/06/2025,00:41:14,8,14/06/2025,00:50:36
M,20.0,86496,2,14/06/2025,01:01:22,12,14/06/2025,01:09:27
F,48.0,13855,9,14/06/2025,01:41:42,5,14/06/2025,01:56:53
M,43.0,82399,10,14/06/2025,01:40:24,7,14/06/2025,01:48:47
F,32.0,36749,11,14/06/2025,01:59:55,18,14/06/2025,02:08:13
M,36.0,51452,12,14/06/2025,01:32:37,8,14/06/2025,01:55:39
F,18.0,54060,16,14/06/2025,01:17:13,3,14/06/2025,01:21:09
M,32.0,35902,16,14/06/2025,01:36:29,21,14/06/2025,01:39:29
M,25.0,55702,16,14/06/2025,01:12:03,24,14/06/2025,01:40:13
M,16.0,45223,17,14/06/2025,01:36:22,23,14/06/2025,02:00:41
M,46.0,18621,17,14/06/2025,01:54:16,13,14/06/2025,02:13:01
M,25.0,79487,21,14/06/2025,01:32:00,6,14/06/2025,01:54:07
M,39.0,37089,23,14/06/2025,01:07:12,13,14/06/2025,01:32:06
M,35.0,88442,4,14/06/2025,02:14:50,16,14/06/2025,02:25:48
M,37.0,17937,9,14/06/2025,02:42:23,24,14/06/2025,02:46:23
M,33.0,31092,9,14/06/2025,02:06:58,13,14/06/2025,02:14:49
F,20.0,69620,12,14/06/2025,02:10:35,7,14/06/2025,02:26:47
F,22.0,13685,16,14/06/2025,02:14:51,23,14/06/2025,02:47:02
F,34.0,50502,19,14/06/2025,02:46:15,14,14/06/2025,03:10:38
M,34.0,69213,22,14/06/2025,02:52:28,20,14/06/2025,03:04:20
M,24.0,41185,24,14/06/2025,02:34:25,20,14/06/2025,02:58:53
F,43.0,38874,2,14/06/2025,03:09:24,3,14/06/2025,03:19:58
F,37.0,40287,4,14/06/2025,03:40:45,16,14/06/2025,03:46:59
F,34.0,12707,7,14/06/2025,03:52:18,10,14/06/2025,03:56:20
M,16.0,46315,10,14/06/2025,03:43:34,3,14/06/2025,03:55:50
M,42.0,33894,13,14/06/2025,03:51:38,11,14/06/2025,04:16:34
M,56.0,65675,14,14/06/2025,03:57:33,15,14/06/2025,04:03:13
M,33.0,19327,16,14/06/2025,03:21:53,2,14/06/2025,03:32:44
M,48.0,94652,18,14/06/2025,03:50:43,12,14/06/2025,03:57:47
M,30.0,45275,19,14/06/2025,03:12:43,6,14/06/2025,03:19:43
M,47.0,35845,20,14/06/2025,03:51:51,5,14/06/2025,04:06:24
M,32.0,89129,22,14/06/2025,03:23:18,21,14/06/2025,03:36:20
F,50.0,66144,23,14/06/2025,03:42:49,10,14/06/2025,03:55:17
M,46.0,84591,1,14/06/2025,04:32:44,19,14/06/2025,04:38:35
M,21.0,89090,3,14/06/2025,04:12:06,9,14/06/2025,04:31:43
M,24.0,63949,5,14/06/2025,04:35:56,4,14/06/2025,04:49:21
M,25.0,86633,6,14/06/2025,04:21:13,1,14/06/2025,04:38:35
F,27.0,34822,7,14/06/2025,04:19:36,12,14/06/2025,04:32:10
M,32.0,60800,8,14/06/2025,04:38:57,11,14/06/2025,04:58:49
M,31.0,45436,10,14/06/2025,04:43:04,14,14/06/2025,04:46:04
M,25.0,56142,14,14/06/2025,04:27:38,13,14/06/2025,04:49:52
F,33.0,25882,16,14/06/2025,04:03:38,4,14/06/2025,04:19:54
M,16.0,31233,17,14/06/2025,04:38:22,15,14/06/2025,04:56:23
F,33.0,45903,22,14/06/2025,04:08:51,2,14/06/2025,04:29:33
M,29.0,19146,6,14/06/2025,05:05:25,15,14/06/2025,05:14:56
F,33.0,52140,9,14/06/2025,05:10:42,2,14/06/2025,05:24:29
M,34.0,88054,9,14/06/2025,05:46:37,3,14/06/2025,05:58:09
M,26.0,14744,9,14/06/2025,05:11:52,11,14/06/2025,05:23:05
M,29.0,78324,11,14/06/2025,05:43:53,20,14/06/2025,06:06:48
M,30.0,96834,14,14/06/2025,05:33:29,15,14/06/2025,05:57:50
F,22.0,7885,17,14/06/2025,05:53:06,4,14/06/2025,06:08:45
F,32.0,65355,4,14/06/2025,06:12:59,12,14/06/2025,06:27:48
F,33.0,51307,10,14/06/2025,06:48:03,8,14/06/2025,07:05:45
M,36.0,42715,12,14/06/2025,06:30:01,16,14/06/2025,06:39:25
M,38.0,75720,12,14/06/2025,06:37:30,11,14/06/2025,06:50:26
F,34.0,30951,13,14/06/2025,06:31:20,6,14/06/2025,07:01:54
F,43.0,13317,15,14/06/2025,06:29:48,13,14/06/2025,06:54:26
M,27.0,98499,16,14/06/2025,06:54:07,11,14/06/2025,06:59:13
F,34.0,9339,17,14/06/2025,06:23:52,8,14/06/2025,06:38:09
M,44.0,12722,18,14/06/2025,06:47:28,10,14/06/2025,07:04:18
F,37.0,88877,19,14/06/2025,06:42:06,13,14/06/2025,06:57:01
M,42.0,74665,21,14/06/2025,06:28:03,16,14/06/2025,06:48:41
F,42.0,89866,24,14/06/2025,06:25:25,2,14/06/2025,06:44:30
M,21.0,27504,2,14/06/2025,07:35:46,7,14/06/2025,07:53:57
M,43.0,35107,11,14/06/2025,07:33:35,21,14/06/2025,07:54:50
F,34.0,10404,19,14/06/2025,07:07:04,6,14/06/2025,07:38:59
M,47.0,49900,19,14/06/2025,07:29:18,14,14/06/2025,07:45:54
F,34.0,36211,19,14/06/2025,07:45:12,5,14/06/2025,07:48:27
M,30.0,82544,2,14/06/2025,08:50:51,17,14/06/2025,09:02:15
F,34.0,88902,2,14/06/2025,08:46:44,10,14/06/2025,08:56:35
M,33.0,86366,4,14/06/2025,08:59:52,15,14/06/2025,09:09:46
F,27.0,88260,8,14/06/2025,08:59:54,1,14/06/2025,09:07:20
M,36.0,36877,10,14/06/2025,08:31:38,8,14/06/2025,08:58:29
M,53.0,75817,10,14/06/2025,08:55:06,15,14/06/2025,09:08:34
F,34.0,80958,11,14/06/2025,08:48:06,21,14/06/2025,09:05:19
M,27.0,25374,14,14/06/2025,08:19:27,8,14/06/2025,08:38:01
M,38.0,91022,16,14/06/2025,08:56:07,9,14/06/2025,09:15:56
M,34.0,57012,16,14/06/2025,08:09:37,9,14/06/2025,08:30:54
M,30.0,79258,18,14/06/2025,08:32:41,23,14/06/2025,08:43:49
M,46.0,39883,18,14/06/2025,08:42:58,19,14/06/2025,08:57:17
M,39.0,94923,21,14/06/2025,08:53:38,22,14/06/2025,09:08:32
M,38.0,81546,1,14/06/2025,09:01:13,15,14/06/2025,09:27:54
F,48.0,37885,2,14/06/2025,09:51:36,1,14/06/2025,09:58:46
M,34.0,68692,3,14/06/2025,09:36:48,22,14/06/2025,09:55:14
M,31.0,20690,5,14/06/2025,09:36:06,13,14/06/2025,09:50:59
M,28.0,54746,14,14/06/2025,09:45:29,3,14/06/2025,09:53:59
M,47.0,82829,14,14/06/2025,09:02:36,8,14/06/2025,09:19:03
F,42.0,7842,16,14/06/2025,09:59:47,23,14/06/2025,10:11:26
M,37.0,2180,17,14/06/2025,09:51:48,16,14/06/2025,09:55:30
F,20.0,54503,18,14/06/2025,09:10:08,19,14/06/2025,09:15:22
M,16.0,9177,18,14/06/2025,09:13:04,15,14/06/2025,09:29:27
M,38.0,72439,19,14/06/2025,09:14:18,20,14/06/2025,09:43:56
M,35.0,3907,24,14/06/2025,09:19:06,12,14/06/2025,09:30:42
M,43.0,65826,1,14/06/2025,10:58:29,2,14/06/2025,11:20:58
M,34.0,93594,1,14/06/2025,10:58:48,9,14/06/2025,11:01:48
F,28.0,24959,4,14/06/2025,10:25:49,1,14/06/2025,10:38:17
M,22.0,5799,4,14/06/2025,10:09:38,5,14/06/2025,10:22:58
M,48.0,17114,5,14/06/2025,10:50:07,20,14/06/2025,11:08:32
M,52.0,72934,7,14/06/2025,10:00:07,16,14/06/2025,10:16:22
F,38.0,21048,8,14/06/2025,10:42:49,19,14/06/2025,10:59:59
M,41.0,22042,9,14/06/2025,10:29:19,14,14/06/2025,10:59:31
F,16.0,60230,9,14/06/2025,10:42:18,11,14/06/2025,10:58:23
M,40.0,22745,10,14/06/2025,10:11:16,13,14/06/2025,10:29:42
M,54.0,4306,11,14/06/2025,10:53:06,19,14/06/2025,10:58:47
M,42.0,63714,11,14/06/2025,10:19:19,13,14/06/2025,10:30:00
M,28.0,94964,11,14/06/2025,10:29:54,16,14/06/2025,10:42:54
F,32.0,84997,11,14/06/2025,10:29:15,17,14/06/2025,10:42:10
M,29.0,76060,11,14/06/2025,10:15:25,23,14/06/2025,10:36:07
F,36.0,98411,12,14/06/2025,10:03:47,4,14/06/2025,10:06:47
M,24.0,15314,12,14/06/2025,10:34:22,19,14/06/2025,10:46:38
M,42.0,78531,12,14/06/2025,10:15:56,22,14/06/2025,10:18:56
F,22.0,19341,14,14/06/2025,10:25:21,9,14/06/2025,10:55:08
M,29.0,65462,17,14/06/2025,10:39:17,20,14/06/2025,11:07:30
F,25.0,46130,17,14/06/2025,10:00:44,8,14/06/2025,10:10:15
F,30.0,89507,17,14/06/2025,10:46:24,5,14/06/2025,10:59:28
F,36.0,58653,19,14/06/2025,10:46:32,5,14/06/2025,10:50:02
M,32.0,70594,20,14/06/2025,10:26:51,3,14/06/2025,10:38:28
M,33.0,17155,22,14/06/2025,10:40:56,1,14/06/2025,11:06:16
M,37.0,90560,23,14/06/2025,10:35:24,8,14/06/2025,10:50:49
M,47.0,57569,24,14/06/2025,10:06:26,5,14/06/2025,10:15:10
M,32.0,70982,1,14/06/2025,11:41:15,8,14/06/2025,11:55:24
M,26.0,80786,3,14/06/2025,11:36:26,4,14/06/2025,11:42:40
F,23.0,56077,3,14/06/2025,11:07:10,22,14/06/2025,11:10:14
M,25.0,44516,3,14/06/2025,11:07:06,4,14/06/2025,11:12:30
M,25.0,91754,6,14/06/2025,11:36:42,2,14/06/2025,11:46:03
M,27.0,4160,6,14/06/2025,11:48:06,13,14/06/2025,12:03:41
M,18.0,93289,8,14/06/2025,11:36:43,11,14/06/2025,12:03:16
M,33.0,4101,9,14/06/2025,11:05:34,4,14/06/2025,11:20:12
F,35.0,69656,9,14/06/2025,11:38:42,8,14/06/2025,11:59:49
M,39.0,66466,10,14/06/2025,11:06:48,15,14/06/2025,11:17:34
F,36.0,14157,10,14/06/2025,11:40:31,9,14/06/2025,12:01:51
M,53.0,47073,11,14/06/2025,11:48:25,6,14/06/2025,12:06:10
M,52.0,89312,11,14/06/2025,11:46:06,16,14/06/2025,12:06:36
M,29.0,19129,11,14/06/2025,11:54:42,18,14/06/2025,12:03:31
F,38.0,31052,12,14/06/2025,11:05:01,15,14/06/2025,11:28:36
M,33.0,81195,16,14/06/2025,11:29:41,12,14/06/2025,11:43:23
M,37.0,96033,17,14/06/2025,11:58:54,3,14/06/2025,12:18:23
M,49.0,36235,17,14/06/2025,11:12:29,3,14/06/2025,11:21:53
M,43.0,7474,18,14/06/2025,11:50:05,13,14/06/2025,12:03:37
F,47.0,46116,19,14/06/2025,11:14:56,17,14/06/2025,11:17:56
M,37.0,2714,20,14/06/2025,11:26:52,1,14/06/2025,11:32:43
F,43.0,21703,20,14/06/2025,11:35:30,15,14/06/2025,11:40:17
M,28.0,41242,21,14/06/2025,11:13:12,3,14/06/2025,11:34:48
F,23.0,3901,21,14/06/2025,11:48:35,12,14/06/2025,11:52:29
M,49.0,57885,2,14/06/2025,12:05:31,13,14/06/2025,12:22:47
F,37.0,60719,2,14/06/2025,12:43:23,6,14/06/2025,13:02:53
F,38.0,58542,2,14/06/2025,12:53:27,22,14/06/2025,13:08:41
F,37.0,79264,3,14/06/2025,12:36:46,12,14/06/2025,12:53:35
M,21.0,69490,4,14/06/2025,12:22:47,8,14/06/2025,12:41:03
F,37.0,48568,4,14/06/2025,12:36:14,5,14/06/2025,12:40:06
F,26.0,75457,7,14/06/2025,12:22:24,2,14/06/2025,12:33:54
M,29.0,89924,9,14/06/2025,12:53:58,17,14/06/2025,13:15:29
F,30.0,26136,9,14/06/2025,12:44:30,5,14/06/2025,12:58:50
M,50.0,58300,9,14/06/2025,12:31:09,22,14/06/2025,12:48:34
M,17.0,40840,10,14/06/2025,12:39:15,15,14/06/2025,12:51:17
M,16.0,35582,10,14/06/2025,12:59:40,21,14/06/2025,13:16:35
M,36.0,60801,10,14/06/2025,12:48:54,4,14/06/2025,13:09:55
M,38.0,96956,10,14/06/2025,12:45:47,18,14/06/2025,12:52:55
F,29.0,45604,10,14/06/2025,12:22:49,8,14/06/2025,12:39:32
M,61.0,1778,11,14/06/2025,12:18:11,8,14/06/2025,12:34:23
M,28.0,37727,13,14/06/2025,12:26:44,7,14/06/2025,12:58:03
F,16.0,88336,14,14/06/2025,12:29:50,12,14/06/2025,12:52:57
F,26.0,12237,14,14/06/2025,12:52:35,18,14/06/2025,13:16:05
M,25.0,28136,15,14/06/2025,12:47:42,9,14/06/2025,13:11:38
M,26.0,30637,16,14/06/2025,12:27:17,9,14/06/2025,12:40:17
M,38.0,70439,16,14/06/2025,12:54:59,5,14/06/2025,13:08:23
F,26.0,96206,17,14/06/2025,12:20:00,13,14/06/2025,12:23:00
M,26.0,82831,17,14/06/2025,12:14:53,22,14/06/2025,12:46:46
F,16.0,84081,18,14/06/2025,12:59:11,23,14/06/2025,13:10:00
F,26.0,1559,18,14/06/2025,12:15:24,17,14/06/2025,12:31:54
M,33.0,59897,18,14/06/2025,12:05:39,4,14/06/2025,12:20:46
M,17.0,63646,20,14/06/2025,12:59:30,17,14/06/2025,13:15:00
F,16.0,53434,20,14/06/2025,12:53:56,4,14/06/2025,13:11:54
F,33.0,52688,20,14/06/2025,12:52:57,24,14/06/2025,13:15:19
M,34.0,4866,21,14/06/2025,12:43:56,14,14/06/2025,12:56:07
M,48.0,86699,22,14/06/2025,12:14:05,23,14/06/2025,12:29:45
F,39.0,45864,23,14/06/2025,12:19:24,10,14/06/2025,12:30:48
M,33.0,10467,1,14/06/2025,13:07:47,4,14/06/2025,13:29:08
M,37.0,26824,1,14/06/2025,13:36:38,15,14/06/2025,13:46:20
M,32.0,68490,1,14/06/2025,13:51:10,20,14/06/2025,14:04:59
M,40.0,50625,1,14/06/2025,13:32:34,16,14/06/2025,13:35:34
M,38.0,66919,2,14/06/2025,13:47:11,24,14/06/2025,13:52:06
M,59.0,89293,2,14/06/2025,13:51:53,8,14/06/2025,14:22:29
M,17.0,1403,2,14/06/2025,13:24:33,8,14/06/2025,13:33:37
F,17.0,62390,4,14/06/2025,13:30:41,19,14/06/2025,13:42:52
F,50.0,85769,5,14/06/2025,13:57:52,9,14/06/2025,14:10:57
F,24.0,48921,6,14/06/2025,13:26:02,1,14/06/2025,13:38:49
F,16.0,39591,7,14/06/2025,13:11:57,20,14/06/2025,13:19:25
F,34.0,8973,7,14/06/2025,13:05:08,5,14/06/2025,13:29:39
F,46.0,82030,10,14/06/2025,13:45:49,19,14/06/2025,14:05:25
M,47.0,83629,10,14/06/2025,13:14:21,20,14/06/2025,13:31:09
M,16.0,88320,11,14/06/2025,13:45:16,12,14/06/2025,13:59:21
M,29.0,51055,11,14/06/2025,13:25:55,3,14/06/2025,13:41:02
M,29.0,37874,12,14/06/2025,13:12:19,16,14/06/2025,13:37:36
M,42.0,66596,13,14/06/2025,13:36:05,22,14/06/2025,13:54:30
M,41.0,76931,13,14/06/2025,13:09:03,3,14/06/2025,13:12:03
M,16.0,54905,14,14/06/2025,13:01:37,24,14/06/2025,13:04:37
M,31.0,14127,15,14/06/2025,13:55:22,20,14/06/2025,14:07:34
F,26.0,99763,16,14/06/2025,13:59:29,24,14/06/2025,14:16:51
M,31.0,34145,17,14/06/2025,13:25:49,18,14/06/2025,13:48:05
M,42.0,3500,18,14/06/2025,13:12:52,10,14/06/2025,13:27:29
F,18.0,45451,18,14/06/2025,13:34:37,13,14/06/2025,13:43:29
F,25.0,41797,20,14/06/2025,13:42:20,22,14/06/2025,13:45:20
M,37.0,19642,20,14/06/2025,13:51:20,19,14/06/2025,14:05:34
M,26.0,66756,20,14/06/2025,13:44:38,18,14/06/2025,14:01:10
F,24.0,56165,21,14/06/2025,13:19:32,19,14/06/2025,13:36:42
M,51.0,78265,22,14/06/2025,13:32:07,1,14/06/2025,13:50:43
M,30.0,61010,23,14/06/2025,13:26:52,1,14/06/2025,13:34:30
M,30.0,17601,24,14/06/2025,13:48:27,19,14/06/2025,13:58:57
M,23.0,41379,24,14/06/2025,13:23:13,14,14/06/2025,13:29:48
M,34.0,81198,24,14/06/2025,13:11:08,20,14/06/2025,13:28:42
M,45.0,59577,1,14/06/2025,14:27:26,3,14/06/2025,14:50:07
F,17.0,35828,2,14/06/2025,14:29:08,16,14/06/2025,14:43:21
M,23.0,88764,2,14/06/2025,14:57:39,12,14/06/2025,15:00:39
F,35.0,14556,2,14/06/2025,14:50:16,10,14/06/2025,14:59:19
M,35.0,51763,3,14/06/2025,14:27:58,9,14/06/2025,14:42:16
M,57.0,24461,4,14/06/2025,14:23:01,23,14/06/2025,14:41:32
M,54.0,74106,4,14/06/2025,14:34:48,5,14/06/2025,14:37:48
M,25.0,72313,5,14/06/2025,14:42:27,10,14/06/2025,15:04:59
M,40.0,77236,5,14/06/2025,14:20:28,19,14/06/2025,14:38:35
M,23.0,63544,5,14/06/2025,14:03:25,9,14/06/2025,14:18:14
F,26.0,72962,5,14/06/2025,14:41:06,18,14/06/2025,15:02:47
F,22.0,66867,5,14/06/2025,14:43:51,23,14/06/2025,14:58:25
M,36.0,52197,6,14/06/2025,14:00:45,17,14/06/2025,14:20:00
F,16.0,67088,9,14/06/2025,14:07:06,10,14/06/2025,14:10:41
M,37.0,39137,10,14/06/2025,14:45:55,11,14/06/2025,15:08:01
M,16.0,58970,10,14/06/2025,14:39:08,24,14/06/2025,14:57:57
M,31.0,33671,11,14/06/2025,14:38:36,24,14/06/2025,14:53:40
M,34.0,78408,11,14/06/2025,14:59:17,7,14/06/2025,15:25:08
M,34.0,19438,11,14/06/2025,14:59:25,7,14/06/2025,15:02:25
M,38.0,86669,12,14/06/2025,14:57:55,8,14/06/2025,15:08:52
F,41.0,75618,14,14/06/2025,14:52:40,18,14/06/2025,15:04:24
F,24.0,88771,14,14/06/2025,14:56:11,19,14/06/2025,14:59:11
M,31.0,68322,16,14/06/2025,14:15:44,13,14/06/2025,14:37:29
F,43.0,10023,16,14/06/2025,14:23:27,6,14/06/2025,14:52:35
F,37.0,95820,17,14/06/2025,14:33:04,12,14/06/2025,14:42:40
M,39.0,17164,17,14/06/2025,14:31:29,16,14/06/2025,14:59:00
M,40.0,41953,18,14/06/2025,14:33:28,20,14/06/2025,14:52:59
M,33.0,28245,18,14/06/2025,14:09:48,22,14/06/2025,14:37:14
F,33.0,80932,19,14/06/2025,14:12:46,18,14/06/2025,14:29:35
M,45.0,34591,20,14/06/2025,14:56:59,15,14/06/2025,15:18:55
M,48.0,79189,21,14/06/2025,14:17:01,22,14/06/2025,14:31:54
M,32.0,14177,21,14/06/2025,14:54:36,4,14/06/2025,14:57:39
M,25.0,53436,21,14/06/2025,14:59:53,22,14/06/2025,15:22:11
F,27.0,13430,23,14/06/2025,14:52:57,6,14/06/2025,15:01:21
F,22.0,50284,24,14/06/2025,14:28:54,8,14/06/2025,14:37:31
F,23.0,70421,1,14/06/2025,15:06:12,7,14/06/2025,15:26:34
F,41.0,42011,3,14/06/2025,15:30:32,4,14/06/2025,15:33:32
M,23.0,25964,5,14/06/2025,15:15:23,4,14/06/2025,15:18:23
F,36.0,61683,7,14/06/2025,15:31:38,18,14/06/2025,16:02:44
M,46.0,90865,8,14/06/2025,15:10:54,6,14/06/2025,15:23:12
M,37.0,98897,9,14/06/2025,15:29:34,5,14/06/2025,15:50:47
F,30.0,21736,10,14/06/2025,15:33:35,14,14/06/2025,15:51:04
M,38.0,89976,10,14/06/2025,15:45:53,8,14/06/2025,16:01:13
M,31.0,35000,11,14/06/2025,15:00:44,16,14/06/2025,15:14:37
M,29.0,12387,11,14/06/2025,15:30:14,6,14/06/2025,15:57:43
F,35.0,30949,11,14/06/2025,15:43:11,6,14/06/2025,15:46:54
F,36.0,34396,11,14/06/2025,15:35:57,8,14/06/2025,15:40:34
F,38.0,92482,11,14/06/2025,15:50:15,23,14/06/2025,16:03:24
M,21.0,71424,12,14/06/2025,15:08:23,18,14/06/2025,15:30:38
M,34.0,66924,12,14/06/2025,15:30:48,7,14/06/2025,15:50:43
F,48.0,34946,14,14/06/2025,15:53:09,7,14/06/2025,16:08:45
F,33.0,74570,15,14/06/2025,15:18:01,24,14/06/2025,15:39:35
M,32.0,59563,17,14/06/2025,15:05:44,13,14/06/2025,15:12:25
F,27.0,45315,19,14/06/2025,15:14:57,24,14/06/2025,15:29:54
F,21.0,46107,20,14/06/2025,15:42:16,14,14/06/2025,15:56:32
F,16.0,57839,20,14/06/2025,15:24:30,15,14/06/2025,15:37:24
M,21.0,21273,21,14/06/2025,15:38:54,18,14/06/2025,15:46:09
M,31.0,29850,22,14/06/2025,15:08:21,18,14/06/2025,15:11:21
M,16.0,3034,22,14/06/2025,15:07:39,24,14/06/2025,15:16:27
M,18.0,55179,22,14/06/2025,15:10:03,11,14/06/2025,15:29:57
M,35.0,46346,23,14/06/2025,15:41:32,7,14/06/2025,15:45:13
F,37.0,25062,1,14/06/2025,16:27:15,22,14/06/2025,16:40:12
M,27.0,88473,2,14/06/2025,16:43:19,1,14/06/2025,16:46:19
M,23.0,49752,2,14/06/2025,16:02:50,6,14/06/2025,16:15:12
M,27.0,17959,2,14/06/2025,16:14:16,18,14/06/2025,16:29:43
F,35.0,59990,3,14/06/2025,16:21:08,9,14/06/2025,16:31:47
M,36.0,48340,3,14/06/2025,16:06:55,9,14/06/2025,16:16:32
M,39.0,3526,4,14/06/2025,16:23:37,3,14/06/2025,16:31:29
M,42.0,4822,7,14/06/2025,16:40:07,11,14/06/2025,16:58:37
F,32.0,18087,11,14/06/2025,16:12:18,8,14/06/2025,16:38:06
M,36.0,83484,11,14/06/2025,16:19:50,21,14/06/2025,16:36:32
M,22.0,6552,12,14/06/2025,16:50:25,6,14/06/2025,17:08:33
F,42.0,70888,13,14/06/2025,16:33:38,18,14/06/2025,16:40:33
F,16.0,43541,15,14/06/2025,16:55:46,11,14/06/2025,17:06:31
M,34.0,11939,16,14/06/2025,16:36:08,21,14/06/2025,16:45:55
M,27.0,57299,16,14/06/2025,16:46:29,21,14/06/2025,16:52:58
M,36.0,21991,18,14/06/2025,16:26:29,19,14/06/2025,16:40:20
F,50.0,19438,18,14/06/2025,16:43:46,13,14/06/2025,16:48:25
M,16.0,99054,19,14/06/2025,16:52:20,20,14/06/2025,17:00:59
F,39.0,53820,20,14/06/2025,16:55:40,15,14/06/2025,17:15:01
M,49.0,94893,20,14/06/2025,16:36:18,5,14/06/2025,16:44:51
M,31.0,79534,21,14/06/2025,16:21:41,20,14/06/2025,16:32:07
F,36.0,60128,21,14/06/2025,16:35:02,12,14/06/2025,16:48:46
M,32.0,35532,22,14/06/2025,16:26:30,18,14/06/2025,16:44:59
F,41.0,5657,2,14/06/2025,17:15:04,7,14/06/2025,17:24:01
M,47.0,30954,3,14/06/2025,17:42:14,6,14/06/2025,18:09:59
M,34.0,24429,4,14/06/2025,17:33:12,24,14/06/2025,17:46:36
F,30.0,92800,5,14/06/2025,17:03:15,12,14/06/2025,17:15:36
F,18.0,44935,6,14/06/2025,17:48:52,18,14/06/2025,18:03:27
M,36.0,66967,7,14/06/2025,17:45:27,18,14/06/2025,17:56:55
M,27.0,41631,7,14/06/2025,17:15:47,16,14/06/2025,17:20:03
F,29.0,64436,8,14/06/2025,17:17:15,17,14/06/2025,17:24:28
F,16.0,36626,8,14/06/2025,17:45:18,17,14/06/2025,17:56:59
M,33.0,17735,8,14/06/2025,17:14:48,19,14/06/2025,17:29:03
M,32.0,67655,9,14/06/2025,17:33:59,21,14/06/2025,17:44:59
M,40.0,7926,9,14/06/2025,17:03:22,16,14/06/2025,17:24:40
M,30.0,97709,10,14/06/2025,17:01:24,8,14/06/2025,17:28:43
M,34.0,45530,10,14/06/2025,17:23:03,21,14/06/2025,17:56:01
M,33.0,48940,12,14/06/2025,17:26:05,20,14/06/2025,17:37:06
F,31.0,12219,12,14/06/2025,17:45:41,7,14/06/2025,18:02:20
M,40.0,16539,13,14/06/2025,17:14:49,17,14/06/2025,17:38:03
M,33.0,75048,15,14/06/2025,17:47:52,12,14/06/2025,17:54:41
F,39.0,61460,16,14/06/2025,17:31:38,23,14/06/2025,17:49:55
M,56.0,59357,18,14/06/2025,17:46:03,4,14/06/2025,17:49:03
M,29.0,63823,20,14/06/2025,17:53:01,15,14/06/2025,17:56:01
M,38.0,21534,20,14/06/2025,17:10:50,24,14/06/2025,17:28:51
M,42.0,31057,20,14/06/2025,17:01:09,23,14/06/2025,17:13:47
M,49.0,83108,21,14/06/2025,17:36:11,23,14/06/2025,17:49:49
M,19.0,48392,21,14/06/2025,17:57:21,17,14/06/2025,18:11:48
M,41.0,37826,22,14/06/2025,17:09:43,11,14/06/2025,17:19:14
F,24.0,17156,2,14/06/2025,18:54:28,3,14/06/2025,19:08:21
M,18.0,34455,3,14/06/2025,18:00:03,9,14/06/2025,18:18:24
F,24.0,79717,4,14/06/2025,18:20:10,5,14/06/2025,18:38:04
M,16.0,69831,7,14/06/2025,18:29:55,6,14/06/2025,18:46:25
M,39.0,20825,8,14/06/2025,18:50:34,17,14/06/2025,19:09:23
M,39.0,61247,8,14/06/2025,18:27:18,24,14/06/2025,18:46:21
M,21.0,28619,8,14/06/2025,18:00:19,24,14/06/2025,18:17:35
M,24.0,82753,9,14/06/2025,18:00:29,4,14/06/2025,18:15:14
M,25.0,40240,15,14/06/2025,18:31:34,14,14/06/2025,18:52:11
M,40.0,10306,15,14/06/2025,18:10:03,13,14/06/2025,18:20:20
F,43.0,56887,16,14/06/2025,18:18:15,2,14/06/2025,18:28:06
F,30.0,47768,18,14/06/2025,18:29:15,23,14/06/2025,18:38:08
F,38.0,66107,19,14/06/2025,18:00:19,4,14/06/2025,18:05:18
F,60.0,68929,20,14/06/2025,18:00:21,19,14/06/2025,18:32:10
M,39.0,51889,21,14/06/2025,18:38:11,22,14/06/2025,18:57:58
M,20.0,71116,1,14/06/2025,19:43:42,14,14/06/2025,20:04:23
M,18.0,19822,3,14/06/2025,19:25:22,21,14/06/2025,19:43:54
M,29.0,79654,4,14/06/2025,19:04:54,20,14/06/2025,19:20:29
F,39.0,60388,5,14/06/2025,19:46:30,18,14/06/2025,20:01:08
M,48.0,47252,9,14/06/2025,19:43:37,15,14/06/2025,19:58:27
M,28.0,30095,12,14/06/2025,19:01:38,17,14/06/2025,19:26:18
F,38.0,63616,14,14/06/2025,19:23:46,8,14/06/2025,19:45:03
F,28.0,21424,14,14/06/2025,19:45:59,11,14/06/2025,19:58:36
M,41.0,29505,15,14/06/2025,19:47:33,10,14/06/2025,20:01:11
M,39.0,55880,17,14/06/2025,19:10:12,21,14/06/2025,19:17:37
M,45.0,72880,17,14/06/2025,19:00:29,24,14/06/2025,19:12:58
M,28.0,36642,17,14/06/2025,19:21:27,16,14/06/2025,19:31:42
M,25.0,81954,18,14/06/2025,19:22:08,24,14/06/2025,19:26:08
M,55.0,93673,18,14/06/2025,19:38:30,9,14/06/2025,20:03:44
M,17.0,61916,18,14/06/2025,19:30:02,11,14/06/2025,19:33:02
M,38.0,6534,19,14/06/2025,19:19:55,24,14/06/2025,19:40:09
M,32.0,98176,19,14/06/2025,19:37:45,22,14/06/2025,19:55:07
M,21.0,16693,20,14/06/2025,19:35:28,18,14/06/2025,19:38:28
M,42.0,51420,20,14/06/2025,19:32:54,7,14/06/2025,19:43:52
M,32.0,36533,21,14/06/2025,19:45:11,18,14/06/2025,19:48:22
F,37.0,41223,22,14/06/2025,19:52:12,23,14/06/2025,20:04:06
M,16.0,25411,24,14/06/2025,19:36:18,23,14/06/2025,19:48:45
M,31.0,29588,2,14/06/2025,20:57:11,3,14/06/2025,21:08:18
M,39.0,28952,3,14/06/2025,20:15:02,18,14/06/2025,20:21:10
F,41.0,41985,4,14/06/2025,20:50:33,15,14/06/2025,21:08:23
M,30.0,7741,6,14/06/2025,20:07:29,12,14/06/2025,20:34:30
M,31.0,48332,11,14/06/2025,20:38:45,15,14/06/2025,20:41:45
M,20.0,91323,12,14/06/2025,20:15:46,7,14/06/2025,20:32:33
M,40.0,56099,14,14/06/2025,20:49:18,20,14/06/2025,21:02:23
F,24.0,83015,21,14/06/2025,20:51:43,16,14/06/2025,21:08:42
F,39.0,60614,2,14/06/2025,21:24:04,9,14/06/2025,21:47:13
M,38.0,87423,2,14/06/2025,21:33:08,21,14/06/2025,21:50:18
M,28.0,78786,6,14/06/2025,21:24:46,15,14/06/2025,21:44:44
M,18.0,75193,9,14/06/2025,21:09:51,7,14/06/2025,21:20:48
M,31.0,66012,10,14/06/2025,21:53:08,19,14/06/2025,22:01:24
M,26.0,63369,12,14/06/2025,21:09:14,16,14/06/2025,21:18:16
F,34.0,54702,4,14/06/2025,22:36:19,22,14/06/2025,22:49:47
M,22.0,53628,8,14/06/2025,22:47:47,19,14/06/2025,23:00:30
M,34.0,80828,17,14/06/2025,22:03:35,23,14/06/2025,22:23:29
F,32.0,77779,17,14/06/2025,22:47:53,12,14/06/2025,23:00:59
F,24.0,36726,20,14/06/2025,22:54:41,19,14/06/2025,23:17:25
F,51.0,16193,1,14/06/2025,23:53:21,16,15/06/2025,00:06:42
F,30.0,58199,2,14/06/2025,23:43:11,23,15/06/2025,00:07:52
M,36.0,99143,3,14/06/2025,23:12:39,1,14/06/2025,23:15:39
M,16.0,47876,7,14/06/2025,23:52:19,8,15/06/2025,00:00:32
M,30.0,40850,7,14/06/2025,23:05:01,21,14/06/2025,23:18:12
M,31.0,51556,12,14/06/2025,23:58:25,14,15/06/2025,00:12:03
F,21.0,96661,13,14/06/2025,23:33:49,20,14/06/2025,23:52:20
F,63.0,36823,15,14/06/2025,23:03:15,18,14/06/2025,23:23:34
M,52.0,71322,18,14/06/2025,23:21:17,23,14/06/2025,23:25:22
F,30.0,20339,21,14/06/2025,23:35:43,12,14/06/2025,23:44:40
F,28.0,41760,2,15/06/2025,00:57:21,8,15/06/2025,01:04:05
M,17.0,93964,4,15/06/2025,00:48:21,9,15/06/2025,01:01:32
F,39.0,3574,4,15/06/2025,00:48:46,18,15/06/2025,01:04:14
F,22.0,28055,4,15/06/2025,00:23:30,16,15/06/2025,00:43:48
M,33.0,38559,6,15/06/2025,00:04:20,17,15/06/2025,00:28:25
M,22.0,61808,10,15/06/2025,00:15:32,19,15/06/2025,00:29:50
M,34.0,81793,10,15/06/2025,00:49:15,14,15/06/2025,00:52:15
M,39.0,35352,11,15/06/2025,00:44:20,21,15/06/2025,01:08:00
F,35.0,61872,12,15/06/2025,00:24:42,8,15/06/2025,00:27:42
F,42.0,32464,12,15/06/2025,00:08:44,4,15/06/2025,00:28:56
M,41.0,71006,18,15/06/2025,00:05:33,24,15/06/2025,00:27:53
M,45.0,4544,1,15/06/2025,01:02:50,2,15/06/2025,01:21:42
M,53.0,34172,4,15/06/2025,01:42:15,8,15/06/2025,02:01:23
M,21.0,78887,5,15/06/2025,01:36:10,3,15/06/2025,01:41:31
M,43.0,28819,8,15/06/2025,01:41:17,9,15/06/2025,01:44:17
F,46.0,45961,12,15/06/2025,01:28:00,15,15/06/2025,01:38:28
M,49.0,53053,19,15/06/2025,01:35:47,15,15/06/2025,01:53:08
M,37.0,21363,21,15/06/2025,01:07:54,6,15/06/2025,01:23:16
M,36.0,2123,24,15/06/2025,01:26:55,23,15/06/2025,01:41:20
M,31.0,7265,2,15/06/2025,02:50:19,17,15/06/2025,03:01:22
M,30.0,15312,3,15/06/2025,02:42:50,16,15/06/2025,02:58:07
M,49.0,1364,4,15/06/2025,02:07:20,13,15/06/2025,02:32:07
F,52.0,37659,5,15/06/2025,02:30:42,13,15/06/2025,02:50:08
F,21.0,33508,17,15/06/2025,02:46:06,7,15/06/2025,02:56:28
M,23.0,23312,17,15/06/2025,02:50:18,2,15/06/2025,03:05:57
M,20.0,77079,19,15/06/2025,02:07:39,8,15/06/2025,02:16:00
F,37.0,5742,23,15/06/2025,02:57:20,11,15/06/2025,03:12:57
M,16.0,13927,1,15/06/2025,03:36:44,2,15/06/2025,03:50:08
M,28.0,88750,6,15/06/2025,03:39:07,12,15/06/2025,03:47:34
M,16.0,29497,6,15/06/2025,03:40:50,1,15/06/2025,03:44:41
F,25.0,94724,7,15/06/2025,03:48:03,19,15/06/2025,04:11:07
M,31.0,98285,10,15/06/2025,03:48:53,3,15/06/2025,04:02:05
M,37.0,33095,11,15/06/2025,03:15:28,3,15/06/2025,03:18:28
M,34.0,58884,12,15/06/2025,03:42:16,7,15/06/2025,04:03:32
M,42.0,68060,13,15/06/2025,03:01:33,11,15/06/2025,03:04:33
F,45.0,92041,14,15/06/2025,03:58:58,20,15/06/2025,04:14:11
F,49.0,80756,15,15/06/2025,03:18:49,18,15/06/2025,03:29:19
F,35.0,2654,16,15/06/2025,03:04:13,22,15/06/2025,03:19:07
M,30.0,6006,16,15/06/2025,03:48:19,11,15/06/2025,03:56:49
F,38.0,40804,19,15/06/2025,03:14:25,24,15/06/2025,03:31:37
F,41.0,86361,19,15/06/2025,03:46:41,10,15/06/2025,03:52:03
M,45.0,63043,24,15/06/2025,03:14:24,11,15/06/2025,03:19:07
M,25.0,39760,3,15/06/2025,04:02:19,11,15/06/2025,04:27:02
F,19.0,90669,6,15/06/2025,04:24:00,22,15/06/2025,04:35:59
M,30.0,23352,9,15/06/2025,04:26:29,17,15/06/2025,04:40:56
F,41.0,83098,10,15/06/2025,04:21:53,22,15/06/2025,04:24:53
M,47.0,42667,11,15/06/2025,04:49:02,3,15/06/2025,05:13:20
M,16.0,78690,13,15/06/2025,04:58:08,21,15/06/2025,05:24:24
M,26.0,1133,18,15/06/2025,04:53:10,23,15/06/2025,05:11:42
M,44.0,2335,20,15/06/2025,04:38:33,24,15/06/2025,05:00:19
M,30.0,41176,21,15/06/2025,04:14:26,3,15/06/2025,04:17:26
M,39.0,53019,1,15/06/2025,05:28:45,17,15/06/2025,05:51:56
F,33.0,84650,1,15/06/2025,05:26:52,18,15/06/2025,05:49:15
F,32.0,81428,2,15/06/2025,05:23:24,18,15/06/2025,05:43:34
M,25.0,44984,3,15/06/2025,05:43:55,15,15/06/2025,06:08:37
F,24.0,48035,7,15/06/2025,05:41:49,20,15/06/2025,05:47:58
M,34.0,99489,9,15/06/2025,05:08:54,19,15/06/2025,05:22:45
M,16.0,21893,9,15/06/2025,05:04:44,18,15/06/2025,05:24:28
M,26.0,61567,14,15/06/2025,05:00:02,8,15/06/2025,05:14:22
M,36.0,95403,18,15/06/2025,05:43:28,20,15/06/2025,06:14:28
F,41.0,69458,19,15/06/2025,05:02:43,18,15/06/2025,05:19:45
F,36.0,79971,2,15/06/2025,06:56:17,18,15/06/2025,07:04:50
F,45.0,80734,6,15/06/2025,06:54:05,2,15/06/2025,07:05:51
M,41.0,59217,6,15/06/2025,06:52:27,8,15/06/2025,07:10:25
F,45.0,49684,7,15/06/2025,06:24:31,2,15/06/2025,06:44:51
M,17.0,82348,8,15/06/2025,06:45:43,23,15/06/2025,06:48:43
F,42.0,78407,8,15/06/2025,06:21:51,7,15/06/2025,06:35:33
M,36.0,80187,9,15/06/2025,06:55:35,5,15/06/2025,07:14:15
F,42.0,77018,11,15/06/2025,06:18:03,6,15/06/2025,06:28:27
M,32.0,28027,13,15/06/2025,06:28:48,8,15/06/2025,06:32:24
F,32.0,73969,14,15/06/2025,06:49:51,8,15/06/2025,07:05:10
M,34.0,19911,17,15/06/2025,06:18:00,18,15/06/2025,06:40:21
F,29.0,94236,1,15/06/2025,07:24:48,2,15/06/2025,07:33:54
M,16.0,42634,2,15/06/2025,07:03:43,18,15/06/2025,07:25:27
M,20.0,90717,3,15/06/2025,07:40:15,9,15/06/2025,07:59:21
M,26.0,35515,4,15/06/2025,07:31:12,9,15/06/2025,07:51:55
F,39.0,55490,4,15/06/2025,07:15:02,12,15/06/2025,07:25:00
F,24.0,42751,8,15/06/2025,07:33:43,7,15/06/2025,07:36:43
M,28.0,87593,10,15/06/2025,07:39:49,20,15/06/2025,08:00:42
M,27.0,92269,13,15/06/2025,07:05:19,12,15/06/2025,07:12:43
M,40.0,91867,17,15/06/2025,07:18:14,18,15/06/2025,07:35:15
M,33.0,2487,19,15/06/2025,07:00:11,20,15/06/2025,07:22:16
M,43.0,62262,19,15/06/2025,07:15:37,2,15/06/2025,07:35:48
F,29.0,8045,20,15/06/2025,07:29:45,18,15/06/2025,07:50:43
F,38.0,39290,20,15/06/2025,07:51:31,10,15/06/2025,08:07:59
M,40.0,55705,20,15/06/2025,07:09:01,2,15/06/2025,07:12:01
M,24.0,23309,21,15/06/2025,07:21:11,6,15/06/2025,07:39:57
F,32.0,69068,22,15/06/2025,07:04:18,11,15/06/2025,07:35:11
F,16.0,91656,24,15/06/2025,07:32:02,19,15/06/2025,07:42:07
F,42.0,8410,1,15/06/2025,08:59:12,11,15/06/2025,09:16:35
F,42.0,40751,4,15/06/2025,08:43:54,2,15/06/2025,09:01:57
M,34.0,71300,4,15/06/2025,08:40:18,12,15/06/2025,08:43:18
M,46.0,61686,5,15/06/2025,08:22:24,22,15/06/2025,08:37:22
F,33.0,85954,6,15/06/2025,08:23:32,9,15/06/2025,08:41:33
M,29.0,55280,13,15/06/2025,08:08:49,11,15/06/2025,08:29:45
M,38.0,62139,16,15/06/2025,08:49:39,11,15/06/2025,09:01:54
M,46.0,52507,18,15/06/2025,08:39:27,13,15/06/2025,08:59:09
M,31.0,18843,21,15/06/2025,08:25:32,12,15/06/2025,08:39:04
F,51.0,79169,22,15/06/2025,08:28:17,13,15/06/2025,08:31:17
M,16.0,66105,2,15/06/2025,09:09:33,7,15/06/2025,09:18:03
M,44.0,75444,3,15/06/2025,09:07:56,1,15/06/2025,09:25:22
M,31.0,65769,3,15/06/2025,09:09:51,23,15/06/2025,09:23:39
M,32.0,17409,7,15/06/2025,09:48:14,9,15/06/2025,09:53:52
F,28.0,53768,13,15/06/2025,09:44:53,8,15/06/2025,09:55:13
M,27.0,58571,14,15/06/2025,09:07:18,1,15/06/2025,09:11:07
M,22.0,27986,15,15/06/2025,09:59:28,20,15/06/2025,10:04:59
M,31.0,74459,17,15/06/2025,09:38:26,5,15/06/2025,10:06:38
F,36.0,97810,18,15/06/2025,09:03:53,19,15/06/2025,09:09:50
M,41.0,19406,19,15/06/2025,09:07:51,24,15/06/2025,09:22:07
F,16.0,58202,21,15/06/2025,09:09:38,10,15/06/2025,09:16:00
F,36.0,27211,21,15/06/2025,09:29:30,20,15/06/2025,09:44:38
M,35.0,85780,22,15/06/2025,09:46:32,11,15/06/2025,09:54:42
F,45.0,9048,1,15/06/2025,10:41:16,24,15/06/2025,10:44:16
F,30.0,6904,3,15/06/2025,10:48:30,13,15/06/2025,10:58:01
M,31.0,88816,4,15/06/2025,10:41:57,18,15/06/2025,10:51:56
M,43.0,10666,5,15/06/2025,10:05:11,10,15/06/2025,10:10:08
M,36.0,10058,7,15/06/2025,10:30:56,3,15/06/2025,10:36:54
M,24.0,32402,8,15/06/2025,10:42:05,7,15/06/2025,11:06:07
M,18.0,76217,8,15/06/2025,10:26:19,7,15/06/2025,10:49:22
F,47.0,87876,10,15/06/2025,10:28:05,15,15/06/2025,10:31:05
M,22.0,3449,10,15/06/2025,10:02:09,7,15/06/2025,10:09:57
M,23.0,21693,12,15/06/2025,10:42:22,13,15/06/2025,10:48:47
M,57.0,23083,12,15/06/2025,10:48:40,24,15/06/2025,11:12:27
M,41.0,82665,13,15/06/2025,10:26:36,12,15/06/2025,10:44:52
M,33.0,34258,16,15/06/2025,10:50:43,11,15/06/2025,10:53:43
M,34.0,54748,17,15/06/2025,10:54:54,19,15/06/2025,10:58:13
F,49.0,6046,18,15/06/2025,10:07:29,17,15/06/2025,10:15:21
F,41.0,60287,18,15/06/2025,10:57:14,20,15/06/2025,11:08:08
F,23.0,63058,21,15/06/2025,10:51:37,20,15/06/2025,11:02:34
M,35.0,30195,2,15/06/2025,11:10:13,8,15/06/2025,11:36:02
F,27.0,43643,3,15/06/2025,11:46:30,4,15/06/2025,11:53:54
M,50.0,10771,3,15/06/2025,11:35:36,23,15/06/2025,11:46:08
F,31.0,52471,3,15/06/2025,11:54:15,2,15/06/2025,12:20:04
F,27.0,40873,4,15/06/2025,11:04:43,10,15/06/2025,11:17:15
F,32.0,3229,4,15/06/2025,11:30:01,9,15/06/2025,11:45:26
M,29.0,74228,4,15/06/2025,11:45:57,3,15/06/2025,12:08:50
F,36.0,19792,5,15/06/2025,11:01:55,23,15/06/2025,11:16:34
M,26.0,38457,9,15/06/2025,11:49:42,13,15/06/2025,12:01:03
M,29.0,17443,9,15/06/2025,11:05:30,7,15/06/2025,11:21:49
M,25.0,76485,10,15/06/2025,11:57:45,5,15/06/2025,12:01:18
F,32.0,24537,11,15/06/2025,11:41:05,18,15/06/2025,12:03:02
M,44.0,13765,11,15/06/2025,11:04:24,22,15/06/2025,11:09:55
M,20.0,62100,16,15/06/2025,11:59:54,6,15/06/2025,12:24:07
M,37.0,7034,16,15/06/2025,11:57:47,17,15/06/2025,12:06:24
M,54.0,76044,17,15/06/2025,11:07:47,12,15/06/2025,11:19:59
F,39.0,2845,18,15/06/2025,11:53:34,6,15/06/2025,12:07:34
F,36.0,45539,18,15/06/2025,11:30:14,14,15/06/2025,11:34:41
M,47.0,89689,18,15/06/2025,11:22:10,23,15/06/2025,11:32:10
M,44.0,38962,19,15/06/2025,11:16:15,10,15/06/2025,11:20:06
M,41.0,59052,19,15/06/2025,11:37:18,11,15/06/2025,11:53:55
F,40.0,96001,20,15/06/2025,11:17:52,14,15/06/2025,11:38:59
F,22.0,79893,23,15/06/2025,11:37:47,8,15/06/2025,11:48:04
M,46.0,74836,23,15/06/2025,11:01:56,14,15/06/2025,11:19:56
M,53.0,63062,1,15/06/2025,12:32:59,20,15/06/2025,12:48:45
F,32.0,41182,1,15/06/2025,12:41:11,2,15/06/2025,12:53:30
M,35.0,80469,1,15/06/2025,12:44:44,16,15/06/2025,12:59:10
M,40.0,59796,2,15/06/2025,12:41:09,11,15/06/2025,12:58:43
F,38.0,64735,2,15/06/2025,12:05:37,11,15/06/2025,12:19:14
F,32.0,47900,3,15/06/2025,12:03:58,8,15/06/2025,12:22:21
F,32.0,14000,3,15/06/2025,12:08:59,12,15/06/2025,12:23:14
F,40.0,46946,3,15/06/2025,12:24:57,5,15/06/2025,12:30:23
F,26.0,22220,4,15/06/2025,12:29:36,5,15/06/2025,12:46:33
M,26.0,28204,4,15/06/2025,12:51:04,21,15/06/2025,13:12:01
F,23.0,12176,7,15/06/2025,12:54:41,5,15/06/2025,12:58:46
M,16.0,81150,7,15/06/2025,12:54:36,8,15/06/2025,13:06:54
M,17.0,79742,8,15/06/2025,12:06:13,3,15/06/2025,12:09:49
M,29.0,37744,11,15/06/2025,12:27:01,18,15/06/2025,12:46:02
F,31.0,7783,11,15/06/2025,12:33:38,5,15/06/2025,12:55:06
M,42.0,34020,16,15/06/2025,12:56:23,21,15/06/2025,13:18:47
M,31.0,57002,16,15/06/2025,12:21:33,18,15/06/2025,12:46:14
M,31.0,93154,16,15/06/2025,12:34:03,12,15/06/2025,12:53:00
M,38.0,19980,18,15/06/2025,12:02:17,13,15/06/2025,12:18:04
F,18.0,69103,18,15/06/2025,12:14:22,12,15/06/2025,12:20:38
F,40.0,35898,18,15/06/2025,12:20:03,23,15/06/2025,12:31:08
M,32.0,42906,19,15/06/2025,12:58:45,23,15/06/2025,13:10:43
M,26.0,85604,19,15/06/2025,12:25:08,24,15/06/2025,12:35:16
F,32.0,51468,19,15/06/2025,12:46:24,20,15/06/2025,12:52:41
M,32.0,56776,21,15/06/2025,12:07:06,2,15/06/2025,12:21:40
F,24.0,78208,24,15/06/2025,12:50:11,15,15/06/2025,13:12:10
M,38.0,83854,24,15/06/2025,12:59:09,10,15/06/2025,13:08:11
M,26.0,96644,2,15/06/2025,13:08:12,1,15/06/2025,13:19:02
M,31.0,97628,4,15/06/2025,13:38:25,19,15/06/2025,13:53:15
F,28.0,85486,6,15/06/2025,13:53:27,11,15/06/2025,14:01:04
M,24.0,52052,7,15/06/2025,13:09:44,15,15/06/2025,13:32:39
M,37.0,81778,7,15/06/2025,13:31:51,2,15/06/2025,13:46:54
M,46.0,4343,10,15/06/2025,13:42:10,3,15/06/2025,13:45:10
M,36.0,2244,10,15/06/2025,13:31:31,3,15/06/2025,13:49:27
F,19.0,26013,11,15/06/2025,13:46:18,13,15/06/2025,13:52:19
M,27.0,96022,12,15/06/2025,13:29:08,7,15/06/2025,13:32:08
M,36.0,68317,13,15/06/2025,13:27:11,20,15/06/2025,13:46:43
M,43.0,66258,13,15/06/2025,13:29:10,23,15/06/2025,13:46:56
F,33.0,40521,13,15/06/2025,13:05:16,17,15/06/2025,13:16:19
M,25.0,5662,13,15/06/2025,13:33:50,11,15/06/2025,14:04:22
F,42.0,73989,14,15/06/2025,13:36:00,23,15/06/2025,13:47:22
F,39.0,21057,14,15/06/2025,13:42:44,8,15/06/2025,13:58:51
M,33.0,98612,15,15/06/2025,13:37:35,14,15/06/2025,13:56:44
M,16.0,15822,17,15/06/2025,13:37:31,16,15/06/2025,13:49:58
M,28.0,45933,17,15/06/2025,13:02:13,8,15/06/2025,13:09:06
M,30.0,56808,17,15/06/2025,13:06:13,13,15/06/2025,13:23:16
M,16.0,7159,17,15/06/2025,13:24:19,18,15/06/2025,13:40:57
M,33.0,99074,17,15/06/2025,13:55:35,12,15/06/2025,14:00:57
M,26.0,25279,18,15/06/2025,13:34:53,12,15/06/2025,13:57:58
M,35.0,37280,18,15/06/2025,13:15:51,2,15/06/2025,13:22:34
F,40.0,94740,18,15/06/2025,13:06:22,5,15/06/2025,13:09:58
M,27.0,8846,19,15/06/2025,13:39:33,18,15/06/2025,14:00:50
F,20.0,17812,19,15/06/2025,13:55:25,5,15/06/2025,14:16:50
F,52.0,88620,23,15/06/2025,13:37:07,19,15/06/2025,13:54:59
M,38.0,62519,23,15/06/2025,13:59:11,12,15/06/2025,14:07:41
F,37.0,36664,23,15/06/2025,13:52:27,24,15/06/2025,14:16:40
F,31.0,96928,24,15/06/2025,13:49:45,15,15/06/2025,14:01:02
M,42.0,1892,1,15/06/2025,14:19:24,2,15/06/2025,14:30:52
M,22.0,72791,2,15/06/2025,14:47:44,4,15/06/2025,14:51:15
F,38.0,11970,3,15/06/2025,14:47:29,13,15/06/2025,14:56:59
F,30.0,79936,3,15/06/2025,14:25:25,6,15/06/2025,14:41:13
F,20.0,4052,4,15/06/2025,14:01:22,24,15/06/2025,14:20:19
M,29.0,64069,4,15/06/2025,14:30:52,8,15/06/2025,14:41:34
M,44.0,84008,6,15/06/2025,14:59:12,16,15/06/2025,15:17:34
M,31.0,53490,8,15/06/2025,14:37:58,9,15/06/2025,14:46:04
M,38.0,79552,8,15/06/2025,14:44:31,18,15/06/2025,15:09:31
M,34.0,92110,10,15/06/2025,14:33:44,12,15/06/2025,14:39:49
F,38.0,35921,11,15/06/2025,14:23:51,10,15/06/2025,14:44:23
M,48.0,33412,11,15/06/2025,14:23:18,21,15/06/2025,14:34:43
F,53.0,34446,11,15/06/2025,14:30:55,17,15/06/2025,14:46:40
M,26.0,4672,11,15/06/2025,14:33:06,21,15/06/2025,14:45:58
M,41.0,88211,16,15/06/2025,14:33:53,22,15/06/2025,14:36:53
M,40.0,82008,17,15/06/2025,14:20:27,12,15/06/2025,14:34:31
M,29.0,7500,18,15/06/2025,14:09:24,19,15/06/2025,14:12:54
F,44.0,49659,18,15/06/2025,14:01:38,21,15/06/2025,14:18:03
F,27.0,57442,19,15/06/2025,14:57:54,18,15/06/2025,15:03:56
M,27.0,58283,19,15/06/2025,14:05:24,20,15/06/2025,14:20:22
F,39.0,30605,21,15/06/2025,14:43:30,18,15/06/2025,14:57:44
M,44.0,43273,22,15/06/2025,14:29:49,3,15/06/2025,14:49:08
F,19.0,28385,22,15/06/2025,14:57:36,21,15/06/2025,15:05:35
M,56.0,74064,22,15/06/2025,14:51:39,17,15/06/2025,15:05:15
M,30.0,67353,24,15/06/2025,14:37:20,3,15/06/2025,14:40:20
F,26.0,20271,24,15/06/2025,14:20:38,6,15/06/2025,14:43:01
F,29.0,14316,24,15/06/2025,14:23:10,9,15/06/2025,14:46:53
M,33.0,56401,1,15/06/2025,15:48:35,7,15/06/2025,15:51:35
F,42.0,75013,1,15/06/2025,15:36:51,11,15/06/2025,15:49:40
M,51.0,51246,1,15/06/2025,15:55:12,6,15/06/2025,16:13:19
F,39.0,40745,2,15/06/2025,15:17:39,4,15/06/2025,15:35:25
F,16.0,61127,2,15/06/2025,15:08:28,1,15/06/2025,15:14:48
M,36.0,38972,3,15/06/2025,15:19:14,17,15/06/2025,15:22:21
M,39.0,40086,3,15/06/2025,15:10:13,8,15/06/2025,15:30:24
M,19.0,54896,3,15/06/2025,15:32:59,4,15/06/2025,15:35:59
M,31.0,29425,4,15/06/2025,15:19:23,9,15/06/2025,15:36:05
M,25.0,59156,6,15/06/2025,15:30:17,1,15/06/2025,15:33:17
M,27.0,67768,7,15/06/2025,15:34:33,20,15/06/2025,15:38:53
F,54.0,26995,9,15/06/2025,15:37:14,10,15/06/2025,15:47:04
M,45.0,53429,10,15/06/2025,15:13:10,5,15/06/2025,15:17:43
M,27.0,31984,10,15/06/2025,15:20:47,14,15/06/2025,15:34:01
M,42.0,66955,11,15/06/2025,15:01:42,17,15/06/2025,15:12:44
F,35.0,31995,12,15/06/2025,15:38:57,16,15/06/2025,15:56:43
M,44.0,73974,13,15/06/2025,15:34:12,21,15/06/2025,15:45:27
M,42.0,10063,13,15/06/2025,15:08:31,24,15/06/2025,15:36:19
M,35.0,56719,13,15/06/2025,15:48:13,11,15/06/2025,15:57:23
M,22.0,69643,13,15/06/2025,15:41:29,22,15/06/2025,15:51:42
M,49.0,75908,14,15/06/2025,15:51:02,17,15/06/2025,16:18:51
F,26.0,5779,15,15/06/2025,15:30:07,1,15/06/2025,15:42:37
F,35.0,10876,15,15/06/2025,15:59:34,18,15/06/2025,16:05:08
M,28.0,21055,16,15/06/2025,15:40:45,19,15/06/2025,15:53:18
M,16.0,33541,17,15/06/2025,15:50:10,9,15/06/2025,16:02:02
F,34.0,15984,18,15/06/2025,15:04:30,19,15/06/2025,15:25:14
F,36.0,34601,18,15/06/2025,15:32:29,2,15/06/2025,15:36:31
F,39.0,41540,19,15/06/2025,15:42:09,10,15/06/2025,15:56:43
M,39.0,69890,19,15/06/2025,15:27:33,10,15/06/2025,15:51:46
F,18.0,33310,20,15/06/2025,15:38:46,19,15/06/2025,15:45:58
M,32.0,52600,20,15/06/2025,15:50:38,22,15/06/2025,16:07:59
M,20.0,67866,21,15/06/2025,15:37:03,15,15/06/2025,15:49:38
M,27.0,6321,21,15/06/2025,15:11:58,4,15/06/2025,15:23:56
M,21.0,49902,1,15/06/2025,16:20:19,11,15/06/2025,16:35:31
M,33.0,27158,1,15/06/2025,16:20:00,5,15/06/2025,16:47:12
F,32.0,82038,3,15/06/2025,16:30:21,9,15/06/2025,16:52:09
F,22.0,51618,3,15/06/2025,16:26:53,15,15/06/2025,16:38:38
F,19.0,78536,6,15/06/2025,16:43:36,11,15/06/2025,16:51:33
M,23.0,65285,7,15/06/2025,16:40:53,10,15/06/2025,16:49:54
M,35.0,45454,8,15/06/2025,16:02:30,9,15/06/2025,16:22:45
M,19.0,35686,10,15/06/2025,16:13:16,3,15/06/2025,16:22:37
M,20.0,22542,12,15/06/2025,16:30:02,17,15/06/2025,16:52:02
F,28.0,80266,12,15/06/2025,16:38:14,5,15/06/2025,16:44:56
F,30.0,35411,14,15/06/2025,16:08:24,15,15/06/2025,16:15:39
F,28.0,71895,15,15/06/2025,16:52:29,2,15/06/2025,17:07:38
M,42.0,18731,18,15/06/2025,16:33:45,23,15/06/2025,16:51:25
M,40.0,24228,18,15/06/2025,16:30:06,22,15/06/2025,16:47:19
M,34.0,64105,18,15/06/2025,16:59:16,8,15/06/2025,17:21:44
F,25.0,98316,19,15/06/2025,16:15:14,13,15/06/2025,16:18:46
M,25.0,98532,19,15/06/2025,16:22:31,18,15/06/2025,16:32:14
F,39.0,37057,22,15/06/2025,16:12:09,15,15/06/2025,16:27:49
M,40.0,59631,23,15/06/2025,16:14:23,21,15/06/2025,16:33:06
F,41.0,74536,24,15/06/2025,16:56:30,2,15/06/2025,17:17:25
F,41.0,77553,1,15/06/2025,17:37:15,2,15/06/2025,17:48:02
F,31.0,81082,2,15/06/2025,17:18:34,9,15/06/2025,17:37:48
M,21.0,48814,3,15/06/2025,17:48:04,7,15/06/2025,17:51:04
M,31.0,34318,3,15/06/2025,17:11:15,7,15/06/2025,17:31:42
F,27.0,58481,3,15/06/2025,17:15:31,12,15/06/2025,17:29:23
M,37.0,46850,4,15/06/2025,17:32:28,3,15/06/2025,17:41:26
M,45.0,97658,5,15/06/2025,17:20:27,22,15/06/2025,17:30:07
M,33.0,70640,5,15/06/2025,17:10:05,3,15/06/2025,17:19:20
F,32.0,46849,7,15/06/2025,17:13:59,4,15/06/2025,17:34:03
F,37.0,38097,7,15/06/2025,17:35:49,5,15/06/2025,17:57:12
F,27.0,49615,8,15/06/2025,17:06:20,24,15/06/2025,17:13:28
M,38.0,95361,9,15/06/2025,17:46:03,4,15/06/2025,17:49:03
M,39.0,15709,12,15/06/2025,17:46:48,10,15/06/2025,17:52:16
F,40.0,9208,17,15/06/2025,17:32:46,19,15/06/2025,17:43:52
M,22.0,85389,19,15/06/2025,17:13:20,6,15/06/2025,17:34:23
M,22.0,15775,19,15/06/2025,17:59:38,13,15/06/2025,18:08:15
F,22.0,80841,21,15/06/2025,17:46:56,16,15/06/2025,18:03:40
F,33.0,83200,21,15/06/2025,17:14:50,16,15/06/2025,17:36:17
M,32.0,8991,22,15/06/2025,17:38:53,18,15/06/2025,17:45:09
M,23.0,3121,24,15/06/2025,17:55:11,3,15/06/2025,18:01:21
F,31.0,8127,3,15/06/2025,18:52:47,9,15/06/2025,19:18:59
M,26.0,18376,5,15/06/2025,18:07:52,9,15/06/2025,18:19:13
M,35.0,45703,10,15/06/2025,18:45:36,4,15/06/2025,19:01:38
F,27.0,67871,11,15/06/2025,18:59:49,3,15/06/2025,19:09:48
M,44.0,78751,13,15/06/2025,18:54:47,2,15/06/2025,19:12:41
M,29.0,32156,14,15/06/2025,18:22:37,15,15/06/2025,18:43:20
F,45.0,17719,15,15/06/2025,18:01:44,10,15/06/2025,18:17:03
M,40.0,38109,18,15/06/2025,18:47:12,24,15/06/2025,18:50:12
M,29.0,88144,18,15/06/2025,18:06:22,24,15/06/2025,18:22:30
M,47.0,70852,19,15/06/2025,18:26:41,24,15/06/2025,18:46:46
M,34.0,96213,21,15/06/2025,18:13:31,10,15/06/2025,18:29:23
M,34.0,95779,3,15/06/2025,19:15:19,1,15/06/2025,19:28:15
F,52.0,42461,4,15/06/2025,19:42:58,11,15/06/2025,19:49:43
F,47.0,1987,4,15/06/2025,19:42:58,24,15/06/2025,19:56:30
M,36.0,52556,5,15/06/2025,19:52:38,14,15/06/2025,20:08:36
M,28.0,46726,5,15/06/2025,19:39:21,13,15/06/2025,19:56:55
F,26.0,27083,6,15/06/2025,19:16:24,18,15/06/2025,19:28:04
F,28.0,58144,7,15/06/2025,19:32:54,15,15/06/2025,19:43:58
M,22.0,5433,10,15/06/2025,19:13:13,15,15/06/2025,19:31:19
M,43.0,10528,18,15/06/2025,19:23:13,21,15/06/2025,19:41:03
F,47.0,63404,18,15/06/2025,19:24:42,23,15/06/2025,19:40:21
M,35.0,68347,18,15/06/2025,19:01:43,7,15/06/2025,19:17:24
F,31.0,43640,19,15/06/2025,19:32:51,24,15/06/2025,19:51:05
M,21.0,57361,4,15/06/2025,20:43:20,12,15/06/2025,21:14:57
M,41.0,7439,5,15/06/2025,20:48:10,18,15/06/2025,21:06:10
M,21.0,49649,11,15/06/2025,20:19:12,12,15/06/2025,20:29:19
F,31.0,96730,13,15/06/2025,20:38:34,18,15/06/2025,20:51:42
F,33.0,9722,19,15/06/2025,20:00:16,12,15/06/2025,20:14:07
F,33.0,49694,20,15/06/2025,20:07:18,9,15/06/2025,20:14:43
M,46.0,99360,24,15/06/2025,20:29:31,14,15/06/2025,20:37:08
M,37.0,50774,1,15/06/2025,21:56:20,2,15/06/2025,22:04:13
F,38.0,26625,2,15/06/2025,21:51:59,3,15/06/2025,22:04:26
M,39.0,45831,7,15/06/2025,21:35:31,1,15/06/2025,21:46:13
M,38.0,76931,10,15/06/2025,21:25:01,9,15/06/2025,21:43:38
F,27.0,5028,11,15/06/2025,21:37:27,13,15/06/2025,21:47:02
F,32.0,78561,12,15/06/2025,21:07:03,13,15/06/2025,21:19:30
M,27.0,6576,12,15/06/2025,21:39:02,2,15/06/2025,21:44:03
F,52.0,68925,16,15/06/2025,21:30:11,11,15/06/2025,21:43:05
M,23.0,99917,20,15/06/2025,21:23:21,23,15/06/2025,21:43:34
M,23.0,78371,20,15/06/2025,21:59:49,19,15/06/2025,22:14:22
M,47.0,95926,20,15/06/2025,21:38:36,19,15/06/2025,21:48:53
M,31.0,12055,21,15/06/2025,21:55:42,4,15/06/2025,22:13:31
F,39.0,65475,1,15/06/2025,22:52:59,9,15/06/2025,23:03:56
M,45.0,24086,3,15/06/2025,22:15:22,18,15/06/2025,22:35:05
M,29.0,71941,3,15/06/2025,22:37:35,4,15/06/2025,22:56:27
M,26.0,79894,15,15/06/2025,22:30:42,4,15/06/2025,22:45:46
M,32.0,32026,21,15/06/2025,22:44:53,18,15/06/2025,22:53:21
F,27.0,48896,4,15/06/2025,23:42:57,6,16/06/2025,00:04:17
F,32.0,83270,4,15/06/2025,23:20:45,6,15/06/2025,23:49:23
M,27.0,32700,4,15/06/2025,23:51:58,24,16/06/2025,00:08:29
M,29.0,77563,6,15/06/2025,23:00:37,2,15/06/2025,23:25:08
M,27.0,30129,6,15/06/2025,23:32:41,11,15/06/2025,23:51:19
M,35.0,30138,9,15/06/2025,23:38:14,18,16/06/2025,00:10:19
M,23.0,35614,9,15/06/2025,23:56:27,13,16/06/2025,00:12:23
M,25.0,81967,11,15/06/2025,23:24:30,12,15/06/2025,23:36:38
M,46.0,61160,13,15/06/2025,23:09:50,9,15/06/2025,23:21:09
F,31.0,58163,16,15/06/2025,23:28:23,5,15/06/2025,23:39:08
M,20.0,96102,23,15/06/2025,23:32:24,19,15/06/2025,23:47:42
M,40.0,43379,1,16/06/2025,00:34:08,21,16/06/2025,00:39:46
F,41.0,20230,18,16/06/2025,00:06:27,14,16/06/2025,00:23:17
F,51.0,78609,19,16/06/2025,00:31:53,18,16/06/2025,00:42:53
F,43.0,46945,21,16/06/2025,00:08:45,22,16/06/2025,00:17:57
M,34.0,26515,24,16/06/2025,00:35:52,9,16/06/2025,00:54:19
F,39.0,46591,2,16/06/2025,01:46:57,3,16/06/2025,01:49:57
F,39.0,18597,11,16/06/2025,01:36:31,9,16/06/2025,01:56:01
M,16.0,2994,16,16/06/2025,01:11:25,12,16/06/2025,01:20:44
M,47.0,48198,21,16/06/2025,01:38:34,23,16/06/2025,02:00:17
M,32.0,54517,3,16/06/2025,02:50:50,16,16/06/2025,03:07:42
M,17.0,83401,10,16/06/2025,02:55:52,19,16/06/2025,03:13:47
M,25.0,38376,11,16/06/2025,02:01:59,12,16/06/2025,02:19:48
M,45.0,23035,12,16/06/2025,02:30:31,23,16/06/2025,02:47:42
M,46.0,51749,21,16/06/2025,02:32:03,22,16/06/2025,02:42:15
F,44.0,74468,18,16/06/2025,03:07:48,22,16/06/2025,03:21:33
M,42.0,31155,19,16/06/2025,03:46:01,17,16/06/2025,03:58:35
M,34.0,33561,20,16/06/2025,03:36:34,15,16/06/2025,03:44:13
M,43.0,21801,22,16/06/2025,03:24:43,17,16/06/2025,03:36:51
M,43.0,40017,23,16/06/2025,03:11:37,7,16/06/2025,03:22:00
M,26.0,34176,23,16/06/2025,03:41:29,13,16/06/2025,03:44:29
F,37.0,71545,1,16/06/2025,04:42:52,9,16/06/2025,04:45:52
M,24.0,32529,12,16/06/2025,04:42:16,3,16/06/2025,04:57:48
M,28.0,44536,15,16/06/2025,04:18:41,9,16/06/2025,04:45:44
M,44.0,71703,18,16/06/2025,04:14:46,14,16/06/2025,04:30:58
M,23.0,60942,20,16/06/2025,04:48:34,19,16/06/2025,04:55:17
F,30.0,93612,2,16/06/2025,05:15:33,8,16/06/2025,05:18:33
M,31.0,43204,5,16/06/2025,05:20:52,15,16/06/2025,05:37:40
M,24.0,18188,15,16/06/2025,05:40:17,14,16/06/2025,05:49:55
M,42.0,86182,17,16/06/2025,05:02:37,18,16/06/2025,05:18:27
M,34.0,48649,17,16/06/2025,05:27:33,21,16/06/2025,05:37:11
F,16.0,4565,21,16/06/2025,05:27:22,22,16/06/2025,05:34:36
M,44.0,17944,1,16/06/2025,06:03:57,14,16/06/2025,06:15:37
M,36.0,7709,5,16/06/2025,06:15:34,23,16/06/2025,06:18:34
F,16.0,53556,5,16/06/2025,06:39:48,23,16/06/2025,06:55:51
M,24.0,77330,6,16/06/2025,06:42:15,13,16/06/2025,07:08:02
M,35.0,93191,10,16/06/2025,06:25:08,9,16/06/2025,06:43:31
F,30.0,17990,10,16/06/2025,06:36:15,5,16/06/2025,06:58:35
M,28.0,35144,10,16/06/2025,06:00:41,5,16/06/2025,06:15:44
M,35.0,1061,11,16/06/2025,06:29:54,12,16/06/2025,06:52:01
F,38.0,48775,11,16/06/2025,06:36:03,23,16/06/2025,06:40:37
F,32.0,84824,11,16/06/2025,06:04:37,7,16/06/2025,06:23:43
M,49.0,19328,12,16/06/2025,06:06:14,3,16/06/2025,06:18:08
M,42.0,76802,12,16/06/2025,06:23:14,18,16/06/2025,06:44:50
M,45.0,99322,16,16/06/2025,06:56:36,23,16/06/2025,07:08:59
M,35.0,40692,17,16/06/2025,06:17:13,12,16/06/2025,06:40:08
M,51.0,8945,18,16/06/2025,06:01:39,16,16/06/2025,06:05:21
F,31.0,50975,19,16/06/2025,06:21:26,12,16/06/2025,06:24:26
M,39.0,45042,20,16/06/2025,06:54:01,6,16/06/2025,07:03:05
M,29.0,4898,22,16/06/2025,06:38:05,2,16/06/2025,06:45:24
M,28.0,84326,1,16/06/2025,07:37:16,6,16/06/2025,07:55:55
M,55.0,83654,2,16/06/2025,07:51:35,19,16/06/2025,08:05:42
M,38.0,34037,2,16/06/2025,07:54:09,3,16/06/2025,08:06:07
F,19.0,37560,3,16/06/2025,07:58:33,8,16/06/2025,08:14:35
M,40.0,44953,3,16/06/2025,07:48:57,6,16/06/2025,07:59:24
M,35.0,47620,5,16/06/2025,07:33:05,20,16/06/2025,07:53:19
M,45.0,3449,5,16/06/2025,07:55:12,10,16/06/2025,08:10:44
M,43.0,54978,5,16/06/2025,07:34:04,9,16/06/2025,08:01:19
M,24.0,99427,7,16/06/2025,07:50:51,9,16/06/2025,08:06:59
F,39.0,97513,7,16/06/2025,07:18:45,1,16/06/2025,07:24:20
M,30.0,25645,9,16/06/2025,07:08:21,6,16/06/2025,07:25:33
F,30.0,3627,12,16/06/2025,07:30:54,18,16/06/2025,07:47:30
F,44.0,78190,14,16/06/2025,07:09:56,4,16/06/2025,07:29:34
M,33.0,22878,14,16/06/2025,07:54:36,4,16/06/2025,08:05:14
M,26.0,3208,14,16/06/2025,07:53:01,19,16/06/2025,08:05:19
M,28.0,79180,15,16/06/2025,07:37:47,12,16/06/2025,08:03:30
F,31.0,92358,17,16/06/2025,07:16:42,14,16/06/2025,07:38:12
F,56.0,88074,18,16/06/2025,07:26:59,19,16/06/2025,07:48:28
M,43.0,64364,19,16/06/2025,07:57:50,7,16/06/2025,08:11:44
M,52.0,67895,19,16/06/2025,07:47:56,18,16/06/2025,08:09:11
M,36.0,92086,19,16/06/2025,07:58:56,14,16/06/2025,08:20:12
M,24.0,6272,19,16/06/2025,07:34:31,17,16/06/2025,07:41:44
F,40.0,1588,19,16/06/2025,07:09:04,3,16/06/2025,07:12:04
M,44.0,44502,20,16/06/2025,07:13:00,23,16/06/2025,07:43:31
M,25.0,63535,20,16/06/2025,07:11:01,2,16/06/2025,07:25:01
M,35.0,34780,20,16/06/2025,07:19:21,16,16/06/2025,07:29:50
F,32.0,42315,21,16/06/2025,07:23:12,18,16/06/2025,07:30:19
M,33.0,44598,21,16/06/2025,07:17:34,19,16/06/2025,07:31:32
M,26.0,39451,22,16/06/2025,07:35:50,23,16/06/2025,07:49:52
F,41.0,92123,1,16/06/2025,08:36:54,13,16/06/2025,08:50:36
F,31.0,99285,1,16/06/2025,08:28:21,6,16/06/2025,08:56:33
F,16.0,45726,2,16/06/2025,08:29:22,5,16/06/2025,08:54:18
M,26.0,20298,2,16/06/2025,08:05:01,15,16/06/2025,08:19:39
M,21.0,75711,3,16/06/2025,08:11:06,8,16/06/2025,08:21:58
M,20.0,47837,3,16/06/2025,08:06:26,6,16/06/2025,08:11:32
M,16.0,39424,4,16/06/2025,08:50:26,6,16/06/2025,09:04:55
M,25.0,50292,4,16/06/2025,08:41:53,11,16/06/2025,09:01:36
F,37.0,93299,5,16/06/2025,08:39:58,21,16/06/2025,08:51:04
M,34.0,14299,5,16/06/2025,08:36:29,10,16/06/2025,08:39:29
M,29.0,65802,5,16/06/2025,08:24:23,9,16/06/2025,08:38:56
M,34.0,87917,5,16/06/2025,08:30:02,23,16/06/2025,08:33:02
F,48.0,38295,5,16/06/2025,08:48:36,24,16/06/2025,08:55:45
M,32.0,46009,5,16/06/2025,08:55:30,17,16/06/2025,09:04:17
M,31.0,33049,7,16/06/2025,08:33:03,8,16/06/2025,08:50:09
M,58.0,4125,7,16/06/2025,08:01:49,2,16/06/2025,08:11:26
M,30.0,80156,10,16/06/2025,08:28:37,9,16/06/2025,08:37:06
M,24.0,45022,10,16/06/2025,08:42:49,14,16/06/2025,09:05:41
M,49.0,33897,10,16/06/2025,08:53:10,17,16/06/2025,09:07:40
M,17.0,93841,11,16/06/2025,08:31:40,22,16/06/2025,08:38:52
F,48.0,84530,11,16/06/2025,08:27:04,12,16/06/2025,08:51:41
M,21.0,18321,13,16/06/2025,08:16:07,19,16/06/2025,08:46:37
F,46.0,85995,13,16/06/2025,08:47:44,24,16/06/2025,08:55:16
F,31.0,86695,14,16/06/2025,08:27:12,5,16/06/2025,08:35:38
M,44.0,96212,14,16/06/2025,08:48:22,22,16/06/2025,08:51:22
M,19.0,12331,14,16/06/2025,08:28:08,13,16/06/2025,08:46:36
M,35.0,49745,15,16/06/2025,08:04:30,18,16/06/2025,08:22:27
M,31.0,84844,16,16/06/2025,08:46:48,10,16/06/2025,08:54:59
F,24.0,36688,17,16/06/2025,08:28:05,21,16/06/2025,08:46:41
M,21.0,65194,17,16/06/2025,08:30:51,16,16/06/2025,08:40:20
F,31.0,34035,18,16/06/2025,08:50:35,17,16/06/2025,09:07:06
F,23.0,96961,18,16/06/2025,08:04:37,12,16/06/2025,08:14:47
M,37.0,17174,18,16/06/2025,08:20:25,17,16/06/2025,08:36:20
M,35.0,19575,19,16/06/2025,08:58:56,6,16/06/2025,09:06:20
M,25.0,89029,19,16/06/2025,08:16:50,22,16/06/2025,08:33:14
M,38.0,89520,19,16/06/2025,08:54:04,11,16/06/2025,09:08:34
F,16.0,7641,19,16/06/2025,08:32:44,24,16/06/2025,08:54:36
M,56.0,89674,19,16/06/2025,08:04:19,15,16/06/2025,08:10:38
M,41.0,20884,20,16/06/2025,08:14:49,7,16/06/2025,08:36:20
F,31.0,98692,21,16/06/2025,08:48:44,10,16/06/2025,09:05:06
F,53.0,42174,21,16/06/2025,08:12:17,16,16/06/2025,08:30:57
M,60.0,88284,23,16/06/2025,08:48:45,18,16/06/2025,09:04:56
M,37.0,79301,2,16/06/2025,09:01:23,9,16/06/2025,09:15:00
M,31.0,39434,3,16/06/2025,09:16:28,4,16/06/2025,09:29:11
M,18.0,21556,5,16/06/2025,09:33:09,23,16/06/2025,09:40:08
F,23.0,10486,8,16/06/2025,09:01:01,13,16/06/2025,09:10:31
M,57.0,33680,9,16/06/2025,09:52:48,10,16/06/2025,10:02:07
M,19.0,59142,10,16/06/2025,09:33:10,9,16/06/2025,09:51:57
F,33.0,3635,10,16/06/2025,09:15:04,14,16/06/2025,09:23:02
F,30.0,22763,10,16/06/2025,09:18:31,4,16/06/2025,09:34:33
F,32.0,20083,11,16/06/2025,09:13:09,22,16/06/2025,09:29:37
F,26.0,48200,11,16/06/2025,09:20:49,21,16/06/2025,09:42:07
M,54.0,60745,13,16/06/2025,09:15:29,14,16/06/2025,09:34:33
F,23.0,76613,14,16/06/2025,09:42:50,4,16/06/2025,09:57:08
F,39.0,52370,15,16/06/2025,09:53:04,20,16/06/2025,09:57:48
M,27.0,58858,16,16/06/2025,09:26:36,21,16/06/2025,09:42:13
M,25.0,98983,17,16/06/2025,09:17:31,19,16/06/2025,09:20:31
F,39.0,21555,17,16/06/2025,09:20:20,16,16/06/2025,09:31:51
M,18.0,28764,18,16/06/2025,09:15:14,16,16/06/2025,09:31:09
M,23.0,88529,19,16/06/2025,09:00:28,8,16/06/2025,09:21:12
F,36.0,22676,20,16/06/2025,09:52:38,24,16/06/2025,10:07:45
M,45.0,16554,22,16/06/2025,09:35:29,11,16/06/2025,09:48:03
M,36.0,76175,22,16/06/2025,09:02:20,17,16/06/2025,09:25:44
F,28.0,41095,22,16/06/2025,09:27:03,9,16/06/2025,09:40:38
M,32.0,70125,22,16/06/2025,09:07:47,11,16/06/2025,09:25:04
M,41.0,92158,23,16/06/2025,09:00:33,20,16/06/2025,09:14:44
M,46.0,76776,1,16/06/2025,10:24:28,7,16/06/2025,10:35:31
M,24.0,20207,2,16/06/2025,10:08:14,16,16/06/2025,10:19:34
F,35.0,89801,3,16/06/2025,10:25:24,13,16/06/2025,10:43:35
F,38.0,55394,3,16/06/2025,10:09:14,8,16/06/2025,10:23:20
M,23.0,27214,4,16/06/2025,10:49:21,14,16/06/2025,10:55:09
M,46.0,27434,5,16/06/2025,10:27:51,9,16/06/2025,10:40:24
F,40.0,80300,11,16/06/2025,10:16:26,6,16/06/2025,10:31:51
M,52.0,15426,11,16/06/2025,10:07:45,22,16/06/2025,10:10:45
F,49.0,88408,13,16/06/2025,10:40:02,11,16/06/2025,10:52:55
M,49.0,24873,14,16/06/2025,10:36:16,16,16/06/2025,10:58:04
F,27.0,82761,15,16/06/2025,10:44:51,10,16/06/2025,11:18:20
M,19.0,11547,15,16/06/2025,10:24:34,24,16/06/2025,10:35:43
M,39.0,91887,19,16/06/2025,10:52:20,24,16/06/2025,11:12:16
F,32.0,70636,19,16/06/2025,10:28:24,24,16/06/2025,10:34:56
M,21.0,12666,20,16/06/2025,10:19:06,13,16/06/2025,10:22:31
M,29.0,6937,21,16/06/2025,10:32:23,14,16/06/2025,10:42:32
M,31.0,22711,21,16/06/2025,10:44:24,14,16/06/2025,11:03:35
F,50.0,11255,24,16/06/2025,10:45:32,11,16/06/2025,10:48:32
M,38.0,44705,3,16/06/2025,11:10:57,23,16/06/2025,11:26:06
M,32.0,31774,11,16/06/2025,11:27:15,18,16/06/2025,11:33:07
F,47.0,88034,1,16/06/2025,12:55:36,17,16/06/2025,13:24:36
M,41.0,45925,4,16/06/2025,12:48:42,18,16/06/2025,13:01:44
F,49.0,21320,4,16/06/2025,12:51:07,9,16/06/2025,13:03:32
F,45.0,28332,6,16/06/2025,12:39:10,13,16/06/2025,13:00:48
M,38.0,32060,11,16/06/2025,12:45:44,13,16/06/2025,12:56:38
M,47.0,27719,18,16/06/2025,12:38:06,21,16/06/2025,12:41:06
M,28.0,54039,21,16/06/2025,12:55:36,9,16/06/2025,13:09:24
M,51.0,19712,21,16/06/2025,12:31:43,17,16/06/2025,12:43:24
M,23.0,50849,24,16/06/2025,12:02:07,19,16/06/2025,12:05:07
M,33.0,8159,4,16/06/2025,14:56:19,8,16/06/2025,15:06:41
M,31.0,90949,6,16/06/2025,14:05:37,1,16/06/2025,14:24:07
M,44.0,8088,8,16/06/2025,14:31:27,7,16/06/2025,14:43:20
M,43.0,19089,8,16/06/2025,14:02:33,2,16/06/2025,14:08:33
M,38.0,60297,13,16/06/2025,14:13:23,5,16/06/2025,14:24:46
F,48.0,19821,18,16/06/2025,14:12:58,12,16/06/2025,14:27:00
M,29.0,89249,20,16/06/2025,14:34:53,7,16/06/2025,14:45:01
M,29.0,65073,21,16/06/2025,14:25:10,22,16/06/2025,14:49:58
F,38.0,57746,2,16/06/2025,15:12:45,17,16/06/2025,15:24:12
M,34.0,86194,2,16/06/2025,15:36:40,14,16/06/2025,15:50:46
M,24.0,33751,3,16/06/2025,15:52:00,9,16/06/2025,15:55:49
M,50.0,59366,16,16/06/2025,15:26:02,17,16/06/2025,15:42:51
M,50.0,99416,17,16/06/2025,15:11:24,13,16/06/2025,15:25:47
F,29.0,95837,20,16/06/2025,15:07:24,11,16/06/2025,15:17:15
M,26.0,72503,22,16/06/2025,15:52:01,17,16/06/2025,16:05:03
M,23.0,50830,2,16/06/2025,16:03:45,13,16/06/2025,16:08:03
M,34.0,13665,3,16/06/2025,16:15:36,20,16/06/2025,16:38:03
M,31.0,71941,4,16/06/2025,16:12:27,6,16/06/2025,16:33:07
F,43.0,4473,8,16/06/2025,16:01:18,13,16/06/2025,16:23:58
F,33.0,1822,10,16/06/2025,16:21:44,15,16/06/2025,16:40:50
M,36.0,38784,12,16/06/2025,16:54:07,9,16/06/2025,17:06:20
M,35.0,60750,13,16/06/2025,16:11:31,16,16/06/2025,16:22:22
F,38.0,69380,14,16/06/2025,16:03:08,15,16/06/2025,16:13:18
M,20.0,75144,14,16/06/2025,16:20:13,6,16/06/2025,16:45:06
M,28.0,94604,16,16/06/2025,16:13:04,21,16/06/2025,16:31:30
M,35.0,83292,16,16/06/2025,16:46:51,19,16/06/2025,17:04:14
M,37.0,70306,18,16/06/2025,16:22:50,13,16/06/2025,16:38:54
F,16.0,79156,18,16/06/2025,16:11:39,11,16/06/2025,16:28:42
F,43.0,55368,20,16/06/2025,16:10:17,17,16/06/2025,16:18:36
M,39.0,80872,23,16/06/2025,16:18:42,13,16/06/2025,16:33:59
M,43.0,69432,24,16/06/2025,16:16:32,17,16/06/2025,16:36:25
M,16.0,95379,1,16/06/2025,17:46:24,7,16/06/2025,18:03:58
M,26.0,81210,1,16/06/2025,17:03:29,3,16/06/2025,17:32:08
F,32.0,12858,2,16/06/2025,17:17:05,15,16/06/2025,17:31:55
F,26.0,95812,2,16/06/2025,17:48:16,18,16/06/2025,17:51:16
F,16.0,33209,3,16/06/2025,17:40:16,4,16/06/2025,17:48:10
M,28.0,80920,3,16/06/2025,17:13:56,6,16/06/2025,17:16:56
M,24.0,10679,3,16/06/2025,17:56:40,1,16/06/2025,18:22:39
M,28.0,23561,3,16/06/2025,17:40:04,2,16/06/2025,17:46:36
F,38.0,75789,4,16/06/2025,17:50:32,21,16/06/2025,18:04:51
M,48.0,15555,6,16/06/2025,17:57:41,2,16/06/2025,18:03:21
M,28.0,46435,7,16/06/2025,17:54:40,8,16/06/2025,18:09:59
M,26.0,72013,8,16/06/2025,17:10:13,9,16/06/2025,17:31:58
M,42.0,4313,10,16/06/2025,17:23:04,18,16/06/2025,17:46:26
M,17.0,76411,11,16/06/2025,17:51:28,14,16/06/2025,18:06:05
F,17.0,21969,11,16/06/2025,17:27:30,17,16/06/2025,18:02:10
F,31.0,88566,14,16/06/2025,17:39:17,9,16/06/2025,17:53:52
F,23.0,79026,14,16/06/2025,17:02:07,15,16/06/2025,17:14:48
M,48.0,8065,15,16/06/2025,17:28:51,20,16/06/2025,17:42:32
F,60.0,94840,16,16/06/2025,17:18:58,10,16/06/2025,17:24:32
M,55.0,66309,16,16/06/2025,17:48:56,21,16/06/2025,17:59:13
M,32.0,25502,16,16/06/2025,17:50:58,11,16/06/2025,18:01:08
F,39.0,92807,16,16/06/2025,17:50:01,22,16/06/2025,18:05:36
M,40.0,19938,17,16/06/2025,17:18:19,14,16/06/2025,17:25:16
F,35.0,58217,17,16/06/2025,17:16:38,11,16/06/2025,17:27:53
F,31.0,33321,18,16/06/2025,17:13:17,8,16/06/2025,17:22:12
M,23.0,69296,18,16/06/2025,17:26:27,13,16/06/2025,17:38:20
M,28.0,84552,18,16/06/2025,17:42:40,4,16/06/2025,18:02:19
M,25.0,90206,18,16/06/2025,17:10:28,8,16/06/2025,17:46:01
M,57.0,65313,18,16/06/2025,17:11:37,13,16/06/2025,17:24:15
M,47.0,37011,18,16/06/2025,17:20:14,15,16/06/2025,17:39:51
M,39.0,7294,19,16/06/2025,17:13:14,20,16/06/2025,17:25:39
F,37.0,63453,20,16/06/2025,17:20:48,19,16/06/2025,17:26:02
M,24.0,75394,21,16/06/2025,17:48:16,17,16/06/2025,17:58:11
F,52.0,11196,21,16/06/2025,17:25:37,17,16/06/2025,17:30:13
F,36.0,43769,23,16/06/2025,17:44:50,15,16/06/2025,17:52:08
F,29.0,17084,23,16/06/2025,17:38:23,12,16/06/2025,18:02:30
M,39.0,8937,24,16/06/2025,17:14:22,18,16/06/2025,17:17:31
F,25.0,74951,2,16/06/2025,18:08:04,4,16/06/2025,18:31:15
F,31.0,48464,2,16/06/2025,18:08:39,15,16/06/2025,18:36:45
M,32.0,42116,2,16/06/2025,18:13:09,10,16/06/2025,18:32:04
F,33.0,45523,3,16/06/2025,18:47:51,2,16/06/2025,19:09:10
F,35.0,71872,3,16/06/2025,18:35:39,24,16/06/2025,18:38:39
M,46.0,93477,4,16/06/2025,18:03:56,24,16/06/2025,18:06:56
M,38.0,66446,5,16/06/2025,18:15:32,2,16/06/2025,18:32:31
M,26.0,99645,5,16/06/2025,18:06:05,21,16/06/2025,18:24:49
M,36.0,23989,6,16/06/2025,18:03:04,3,16/06/2025,18:12:40
M,34.0,81072,6,16/06/2025,18:08:15,23,16/06/2025,18:18:29
M,35.0,81195,7,16/06/2025,18:20:15,17,16/06/2025,18:35:09
F,41.0,79448,7,16/06/2025,18:34:48,3,16/06/2025,18:58:44
M,33.0,73238,8,16/06/2025,18:47:00,12,16/06/2025,19:11:30
F,32.0,36801,8,16/06/2025,18:23:29,6,16/06/2025,18:32:18
F,48.0,26216,8,16/06/2025,18:16:20,1,16/06/2025,18:31:48
F,44.0,42740,8,16/06/2025,18:06:27,2,16/06/2025,18:12:55
F,39.0,46179,8,16/06/2025,18:17:10,1,16/06/2025,18:42:43
M,27.0,15918,9,16/06/2025,18:08:50,14,16/06/2025,18:13:35
F,28.0,27078,9,16/06/2025,18:26:26,14,16/06/2025,18:44:46
M,37.0,95536,9,16/06/2025,18:43:47,5,16/06/2025,18:46:47
F,37.0,87328,9,16/06/2025,18:00:02,15,16/06/2025,18:13:14
F,41.0,57117,10,16/06/2025,18:21:36,22,16/06/2025,18:40:57
M,38.0,49277,10,16/06/2025,18:55:36,5,16/06/2025,19:06:14
F,25.0,99430,11,16/06/2025,18:19:02,18,16/06/2025,18:27:49
M,32.0,69423,11,16/06/2025,18:17:13,20,16/06/2025,18:20:13
M,25.0,6820,12,16/06/2025,18:28:19,21,16/06/2025,18:49:53
M,41.0,82418,12,16/06/2025,18:31:03,8,16/06/2025,18:52:28
M,16.0,43090,12,16/06/2025,18:42:10,8,16/06/2025,18:46:14
F,50.0,90790,13,16/06/2025,18:49:05,17,16/06/2025,19:07:27
F,20.0,56913,13,16/06/2025,18:44:30,3,16/06/2025,19:02:54
M,23.0,35320,13,16/06/2025,18:33:15,3,16/06/2025,18:44:34
M,45.0,91738,14,16/06/2025,18:01:08,20,16/06/2025,18:09:48
F,23.0,74351,14,16/06/2025,18:02:46,13,16/06/2025,18:17:43
M,32.0,46399,16,16/06/2025,18:53:37,13,16/06/2025,19:10:50
F,31.0,60301,17,16/06/2025,18:02:26,5,16/06/2025,18:07:20
F,34.0,79200,17,16/06/2025,18:40:49,18,16/06/2025,18:56:38
F,29.0,40704,17,16/06/2025,18:08:29,16,16/06/2025,18:27:36
M,36.0,48426,17,16/06/2025,18:54:02,15,16/06/2025,19:14:07
F,43.0,6755,18,16/06/2025,18:14:15,11,16/06/2025,18:37:10
M,35.0,47959,18,16/06/2025,18:21:56,13,16/06/2025,18:39:01
F,44.0,88677,19,16/06/2025,18:30:18,23,16/06/2025,18:44:16
F,36.0,26234,20,16/06/2025,18:12:31,8,16/06/2025,18:29:08
M,37.0,96400,20,16/06/2025,18:48:14,19,16/06/2025,19:05:03
M,42.0,38053,21,16/06/2025,18:10:50,17,16/06/2025,18:27:30
M,38.0,40762,21,16/06/2025,18:12:10,11,16/06/2025,18:25:25
M,24.0,83758,21,16/06/2025,18:04:00,17,16/06/2025,18:07:54
M,24.0,50625,21,16/06/2025,18:22:53,24,16/06/2025,18:43:10
M,16.0,83123,23,16/06/2025,18:34:31,21,16/06/2025,18:46:11
M,43.0,12707,24,16/06/2025,18:40:24,23,16/06/2025,18:52:12
M,32.0,41344,1,16/06/2025,19:06:15,6,16/06/2025,19:15:27
F,25.0,35784,1,16/06/2025,19:26:01,11,16/06/2025,19:42:22
M,34.0,42420,1,16/06/2025,19:05:47,21,16/06/2025,19:08:47
F,31.0,56756,2,16/06/2025,19:48:47,8,16/06/2025,19:56:05
M,32.0,17164,2,16/06/2025,19:25:24,3,16/06/2025,19:40:58
M,52.0,48090,2,16/06/2025,19:53:51,19,16/06/2025,20:20:47
M,34.0,44914,2,16/06/2025,19:40:29,6,16/06/2025,19:55:02
M,48.0,25687,4,16/06/2025,19:16:39,9,16/06/2025,19:50:46
M,34.0,84215,4,16/06/2025,19:58:21,6,16/06/2025,20:10:06
M,44.0,61660,6,16/06/2025,19:14:18,11,16/06/2025,19:17:23
M,16.0,11407,6,16/06/2025,19:10:05,4,16/06/2025,19:24:46
F,48.0,18517,8,16/06/2025,19:21:40,7,16/06/2025,19:35:37
M,38.0,53435,8,16/06/2025,19:18:54,2,16/06/2025,19:36:55
F,47.0,37407,10,16/06/2025,19:57:14,17,16/06/2025,20:04:31
M,22.0,68951,13,16/06/2025,19:18:10,17,16/06/2025,19:25:58
F,40.0,43356,15,16/06/2025,19:10:34,17,16/06/2025,19:23:55
M,31.0,19558,15,16/06/2025,19:15:38,8,16/06/2025,19:21:45
M,36.0,24322,16,16/06/2025,19:26:17,8,16/06/2025,19:43:05
F,35.0,34165,17,16/06/2025,19:27:34,16,16/06/2025,19:41:58
M,20.0,48757,19,16/06/2025,19:12:07,8,16/06/2025,19:30:16
M,31.0,78624,20,16/06/2025,19:14:44,15,16/06/2025,19:38:47
M,32.0,25562,20,16/06/2025,19:58:41,15,16/06/2025,20:16:21
M,42.0,31118,20,16/06/2025,19:17:12,14,16/06/2025,19:26:39
M,24.0,97283,20,16/06/2025,19:48:06,19,16/06/2025,20:04:07
F,31.0,54530,20,16/06/2025,19:55:39,24,16/06/2025,20:15:44
M,31.0,39458,21,16/06/2025,19:22:10,7,16/06/2025,19:41:16
F,32.0,56515,21,16/06/2025,19:32:28,6,16/06/2025,19:35:28
M,35.0,59756,21,16/06/2025,19:02:57,13,16/06/2025,19:28:06
M,35.0,19036,21,16/06/2025,19:07:24,18,16/06/2025,19:26:19
M,47.0,73753,22,16/06/2025,19:25:11,14,16/06/2025,19:41:22
F,23.0,10593,24,16/06/2025,19:54:59,4,16/06/2025,20:14:10
M,38.0,12077,1,16/06/2025,20:09:31,3,16/06/2025,20:22:06
F,28.0,90783,3,16/06/2025,20:03:03,16,16/06/2025,20:06:03
F,16.0,91231,8,16/06/2025,20:19:49,23,16/06/2025,20:30:33
M,32.0,27246,9,16/06/2025,20:18:35,8,16/06/2025,20:35:20
M,30.0,56245,9,16/06/2025,20:26:44,5,16/06/2025,20:43:00
F,32.0,72095,10,16/06/2025,20:51:24,9,16/06/2025,21:10:41
F,32.0,17160,12,16/06/2025,20:49:42,18,16/06/2025,21:03:09
M,33.0,76657,12,16/06/2025,20:35:58,4,16/06/2025,20:38:58
F,46.0,64050,16,16/06/2025,20:23:12,1,16/06/2025,20:32:55
F,44.0,57828,18,16/06/2025,20:49:54,2,16/06/2025,20:52:54
F,22.0,57139,19,16/06/2025,20:00:15,20,16/06/2025,20:21:55
M,29.0,90326,19,16/06/2025,20:06:53,21,16/06/2025,20:12:44
M,42.0,72720,21,16/06/2025,20:33:59,12,16/06/2025,20:46:53
M,29.0,95443,24,16/06/2025,20:39:52,20,16/06/2025,20:48:26
M,21.0,42049,24,16/06/2025,20:00:14,18,16/06/2025,20:15:28
M,29.0,81703,2,16/06/2025,21:02:42,8,16/06/2025,21:13:33
M,47.0,68420,4,16/06/2025,21:00:32,8,16/06/2025,21:19:51
F,38.0,35762,4,16/06/2025,21:05:05,23,16/06/2025,21:24:11
F,44.0,61587,5,16/06/2025,21:17:31,14,16/06/2025,21:31:42
M,31.0,48732,6,16/06/2025,21:51:45,17,16/06/2025,22:14:39
F,51.0,72962,11,16/06/2025,21:29:35,15,16/06/2025,21:47:55
F,34.0,75281,16,16/06/2025,21:16:29,8,16/06/2025,21:26:09
M,30.0,9434,18,16/06/2025,21:02:39,15,16/06/2025,21:21:09
M,32.0,68793,20,16/06/2025,21:56:31,9,16/06/2025,21:59:31
M,30.0,15129,22,16/06/2025,21:18:24,3,16/06/2025,21:29:07
F,44.0,25560,2,16/06/2025,22:45:38,13,16/06/2025,23:05:52
M,42.0,33903,2,16/06/2025,22:39:37,4,16/06/2025,22:50:24
M,25.0,5144,2,16/06/2025,22:56:09,13,16/06/2025,23:11:46
M,43.0,57457,3,16/06/2025,22:16:57,2,16/06/2025,22:19:57
M,29.0,92431,4,16/06/2025,22:19:20,16,16/06/2025,22:31:51
M,39.0,82935,6,16/06/2025,22:48:28,23,16/06/2025,22:51:28
F,43.0,83668,20,16/06/2025,22:05:20,19,16/06/2025,22:18:43
F,21.0,58917,21,16/06/2025,22:39:58,8,16/06/2025,23:01:26
F,30.0,89285,21,16/06/2025,22:45:48,14,16/06/2025,23:03:10
F,43.0,31390,21,16/06/2025,22:18:06,14,16/06/2025,22:42:39
F,41.0,1142,3,16/06/2025,23:27:42,13,16/06/2025,23:48:08
F,42.0,89406,4,16/06/2025,23:01:14,21,16/06/2025,23:17:17
M,45.0,27817,18,16/06/2025,23:00:29,14,16/06/2025,23:03:29
M,25.0,90311,21,16/06/2025,23:07:30,17,16/06/2025,23:20:14
M,41.0,36041,23,16/06/2025,23:32:34,24,16/06/2025,23:48:00
M,20.0,10115,5,17/06/2025,00:02:44,16,17/06/2025,00:09:02
M,25.0,99552,11,17/06/2025,00:13:27,13,17/06/2025,00:16:27
M,41.0,35489,17,17/06/2025,00:20:07,18,17/06/2025,00:32:34
M,38.0,1259,18,17/06/2025,00:11:22,11,17/06/2025,00:17:42
M,25.0,90785,6,17/06/2025,01:12:52,16,17/06/2025,01:28:09
M,55.0,1507,17,17/06/2025,01:36:52,20,17/06/2025,01:50:18
F,35.0,85813,19,17/06/2025,01:03:51,18,17/06/2025,01:11:17
F,23.0,67440,20,17/06/2025,01:39:59,24,17/06/2025,01:58:15
M,44.0,13487,3,17/06/2025,02:23:58,8,17/06/2025,02:44:51
F,35.0,54880,8,17/06/2025,02:39:05,2,17/06/2025,02:56:01
F,35.0,72610,14,17/06/2025,02:27:15,5,17/06/2025,02:43:23
F,24.0,25703,21,17/06/2025,02:15:53,16,17/06/2025,02:24:52
M,23.0,17479,9,17/06/2025,03:41:56,22,17/06/2025,03:53:57
M,37.0,51456,2,17/06/2025,04:28:08,21,17/06/2025,04:37:44
F,42.0,1760,2,17/06/2025,04:13:19,10,17/06/2025,04:30:23
M,34.0,16492,2,17/06/2025,04:14:04,7,17/06/2025,04:42:25
M,17.0,9323,3,17/06/2025,04:46:27,1,17/06/2025,05:03:13
M,33.0,68857,11,17/06/2025,04:12:38,13,17/06/2025,04:26:03
M,36.0,37516,19,17/06/2025,04:45:05,8,17/06/2025,04:58:03
M,45.0,89783,2,17/06/2025,05:31:44,13,17/06/2025,05:46:52
F,30.0,50302,3,17/06/2025,05:33:50,12,17/06/2025,05:49:49
F,37.0,9484,3,17/06/2025,05:06:08,11,17/06/2025,05:32:59
F,19.0,14828,11,17/06/2025,05:57:57,7,17/06/2025,06:05:15
M,32.0,12707,18,17/06/2025,05:08:34,12,17/06/2025,05:43:15
F,26.0,32184,21,17/06/2025,05:17:07,20,17/06/2025,05:34:06
F,24.0,59042,24,17/06/2025,05:57:50,18,17/06/2025,06:20:57
M,28.0,30056,1,17/06/2025,06:24:42,14,17/06/2025,06:33:47
M,25.0,98248,2,17/06/2025,06:25:48,16,17/06/2025,06:35:06
M,27.0,23680,2,17/06/2025,06:13:08,10,17/06/2025,06:17:57
M,44.0,87884,3,17/06/2025,06:06:02,7,17/06/2025,06:17:09
F,17.0,2706,3,17/06/2025,06:16:18,5,17/06/2025,06:36:39
F,29.0,80021,4,17/06/2025,06:15:12,10,17/06/2025,06:27:48
M,56.0,20153,9,17/06/2025,06:06:19,8,17/06/2025,06:17:34
M,43.0,29665,11,17/06/2025,06:13:57,13,17/06/2025,06:35:39
M,43.0,35208,11,17/06/2025,06:07:52,22,17/06/2025,06:23:47
F,24.0,95775,12,17/06/2025,06:47:41,6,17/06/2025,06:56:52
F,29.0,53188,14,17/06/2025,06:34:52,9,17/06/2025,06:49:45
F,28.0,59061,14,17/06/2025,06:41:40,11,17/06/2025,06:48:54
F,48.0,84272,15,17/06/2025,06:31:18,12,17/06/2025,06:50:44
M,35.0,72562,18,17/06/2025,06:12:57,16,17/06/2025,06:24:42
M,60.0,75354,18,17/06/2025,06:35:40,9,17/06/2025,06:48:58
M,34.0,36373,20,17/06/2025,06:51:51,8,17/06/2025,07:14:07
M,28.0,83067,20,17/06/2025,06:11:46,15,17/06/2025,06:25:34
M,50.0,14944,23,17/06/2025,06:13:49,16,17/06/2025,06:31:37
M,43.0,39953,24,17/06/2025,06:15:32,21,17/06/2025,06:25:01
M,16.0,19578,2,17/06/2025,07:35:19,15,17/06/2025,07:56:43
M,41.0,28640,2,17/06/2025,07:32:17,1,17/06/2025,07:47:27
M,30.0,62745,3,17/06/2025,07:01:30,7,17/06/2025,07:21:08
F,31.0,91971,4,17/06/2025,07:22:52,2,17/06/2025,07:36:44
M,36.0,52197,4,17/06/2025,07:31:47,18,17/06/2025,07:58:49
M,26.0,65535,5,17/06/2025,07:49:27,12,17/06/2025,07:57:30
F,32.0,34446,8,17/06/2025,07:57:30,4,17/06/2025,08:29:05
F,48.0,41471,8,17/06/2025,07:58:36,19,17/06/2025,08:06:37
M,37.0,7097,8,17/06/2025,07:40:19,20,17/06/2025,07:52:53
F,36.0,75610,10,17/06/2025,07:32:21,4,17/06/2025,07:37:34
M,27.0,94371,11,17/06/2025,07:30:39,9,17/06/2025,07:43:22
M,43.0,91733,11,17/06/2025,07:42:10,16,17/06/2025,07:56:11
F,24.0,52141,11,17/06/2025,07:56:05,16,17/06/2025,08:08:12
M,39.0,27675,16,17/06/2025,07:22:02,11,17/06/2025,07:39:08
M,34.0,26570,17,17/06/2025,07:22:40,22,17/06/2025,07:36:17
M,37.0,2476,19,17/06/2025,07:03:11,2,17/06/2025,07:28:56
F,42.0,76876,19,17/06/2025,07:19:29,24,17/06/2025,07:26:03
M,21.0,74427,20,17/06/2025,07:25:24,9,17/06/2025,07:44:49
M,16.0,57854,22,17/06/2025,07:07:06,23,17/06/2025,07:27:58
F,39.0,76505,22,17/06/2025,07:13:42,18,17/06/2025,07:26:44
M,38.0,88052,22,17/06/2025,07:46:27,7,17/06/2025,07:49:27
M,28.0,47039,23,17/06/2025,07:15:36,14,17/06/2025,07:19:08
M,21.0,4103,2,17/06/2025,08:01:23,3,17/06/2025,08:15:09
M,40.0,89093,3,17/06/2025,08:17:03,13,17/06/2025,08:20:50
F,42.0,36764,3,17/06/2025,08:20:37,7,17/06/2025,08:33:52
F,31.0,56227,4,17/06/2025,08:06:17,8,17/06/2025,08:15:56
F,26.0,56815,7,17/06/2025,08:50:42,2,17/06/2025,09:14:38
M,22.0,21989,7,17/06/2025,08:04:08,6,17/06/2025,08:07:08
F,44.0,10699,9,17/06/2025,08:03:58,14,17/06/2025,08:11:29
M,21.0,22519,10,17/06/2025,08:58:41,15,17/06/2025,09:07:16
F,27.0,38539,10,17/06/2025,08:40:47,9,17/06/2025,08:50:49
F,22.0,17742,10,17/06/2025,08:01:07,1,17/06/2025,08:20:51
F,27.0,1664,11,17/06/2025,08:28:37,3,17/06/2025,08:40:19
M,26.0,92757,11,17/06/2025,08:56:15,17,17/06/2025,09:16:40
M,37.0,57120,12,17/06/2025,08:27:23,14,17/06/2025,08:40:20
F,21.0,3641,13,17/06/2025,08:41:24,17,17/06/2025,09:01:47
F,39.0,92940,16,17/06/2025,08:41:23,14,17/06/2025,08:55:20
M,24.0,27586,17,17/06/2025,08:30:43,2,17/06/2025,08:34:19
F,27.0,24526,17,17/06/2025,08:22:16,23,17/06/2025,08:39:16
M,30.0,30241,18,17/06/2025,08:32:33,2,17/06/2025,08:48:58
F,26.0,9833,18,17/06/2025,08:08:57,17,17/06/2025,08:29:22
F,39.0,7164,19,17/06/2025,08:08:10,16,17/06/2025,08:19:03
F,30.0,2868,19,17/06/2025,08:34:06,18,17/06/2025,08:49:00
F,27.0,51822,19,17/06/2025,08:05:39,5,17/06/2025,08:21:38
F,38.0,98876,20,17/06/2025,08:46:07,24,17/06/2025,09:02:51
M,29.0,92468,21,17/06/2025,08:46:26,13,17/06/2025,08:59:29
F,24.0,85397,22,17/06/2025,08:01:01,8,17/06/2025,08:17:16
M,39.0,92841,23,17/06/2025,08:12:58,3,17/06/2025,08:23:37
F,20.0,42307,1,17/06/2025,09:08:20,12,17/06/2025,09:38:02
M,42.0,12496,1,17/06/2025,09:43:56,3,17/06/2025,09:56:44
M,26.0,76641,1,17/06/2025,09:50:39,16,17/06/2025,10:06:02
F,29.0,14878,2,17/06/2025,09:35:11,22,17/06/2025,09:44:34
F,37.0,76330,4,17/06/2025,09:49:17,22,17/06/2025,10:06:12
M,26.0,49276,5,17/06/2025,09:32:38,4,17/06/2025,09:51:02
M,33.0,78346,6,17/06/2025,09:24:28,5,17/06/2025,09:35:12
M,38.0,65381,9,17/06/2025,09:41:46,19,17/06/2025,09:48:53
F,44.0,93200,9,17/06/2025,09:28:11,2,17/06/2025,09:38:57
M,31.0,13504,9,17/06/2025,09:01:32,8,17/06/2025,09:24:31
M,40.0,26303,9,17/06/2025,09:20:22,15,17/06/2025,09:36:36
M,59.0,6661,10,17/06/2025,09:02:09,9,17/06/2025,09:21:08
M,37.0,96255,11,17/06/2025,09:53:56,12,17/06/2025,10:11:52
F,22.0,98283,13,17/06/2025,09:14:32,22,17/06/2025,09:35:00
M,32.0,98097,13,17/06/2025,09:02:19,9,17/06/2025,09:22:46
M,30.0,10700,13,17/06/2025,09:02:27,1,17/06/2025,09:14:48
M,56.0,83308,13,17/06/2025,09:14:27,24,17/06/2025,09:34:05
M,25.0,88395,14,17/06/2025,09:40:56,9,17/06/2025,09:52:42
M,26.0,12625,14,17/06/2025,09:04:09,19,17/06/2025,09:13:15
F,32.0,66273,14,17/06/2025,09:23:07,4,17/06/2025,09:32:40
M,21.0,72961,15,17/06/2025,09:44:04,11,17/06/2025,10:03:04
M,35.0,9407,16,17/06/2025,09:43:36,1,17/06/2025,10:09:43
M,19.0,84523,17,17/06/2025,09:41:33,23,17/06/2025,10:01:35
F,41.0,71813,18,17/06/2025,09:26:17,5,17/06/2025,09:40:19
M,36.0,57311,18,17/06/2025,09:34:05,22,17/06/2025,09:42:08
M,18.0,43518,18,17/06/2025,09:50:53,13,17/06/2025,10:08:07
M,23.0,97266,19,17/06/2025,09:55:50,17,17/06/2025,10:09:24
M,19.0,6486,21,17/06/2025,09:42:10,13,17/06/2025,09:54:56
M,26.0,87058,21,17/06/2025,09:32:27,19,17/06/2025,09:46:13
M,24.0,43593,22,17/06/2025,09:53:34,23,17/06/2025,10:25:17
F,38.0,59892,22,17/06/2025,09:59:21,12,17/06/2025,10:22:26
F,27.0,55214,22,17/06/2025,09:20:26,20,17/06/2025,09:29:31
F,26.0,34378,22,17/06/2025,09:21:12,21,17/06/2025,09:36:13
M,31.0,31623,1,17/06/2025,10:04:16,7,17/06/2025,10:19:48
M,37.0,42568,1,17/06/2025,10:41:14,14,17/06/2025,10:48:46
M,34.0,43762,3,17/06/2025,10:06:02,6,17/06/2025,10:16:01
M,27.0,3006,4,17/06/2025,10:21:22,6,17/06/2025,10:33:42
F,22.0,41357,6,17/06/2025,10:10:36,5,17/06/2025,10:24:20
M,21.0,63224,6,17/06/2025,10:44:36,2,17/06/2025,11:04:58
M,30.0,85160,8,17/06/2025,10:53:04,1,17/06/2025,10:58:57
F,36.0,72218,10,17/06/2025,10:21:21,14,17/06/2025,10:45:20
M,27.0,52169,10,17/06/2025,10:02:02,9,17/06/2025,10:05:02
F,36.0,11497,11,17/06/2025,10:07:57,18,17/06/2025,10:10:57
M,54.0,56159,15,17/06/2025,10:32:55,9,17/06/2025,10:49:35
M,23.0,64435,15,17/06/2025,10:56:04,2,17/06/2025,11:10:38
M,16.0,47364,16,17/06/2025,10:21:04,11,17/06/2025,10:42:09
M,43.0,68741,16,17/06/2025,10:45:40,17,17/06/2025,10:56:23
M,29.0,81284,16,17/06/2025,10:39:38,18,17/06/2025,11:04:33
M,28.0,52404,18,17/06/2025,10:46:35,17,17/06/2025,10:52:09
M,48.0,9763,19,17/06/2025,10:20:14,11,17/06/2025,10:36:38
F,39.0,41162,24,17/06/2025,10:18:43,18,17/06/2025,10:32:44
F,27.0,79315,24,17/06/2025,10:25:05,20,17/06/2025,10:41:24
F,54.0,55707,3,17/06/2025,11:56:31,7,17/06/2025,12:00:11
M,50.0,34875,3,17/06/2025,11:51:35,9,17/06/2025,12:09:02
M,37.0,95656,5,17/06/2025,11:06:55,14,17/06/2025,11:35:09
M,37.0,28798,11,17/06/2025,11:07:07,7,17/06/2025,11:15:25
M,27.0,95609,11,17/06/2025,11:05:14,21,17/06/2025,11:25:46
F,46.0,77470,11,17/06/2025,11:59:51,6,17/06/2025,12:02:51
M,20.0,18678,15,17/06/2025,11:33:22,5,17/06/2025,11:57:28
M,30.0,23527,16,17/06/2025,11:11:42,21,17/06/2025,11:22:24
F,18.0,25426,16,17/06/2025,11:07:42,12,17/06/2025,11:30:15
M,50.0,6569,21,17/06/2025,11:34:59,17,17/06/2025,11:37:59
M,49.0,66232,24,17/06/2025,11:15:27,3,17/06/2025,11:30:35
F,21.0,22732,1,17/06/2025,12:58:50,4,17/06/2025,13:01:50
M,40.0,55397,11,17/06/2025,12:53:13,13,17/06/2025,13:09:50
M,29.0,30109,16,17/06/2025,12:30:45,12,17/06/2025,12:45:21
F,24.0,78605,19,17/06/2025,12:04:41,18,17/06/2025,12:24:39
F,39.0,29735,20,17/06/2025,12:53:40,16,17/06/2025,13:16:39
M,26.0,37197,5,17/06/2025,13:32:46,7,17/06/2025,14:00:16
M,38.0,25538,1,17/06/2025,14:10:24,16,17/06/2025,14:26:48
M,35.0,28110,4,17/06/2025,14:37:13,3,17/06/2025,14:40:13
F,48.0,60753,7,17/06/2025,14:12:44,5,17/06/2025,14:22:55
F,43.0,42884,8,17/06/2025,14:33:57,4,17/06/2025,14:36:57
F,22.0,80350,10,17/06/2025,14:40:48,15,17/06/2025,15:01:41
M,46.0,31398,14,17/06/2025,14:56:22,19,17/06/2025,15:07:29
F,32.0,14947,21,17/06/2025,14:12:25,19,17/06/2025,14:41:22
F,39.0,34037,1,17/06/2025,15:21:48,3,17/06/2025,15:39:04
M,24.0,51376,2,17/06/2025,15:08:30,7,17/06/2025,15:20:44
M,31.0,84901,4,17/06/2025,15:57:29,23,17/06/2025,16:06:00
F,37.0,52525,6,17/06/2025,15:16:15,12,17/06/2025,15:23:25
M,37.0,79885,10,17/06/2025,15:58:56,21,17/06/2025,16:08:01
M,49.0,22124,15,17/06/2025,15:30:04,10,17/06/2025,15:56:22
M,33.0,31402,17,17/06/2025,15:11:10,24,17/06/2025,15:33:08
M,42.0,85318,19,17/06/2025,15:58:02,17,17/06/2025,16:16:09
M,24.0,67803,19,17/06/2025,15:06:58,16,17/06/2025,15:17:29
M,27.0,4937,20,17/06/2025,15:52:09,7,17/06/2025,16:03:55
F,30.0,61476,23,17/06/2025,15:28:02,19,17/06/2025,15:40:47
M,39.0,29853,5,17/06/2025,16:48:41,18,17/06/2025,17:09:55
M,35.0,51392,6,17/06/2025,16:29:17,24,17/06/2025,16:51:40
M,42.0,5968,6,17/06/2025,16:35:22,11,17/06/2025,16:47:22
F,43.0,86655,7,17/06/2025,16:56:41,12,17/06/2025,17:05:24
M,26.0,66591,7,17/06/2025,16:26:44,19,17/06/2025,16:37:35
M,32.0,84695,9,17/06/2025,16:44:58,23,17/06/2025,16:56:02
F,30.0,65028,11,17/06/2025,16:58:10,2,17/06/2025,17:12:06
F,45.0,36283,17,17/06/2025,16:00:17,14,17/06/2025,16:03:38
F,20.0,86931,18,17/06/2025,16:30:34,20,17/06/2025,16:48:22
M,43.0,23503,18,17/06/2025,16:43:19,22,17/06/2025,16:53:53
M,38.0,44014,18,17/06/2025,16:09:36,21,17/06/2025,16:12:36
M,30.0,95409,19,17/06/2025,16:37:12,23,17/06/2025,16:52:50
F,29.0,6972,19,17/06/2025,16:47:07,3,17/06/2025,16:53:44
F,16.0,50116,24,17/06/2025,16:16:09,17,17/06/2025,16:24:24
M,16.0,35572,1,17/06/2025,17:46:51,20,17/06/2025,17:56:03
M,33.0,31171,2,17/06/2025,17:51:47,17,17/06/2025,18:17:04
F,18.0,26660,2,17/06/2025,17:47:01,5,17/06/2025,17:57:46
M,28.0,41103,3,17/06/2025,17:56:42,1,17/06/2025,18:05:17
M,51.0,63591,6,17/06/2025,17:50:59,13,17/06/2025,18:07:06
M,51.0,92917,6,17/06/2025,17:04:21,19,17/06/2025,17:12:36
M,33.0,6115,6,17/06/2025,17:01:00,11,17/06/2025,17:22:02
F,27.0,29402,6,17/06/2025,17:38:44,4,17/06/2025,17:52:24
M,26.0,74911,6,17/06/2025,17:47:59,14,17/06/2025,18:09:49
M,28.0,51125,7,17/06/2025,17:33:05,12,17/06/2025,17:55:06
F,47.0,33480,7,17/06/2025,17:36:34,8,17/06/2025,17:39:34
M,28.0,67002,7,17/06/2025,17:25:28,8,17/06/2025,17:44:06
F,16.0,53605,8,17/06/2025,17:29:58,9,17/06/2025,17:42:13
F,53.0,99006,8,17/06/2025,17:27:25,12,17/06/2025,17:49:37
M,16.0,51908,10,17/06/2025,17:50:05,15,17/06/2025,18:10:54
F,39.0,83004,10,17/06/2025,17:11:13,12,17/06/2025,17:17:51
F,19.0,31274,11,17/06/2025,17:56:57,21,17/06/2025,18:16:53
M,42.0,53887,11,17/06/2025,17:05:51,6,17/06/2025,17:18:37
M,54.0,75834,12,17/06/2025,17:44:39,22,17/06/2025,17:58:01
M,19.0,64431,14,17/06/2025,17:21:54,19,17/06/2025,17:52:08
F,38.0,42793,15,17/06/2025,17:20:38,5,17/06/2025,17:37:49
M,51.0,58600,18,17/06/2025,17:11:12,8,17/06/2025,17:21:50
M,37.0,73220,19,17/06/2025,17:54:39,14,17/06/2025,18:00:02
F,41.0,32826,21,17/06/2025,17:18:09,14,17/06/2025,17:42:09
F,49.0,19073,21,17/06/2025,17:19:35,23,17/06/2025,17:38:52
M,24.0,34021,21,17/06/2025,17:01:17,22,17/06/2025,17:14:56
M,29.0,51028,21,17/06/2025,17:24:59,18,17/06/2025,17:36:57
F,42.0,86816,21,17/06/2025,17:39:01,9,17/06/2025,18:10:18
M,46.0,43263,22,17/06/2025,17:14:32,23,17/06/2025,17:27:50
M,50.0,40993,23,17/06/2025,17:38:17,24,17/06/2025,17:49:42
F,28.0,32237,2,17/06/2025,18:19:33,11,17/06/2025,18:24:17
M,33.0,91342,3,17/06/2025,18:32:12,2,17/06/2025,18:37:39
F,36.0,97186,3,17/06/2025,18:19:50,13,17/06/2025,18:22:50
F,22.0,83237,4,17/06/2025,18:59:46,10,17/06/2025,19:09:32
M,35.0,15120,4,17/06/2025,18:31:06,18,17/06/2025,18:54:24
M,41.0,62816,4,17/06/2025,18:38:44,10,17/06/2025,19:04:20
F,32.0,12463,4,17/06/2025,18:36:43,19,17/06/2025,18:39:43
F,16.0,51184,5,17/06/2025,18:53:23,3,17/06/2025,19:13:42
M,32.0,12231,5,17/06/2025,18:45:32,11,17/06/2025,18:56:56
F,31.0,61660,6,17/06/2025,18:20:27,14,17/06/2025,18:26:46
F,24.0,90803,8,17/06/2025,18:46:41,12,17/06/2025,19:01:46
M,34.0,63369,8,17/06/2025,18:37:41,6,17/06/2025,19:00:52
M,16.0,66483,9,17/06/2025,18:48:32,11,17/06/2025,19:00:36
M,37.0,72512,9,17/06/2025,18:34:07,19,17/06/2025,18:50:23
M,39.0,5319,9,17/06/2025,18:39:06,10,17/06/2025,18:47:41
F,29.0,59281,10,17/06/2025,18:26:29,5,17/06/2025,18:43:57
M,35.0,50919,10,17/06/2025,18:29:22,11,17/06/2025,18:32:40
F,33.0,78177,11,17/06/2025,18:06:50,15,17/06/2025,18:30:49
M,23.0,31952,13,17/06/2025,18:11:56,9,17/06/2025,18:27:28
F,38.0,97389,14,17/06/2025,18:51:36,17,17/06/2025,19:08:23
M,54.0,96633,15,17/06/2025,18:51:27,17,17/06/2025,18:59:08
F,24.0,28228,15,17/06/2025,18:07:24,21,17/06/2025,18:18:27
F,26.0,46674,15,17/06/2025,18:11:46,2,17/06/2025,18:27:16
M,40.0,55072,17,17/06/2025,18:42:32,1,17/06/2025,18:59:42
M,37.0,24067,18,17/06/2025,18:55:45,7,17/06/2025,19:03:17
F,28.0,23609,18,17/06/2025,18:09:13,16,17/06/2025,18:36:22
M,37.0,75851,18,17/06/2025,18:39:40,9,17/06/2025,19:10:54
F,43.0,16036,19,17/06/2025,18:34:38,9,17/06/2025,18:39:07
M,48.0,47961,19,17/06/2025,18:01:47,13,17/06/2025,18:15:28
M,25.0,54562,20,17/06/2025,18:55:58,4,17/06/2025,19:10:12
M,34.0,64154,20,17/06/2025,18:32:32,15,17/06/2025,18:48:00
F,42.0,20565,20,17/06/2025,18:31:02,3,17/06/2025,18:43:48
F,48.0,93053,20,17/06/2025,18:21:55,13,17/06/2025,18:40:37
M,41.0,93630,20,17/06/2025,18:54:00,7,17/06/2025,19:10:24
M,59.0,59348,21,17/06/2025,18:18:19,22,17/06/2025,18:28:32
M,25.0,60545,21,17/06/2025,18:09:00,22,17/06/2025,18:17:09
M,44.0,69631,21,17/06/2025,18:29:53,11,17/06/2025,18:43:29
F,36.0,64573,21,17/06/2025,18:18:00,19,17/06/2025,18:31:49
F,32.0,61766,21,17/06/2025,18:20:38,12,17/06/2025,18:33:05
F,16.0,38501,23,17/06/2025,18:04:01,21,17/06/2025,18:28:58
M,36.0,39592,2,17/06/2025,19:33:24,24,17/06/2025,19:47:03
M,47.0,20272,2,17/06/2025,19:53:08,1,17/06/2025,20:02:17
M,27.0,48623,2,17/06/2025,19:02:26,7,17/06/2025,19:08:14
F,38.0,86334,3,17/06/2025,19:27:11,2,17/06/2025,19:51:15
M,23.0,66065,3,17/06/2025,19:54:23,4,17/06/2025,20:06:15
M,30.0,52696,4,17/06/2025,19:39:22,1,17/06/2025,19:53:02
M,31.0,56109,4,17/06/2025,19:25:50,15,17/06/2025,19:28:50
F,42.0,72691,5,17/06/2025,19:55:10,10,17/06/2025,20:14:47
M,22.0,86720,6,17/06/2025,19:59:04,14,17/06/2025,20:06:25
M,42.0,19303,7,17/06/2025,19:40:12,1,17/06/2025,20:02:17
M,29.0,71579,8,17/06/2025,19:39:54,13,17/06/2025,20:02:55
F,42.0,57785,8,17/06/2025,19:41:21,18,17/06/2025,19:55:25
M,36.0,54381,10,17/06/2025,19:47:25,17,17/06/2025,19:54:25
F,35.0,65697,10,17/06/2025,19:32:45,7,17/06/2025,19:42:50
M,21.0,78621,11,17/06/2025,19:46:47,21,17/06/2025,20:08:34
M,26.0,89725,15,17/06/2025,19:18:54,17,17/06/2025,19:28:05
F,58.0,57043,15,17/06/2025,19:57:25,16,17/06/2025,20:05:47
M,35.0,35659,15,17/06/2025,19:02:43,24,17/06/2025,19:31:18
M,32.0,45609,16,17/06/2025,19:16:58,18,17/06/2025,19:19:59
F,16.0,3177,17,17/06/2025,19:41:39,8,17/06/2025,19:57:17
M,20.0,27468,17,17/06/2025,19:45:52,14,17/06/2025,19:51:02
F,25.0,91150,21,17/06/2025,19:01:58,17,17/06/2025,19:04:58
F,19.0,30901,21,17/06/2025,19:47:35,17,17/06/2025,20:04:11
M,46.0,40274,21,17/06/2025,19:02:02,18,17/06/2025,19:14:39
M,38.0,7800,23,17/06/2025,19:05:30,6,17/06/2025,19:19:07
F,38.0,42798,24,17/06/2025,19:53:41,19,17/06/2025,20:13:59
F,26.0,3677,1,17/06/2025,20:11:28,5,17/06/2025,20:48:21
M,42.0,26945,7,17/06/2025,20:29:40,6,17/06/2025,20:38:18
M,33.0,10558,7,17/06/2025,20:35:51,3,17/06/2025,20:47:54
F,16.0,54779,9,17/06/2025,20:55:18,7,17/06/2025,21:11:52
M,25.0,78350,13,17/06/2025,20:14:41,7,17/06/2025,20:18:44
M,29.0,49690,17,17/06/2025,20:45:23,8,17/06/2025,20:56:38
M,28.0,44894,17,17/06/2025,20:44:06,20,17/06/2025,21:05:17
M,35.0,74389,17,17/06/2025,20:09:24,6,17/06/2025,20:21:51
M,43.0,21187,18,17/06/2025,20:27:44,16,17/06/2025,20:47:00
F,63.0,16834,18,17/06/2025,20:38:01,22,17/06/2025,20:47:10
M,18.0,28424,18,17/06/2025,20:19:18,8,17/06/2025,20:30:45
F,25.0,58500,19,17/06/2025,20:17:44,23,17/06/2025,20:29:12
M,24.0,17739,21,17/06/2025,20:51:37,16,17/06/2025,21:06:27
M,54.0,48912,23,17/06/2025,20:47:40,18,17/06/2025,21:16:52
F,25.0,44362,24,17/06/2025,20:28:39,14,17/06/2025,20:35:48
M,28.0,36467,1,17/06/2025,21:33:48,21,17/06/2025,21:40:20
F,35.0,53245,3,17/06/2025,21:35:58,17,17/06/2025,21:56:07
F,40.0,18106,4,17/06/2025,21:09:15,15,17/06/2025,21:19:17
F,43.0,92184,5,17/06/2025,21:56:49,19,17/06/2025,22:01:50
M,26.0,14195,6,17/06/2025,21:02:48,7,17/06/2025,21:05:48
M,34.0,50701,7,17/06/2025,21:10:36,11,17/06/2025,21:17:17
F,37.0,22236,9,17/06/2025,21:48:03,22,17/06/2025,22:13:47
M,46.0,12956,17,17/06/2025,21:19:16,12,17/06/2025,21:47:53
M,44.0,51800,18,17/06/2025,21:23:42,12,17/06/2025,21:35:38
M,47.0,93452,19,17/06/2025,21:59:06,15,17/06/2025,22:10:18
F,18.0,24410,19,17/06/2025,21:21:13,23,17/06/2025,21:34:37
M,48.0,69677,22,17/06/2025,21:55:51,23,17/06/2025,22:17:34
M,16.0,51590,22,17/06/2025,21:05:45,20,17/06/2025,21:23:50
M,21.0,34464,23,17/06/2025,21:03:42,17,17/06/2025,21:34:04
M,49.0,65746,8,17/06/2025,22:33:26,14,17/06/2025,22:51:30
M,32.0,29887,23,17/06/2025,22:01:12,15,17/06/2025,22:14:12
M,57.0,91399,1,17/06/2025,23:40:35,8,17/06/2025,23:48:03
F,35.0,53059,4,17/06/2025,23:14:02,3,17/06/2025,23:31:51
F,26.0,69821,6,17/06/2025,23:00:51,16,17/06/2025,23:03:51
F,31.0,99585,16,17/06/2025,23:32:32,24,17/06/2025,23:40:41
M,32.0,4323,17,17/06/2025,23:59:14,21,18/06/2025,00:02:14
M,37.0,81585,22,17/06/2025,23:53:45,21,18/06/2025,00:13:21
F,21.0,53535,1,18/06/2025,00:26:34,10,18/06/2025,00:43:58
M,16.0,40560,6,18/06/2025,00:41:21,12,18/06/2025,01:02:20
M,34.0,31458,9,18/06/2025,00:16:45,18,18/06/2025,00:28:43
M,45.0,57380,19,18/06/2025,00:55:53,18,18/06/2025,01:18:02
F,24.0,17433,14,18/06/2025,01:44:41,5,18/06/2025,01:56:13
F,34.0,68667,17,18/06/2025,01:43:35,16,18/06/2025,02:11:46
M,28.0,56842,18,18/06/2025,01:46:47,7,18/06/2025,01:57:08
M,42.0,87399,11,18/06/2025,02:31:42,6,18/06/2025,02:40:35
M,17.0,49356,16,18/06/2025,02:21:37,17,18/06/2025,02:35:56
M,29.0,13080,17,18/06/2025,02:04:50,5,18/06/2025,02:07:50
F,42.0,18743,19,18/06/2025,02:55:59,16,18/06/2025,03:12:43
F,43.0,88239,21,18/06/2025,02:59:36,22,18/06/2025,03:29:47
M,27.0,11221,3,18/06/2025,03:32:34,23,18/06/2025,03:53:20
M,16.0,80594,8,18/06/2025,03:37:39,6,18/06/2025,03:42:47
M,30.0,51541,16,18/06/2025,03:33:26,17,18/06/2025,03:47:39
F,40.0,84432,17,18/06/2025,03:04:45,19,18/06/2025,03:07:45
F,32.0,82788,5,18/06/2025,04:39:28,15,18/06/2025,04:52:49
F,35.0,32391,9,18/06/2025,04:14:23,17,18/06/2025,04:28:45
M,41.0,82862,24,18/06/2025,04:32:25,17,18/06/2025,04:48:15
M,30.0,38167,2,18/06/2025,05:27:49,1,18/06/2025,05:30:49
M,23.0,57440,7,18/06/2025,05:34:53,9,18/06/2025,05:43:22
M,23.0,20904,13,18/06/2025,05:18:31,11,18/06/2025,05:36:37
F,29.0,97743,14,18/06/2025,05:57:23,24,18/06/2025,06:18:19
M,40.0,70020,16,18/06/2025,05:33:35,22,18/06/2025,05:44:17
F,45.0,79825,17,18/06/2025,05:48:21,15,18/06/2025,05:55:13
F,41.0,52435,19,18/06/2025,05:12:02,10,18/06/2025,05:21:11
M,54.0,93076,20,18/06/2025,05:15:17,16,18/06/2025,05:25:27
M,29.0,98845,22,18/06/2025,05:58:47,21,18/06/2025,06:01:47
M,27.0,66161,2,18/06/2025,06:43:18,8,18/06/2025,07:07:15
F,39.0,15073,12,18/06/2025,06:47:17,15,18/06/2025,07:04:09
F,59.0,20004,12,18/06/2025,06:26:51,16,18/06/2025,06:46:34
M,38.0,27386,17,18/06/2025,06:02:16,13,18/06/2025,06:19:55
M,38.0,19962,18,18/06/2025,06:19:00,23,18/06/2025,06:34:55
M,44.0,74766,20,18/06/2025,06:53:37,4,18/06/2025,07:05:55
F,31.0,75309,22,18/06/2025,06:40:51,1,18/06/2025,06:54:08
M,37.0,71972,2,18/06/2025,07:44:32,7,18/06/2025,08:00:40
M,39.0,15612,3,18/06/2025,07:00:36,8,18/06/2025,07:15:47
F,24.0,86755,3,18/06/2025,07:29:36,4,18/06/2025,07:38:10
F,28.0,82043,3,18/06/2025,07:26:26,2,18/06/2025,07:34:52
M,32.0,33794,3,18/06/2025,07:24:34,23,18/06/2025,07:27:34
M,16.0,10370,5,18/06/2025,07:34:58,7,18/06/2025,07:52:20
M,18.0,74392,7,18/06/2025,07:26:11,1,18/06/2025,07:54:10
M,26.0,86044,7,18/06/2025,07:17:15,22,18/06/2025,07:29:23
F,33.0,29714,8,18/06/2025,07:08:53,9,18/06/2025,07:30:48
F,45.0,59629,8,18/06/2025,07:16:36,9,18/06/2025,07:41:50
M,35.0,48792,12,18/06/2025,07:06:46,16,18/06/2025,07:13:42
M,31.0,61377,13,18/06/2025,07:00:04,10,18/06/2025,07:08:40
F,55.0,55144,15,18/06/2025,07:22:10,9,18/06/2025,07:35:58
M,26.0,10588,15,18/06/2025,07:21:12,21,18/06/2025,07:40:08
F,16.0,58367,16,18/06/2025,07:33:08,13,18/06/2025,07:43:19
F,18.0,85183,17,18/06/2025,07:50:06,18,18/06/2025,08:03:18
M,16.0,95898,18,18/06/2025,07:52:54,20,18/06/2025,08:06:58
M,33.0,74774,18,18/06/2025,07:09:18,23,18/06/2025,07:24:06
F,21.0,78709,19,18/06/2025,07:56:30,24,18/06/2025,08:15:50
F,30.0,43364,20,18/06/2025,07:34:44,18,18/06/2025,07:37:44
F,48.0,54648,21,18/06/2025,07:39:47,18,18/06/2025,08:03:13
M,46.0,14899,22,18/06/2025,07:58:04,18,18/06/2025,08:02:13
M,26.0,22034,22,18/06/2025,07:10:10,23,18/06/2025,07:18:20
M,42.0,74510,24,18/06/2025,07:23:03,2,18/06/2025,07:36:20
F,35.0,14054,1,18/06/2025,08:24:21,9,18/06/2025,08:41:43
M,40.0,8441,1,18/06/2025,08:16:06,2,18/06/2025,08:22:22
M,36.0,38413,1,18/06/2025,08:09:27,3,18/06/2025,08:22:39
M,30.0,20366,2,18/06/2025,08:50:19,21,18/06/2025,09:09:30
F,31.0,40071,3,18/06/2025,08:31:52,4,18/06/2025,08:42:02
F,40.0,98855,3,18/06/2025,08:03:55,6,18/06/2025,08:20:27
M,27.0,58907,3,18/06/2025,08:40:44,12,18/06/2025,08:51:12
M,33.0,91221,4,18/06/2025,08:21:42,10,18/06/2025,08:30:21
F,30.0,22162,5,18/06/2025,08:15:28,10,18/06/2025,08:36:34
M,38.0,56295,5,18/06/2025,08:24:51,8,18/06/2025,08:32:56
F,26.0,83920,6,18/06/2025,08:23:14,14,18/06/2025,08:29:39
M,38.0,44909,6,18/06/2025,08:58:59,7,18/06/2025,09:06:53
M,46.0,84878,7,18/06/2025,08:38:57,12,18/06/2025,08:55:01
M,29.0,68050,9,18/06/2025,08:00:51,22,18/06/2025,08:14:39
M,48.0,54289,10,18/06/2025,08:19:13,4,18/06/2025,08:26:20
M,36.0,58286,10,18/06/2025,08:09:00,14,18/06/2025,08:18:27
M,38.0,17468,10,18/06/2025,08:49:30,4,18/06/2025,09:08:18
M,27.0,71614,11,18/06/2025,08:01:30,21,18/06/2025,08:04:30
M,29.0,37287,12,18/06/2025,08:05:01,11,18/06/2025,08:13:11
M,33.0,72579,13,18/06/2025,08:51:14,12,18/06/2025,08:56:54
F,34.0,36284,13,18/06/2025,08:56:36,9,18/06/2025,09:07:21
M,29.0,39216,13,18/06/2025,08:24:03,4,18/06/2025,08:32:00
F,43.0,86289,16,18/06/2025,08:18:59,8,18/06/2025,08:27:30
F,36.0,59238,16,18/06/2025,08:13:56,3,18/06/2025,08:17:58
M,26.0,21452,17,18/06/2025,08:36:25,13,18/06/2025,08:41:06
M,53.0,59238,18,18/06/2025,08:45:28,24,18/06/2025,09:01:36
M,32.0,61864,20,18/06/2025,08:45:26,6,18/06/2025,09:10:00
M,16.0,91334,21,18/06/2025,08:02:15,10,18/06/2025,08:12:27
M,48.0,72445,21,18/06/2025,08:44:52,20,18/06/2025,09:03:04
M,16.0,69264,22,18/06/2025,08:50:40,7,18/06/2025,09:01:18
M,27.0,38478,22,18/06/2025,08:59:59,7,18/06/2025,09:15:07
M,27.0,6465,22,18/06/2025,08:15:13,19,18/06/2025,08:18:13
F,26.0,67485,23,18/06/2025,08:41:02,18,18/06/2025,08:53:54
M,39.0,60576,1,18/06/2025,09:09:48,9,18/06/2025,09:31:26
M,34.0,55170,3,18/06/2025,09:00:54,10,18/06/2025,09:19:04
M,40.0,75466,3,18/06/2025,09:23:44,17,18/06/2025,09:41:01
M,23.0,43612,4,18/06/2025,09:57:40,7,18/06/2025,10:09:15
M,41.0,51903,4,18/06/2025,09:30:35,8,18/06/2025,09:48:25
M,39.0,90881,4,18/06/2025,09:31:44,8,18/06/2025,09:34:59
F,38.0,29775,4,18/06/2025,09:48:16,7,18/06/2025,09:51:16
M,29.0,25503,6,18/06/2025,09:15:59,20,18/06/2025,09:21:29
M,30.0,49543,6,18/06/2025,09:54:38,13,18/06/2025,10:10:56
M,19.0,53840,7,18/06/2025,09:41:46,9,18/06/2025,09:52:48
M,57.0,90605,7,18/06/2025,09:02:14,2,18/06/2025,09:22:13
M,23.0,70702,8,18/06/2025,09:53:57,6,18/06/2025,10:11:51
F,32.0,11603,8,18/06/2025,09:35:06,15,18/06/2025,09:54:55
F,16.0,52986,10,18/06/2025,09:41:52,17,18/06/2025,09:50:31
M,33.0,10590,10,18/06/2025,09:34:11,9,18/06/2025,09:41:41
M,16.0,18315,11,18/06/2025,09:00:53,7,18/06/2025,09:09:41
M,31.0,64984,12,18/06/2025,09:24:50,6,18/06/2025,09:51:30
F,29.0,41677,12,18/06/2025,09:53:07,7,18/06/2025,10:06:23
F,28.0,39797,13,18/06/2025,09:24:10,15,18/06/2025,09:30:44
M,26.0,48228,14,18/06/2025,09:29:23,15,18/06/2025,09:36:28
F,26.0,41205,15,18/06/2025,09:15:26,10,18/06/2025,09:34:41
M,25.0,64318,17,18/06/2025,09:45:17,1,18/06/2025,09:58:36
M,37.0,6730,18,18/06/2025,09:36:21,22,18/06/2025,09:55:59
F,24.0,76352,20,18/06/2025,09:41:47,10,18/06/2025,09:59:47
M,16.0,60572,20,18/06/2025,09:05:01,7,18/06/2025,09:23:30
M,39.0,16737,20,18/06/2025,09:42:00,5,18/06/2025,09:52:56
M,43.0,51832,22,18/06/2025,09:02:19,12,18/06/2025,09:15:45
M,17.0,72455,22,18/06/2025,09:43:50,8,18/06/2025,09:55:28
M,29.0,14935,3,18/06/2025,10:15:08,19,18/06/2025,10:36:30
F,37.0,75736,3,18/06/2025,10:12:06,15,18/06/2025,10:22:55
M,52.0,38940,3,18/06/2025,10:33:09,1,18/06/2025,11:04:57
M,24.0,56994,4,18/06/2025,10:18:51,1,18/06/2025,10:25:43
M,44.0,69725,4,18/06/2025,10:53:19,23,18/06/2025,11:14:34
M,40.0,8041,4,18/06/2025,10:11:34,11,18/06/2025,10:24:55
F,30.0,61838,5,18/06/2025,10:14:58,11,18/06/2025,10:28:59
M,44.0,44693,6,18/06/2025,10:29:48,24,18/06/2025,10:42:55
M,44.0,62183,6,18/06/2025,10:42:09,2,18/06/2025,10:58:58
F,42.0,53870,11,18/06/2025,10:37:38,22,18/06/2025,10:52:53
F,42.0,66436,13,18/06/2025,10:47:46,12,18/06/2025,10:59:24
F,43.0,25776,13,18/06/2025,10:53:04,12,18/06/2025,11:03:36
M,24.0,40948,13,18/06/2025,10:03:36,23,18/06/2025,10:08:56
F,23.0,81265,14,18/06/2025,10:35:06,19,18/06/2025,10:56:29
M,17.0,60956,14,18/06/2025,10:01:06,13,18/06/2025,10:08:20
F,27.0,68405,15,18/06/2025,10:37:36,11,18/06/2025,10:52:04
M,40.0,78213,17,18/06/2025,10:20:19,13,18/06/2025,10:30:21
M,18.0,64297,17,18/06/2025,10:29:13,12,18/06/2025,10:46:08
M,26.0,32130,17,18/06/2025,10:39:14,12,18/06/2025,10:54:31
M,21.0,25147,17,18/06/2025,10:30:34,24,18/06/2025,10:35:33
M,27.0,45598,18,18/06/2025,10:12:16,23,18/06/2025,10:37:41
M,32.0,24223,19,18/06/2025,10:38:32,15,18/06/2025,11:07:37
M,27.0,18789,22,18/06/2025,10:15:58,17,18/06/2025,10:23:48
M,31.0,29758,2,18/06/2025,11:43:18,18,18/06/2025,12:03:43
M,31.0,76102,3,18/06/2025,11:14:18,11,18/06/2025,11:39:30
F,36.0,1393,9,18/06/2025,11:59:32,14,18/06/2025,12:07:52
M,27.0,21278,10,18/06/2025,11:52:21,22,18/06/2025,12:20:54
M,41.0,47654,23,18/06/2025,11:37:10,17,18/06/2025,11:53:42
M,22.0,91187,1,18/06/2025,12:37:09,6,18/06/2025,12:54:10
F,25.0,55776,2,18/06/2025,12:33:40,17,18/06/2025,12:36:40
F,52.0,13684,10,18/06/2025,12:16:50,19,18/06/2025,12:26:34
M,40.0,7777,3,18/06/2025,13:57:31,8,18/06/2025,14:22:21
M,19.0,57984,3,18/06/2025,13:51:10,23,18/06/2025,13:56:01
M,25.0,83593,7,18/06/2025,13:10:17,2,18/06/2025,13:28:21
M,29.0,17808,12,18/06/2025,13:34:08,16,18/06/2025,13:42:44
M,51.0,90255,16,18/06/2025,13:18:02,17,18/06/2025,13:21:34
M,19.0,76099,21,18/06/2025,13:26:29,13,18/06/2025,13:42:30
M,28.0,69056,1,18/06/2025,14:06:17,7,18/06/2025,14:11:34
M,37.0,39283,2,18/06/2025,14:50:55,8,18/06/2025,15:02:35
M,34.0,58202,8,18/06/2025,14:00:43,24,18/06/2025,14:12:16
F,54.0,84085,9,18/06/2025,14:04:48,13,18/06/2025,14:07:48
M,23.0,42465,12,18/06/2025,14:04:37,23,18/06/2025,14:20:38
M,25.0,90852,16,18/06/2025,14:43:39,8,18/06/2025,14:53:59
M,28.0,15528,17,18/06/2025,14:56:01,18,18/06/2025,15:08:48
M,33.0,45042,18,18/06/2025,14:25:51,16,18/06/2025,14:40:38
F,25.0,41473,20,18/06/2025,14:12:50,3,18/06/2025,14:34:34
M,38.0,33808,21,18/06/2025,14:30:27,3,18/06/2025,14:36:56
F,29.0,41431,22,18/06/2025,14:15:36,19,18/06/2025,14:32:39
M,16.0,97669,1,18/06/2025,15:12:38,5,18/06/2025,15:15:38
M,38.0,70405,4,18/06/2025,15:31:14,6,18/06/2025,15:54:05
F,31.0,82070,9,18/06/2025,15:49:54,4,18/06/2025,15:58:43
M,29.0,11565,14,18/06/2025,15:55:35,2,18/06/2025,16:15:43
M,44.0,50019,15,18/06/2025,15:31:35,17,18/06/2025,15:34:57
F,43.0,29817,15,18/06/2025,15:35:37,13,18/06/2025,15:47:58
M,27.0,52327,19,18/06/2025,15:36:05,15,18/06/2025,15:53:12
M,16.0,95845,24,18/06/2025,15:10:30,11,18/06/2025,15:34:16
M,35.0,77818,1,18/06/2025,16:00:42,11,18/06/2025,16:03:42
F,35.0,49331,1,18/06/2025,16:58:04,8,18/06/2025,17:11:37
F,16.0,55978,2,18/06/2025,16:56:08,16,18/06/2025,17:08:48
M,45.0,74449,2,18/06/2025,16:46:42,4,18/06/2025,16:50:19
F,35.0,87269,3,18/06/2025,16:25:02,10,18/06/2025,16:28:02
M,50.0,15367,4,18/06/2025,16:56:51,17,18/06/2025,17:02:34
M,20.0,77932,4,18/06/2025,16:32:01,7,18/06/2025,16:43:05
F,44.0,84310,4,18/06/2025,16:17:22,22,18/06/2025,16:28:47
M,34.0,1202,5,18/06/2025,16:28:46,17,18/06/2025,16:47:48
M,56.0,17908,5,18/06/2025,16:58:19,13,18/06/2025,17:14:28
F,36.0,30101,5,18/06/2025,16:58:20,3,18/06/2025,17:02:55
M,36.0,46166,8,18/06/2025,16:25:47,14,18/06/2025,16:38:38
F,42.0,85423,9,18/06/2025,16:39:21,10,18/06/2025,16:50:44
F,37.0,38281,10,18/06/2025,16:00:56,4,18/06/2025,16:10:22
F,39.0,9407,10,18/06/2025,16:09:15,8,18/06/2025,16:28:32
F,22.0,84543,12,18/06/2025,16:56:33,13,18/06/2025,17:20:30
F,16.0,48038,13,18/06/2025,16:10:53,17,18/06/2025,16:28:20
F,36.0,25715,14,18/06/2025,16:09:42,6,18/06/2025,16:23:09
F,29.0,14037,14,18/06/2025,16:17:40,12,18/06/2025,16:34:12
M,36.0,50212,16,18/06/2025,16:35:10,11,18/06/2025,16:51:47
F,35.0,74501,16,18/06/2025,16:34:16,22,18/06/2025,16:46:15
F,40.0,17305,16,18/06/2025,16:31:04,20,18/06/2025,16:37:48
M,50.0,67449,16,18/06/2025,16:47:05,2,18/06/2025,16:50:05
M,17.0,45674,17,18/06/2025,16:43:26,22,18/06/2025,16:54:40
M,16.0,73328,18,18/06/2025,16:19:17,23,18/06/2025,16:24:41
F,32.0,7112,18,18/06/2025,16:31:25,9,18/06/2025,16:39:38
F,37.0,25617,19,18/06/2025,16:48:14,7,18/06/2025,16:52:42
F,35.0,45547,21,18/06/2025,16:35:01,16,18/06/2025,16:52:17
M,30.0,34046,21,18/06/2025,16:27:06,16,18/06/2025,16:34:09
M,35.0,41560,21,18/06/2025,16:57:26,12,18/06/2025,17:04:44
F,25.0,52098,22,18/06/2025,16:57:17,24,18/06/2025,17:23:05
F,33.0,98142,24,18/06/2025,16:43:13,8,18/06/2025,16:46:13
M,26.0,45525,1,18/06/2025,17:38:22,10,18/06/2025,17:49:12
F,36.0,27118,2,18/06/2025,17:13:49,7,18/06/2025,17:28:39
M,34.0,13197,2,18/06/2025,17:58:07,8,18/06/2025,18:10:16
M,43.0,74118,3,18/06/2025,17:31:21,2,18/06/2025,17:48:33
M,22.0,23885,5,18/06/2025,17:23:33,10,18/06/2025,17:34:06
M,39.0,53977,5,18/06/2025,17:16:26,18,18/06/2025,17:31:28
M,28.0,22971,6,18/06/2025,17:21:52,17,18/06/2025,17:36:11
F,32.0,18983,7,18/06/2025,17:12:31,2,18/06/2025,17:26:05
M,39.0,14040,8,18/06/2025,17:01:19,14,18/06/2025,17:13:26
F,16.0,6414,8,18/06/2025,17:23:33,9,18/06/2025,17:36:17
M,36.0,95008,9,18/06/2025,17:47:24,21,18/06/2025,17:50:24
F,27.0,60211,9,18/06/2025,17:11:12,22,18/06/2025,17:26:43
F,42.0,95113,9,18/06/2025,17:14:16,15,18/06/2025,17:36:37
F,45.0,71915,9,18/06/2025,17:14:20,4,18/06/2025,17:28:56
F,39.0,72327,10,18/06/2025,17:48:58,15,18/06/2025,18:04:06
M,29.0,38358,10,18/06/2025,17:11:51,9,18/06/2025,17:22:55
M,37.0,3461,11,18/06/2025,17:00:02,12,18/06/2025,17:12:04
M,42.0,76612,13,18/06/2025,17:05:37,4,18/06/2025,17:15:05
M,29.0,4879,15,18/06/2025,17:03:28,7,18/06/2025,17:16:45
M,41.0,65509,15,18/06/2025,17:56:52,20,18/06/2025,18:13:23
M,39.0,45397,16,18/06/2025,17:28:54,6,18/06/2025,17:48:57
M,28.0,21723,18,18/06/2025,17:14:09,23,18/06/2025,17:26:41
M,18.0,7303,18,18/06/2025,17:32:24,13,18/06/2025,17:43:41
M,43.0,68879,18,18/06/2025,17:12:53,13,18/06/2025,17:25:04
M,40.0,50674,20,18/06/2025,17:42:23,2,18/06/2025,17:55:14
M,48.0,47955,21,18/06/2025,17:10:04,14,18/06/2025,17:23:51
M,28.0,77831,21,18/06/2025,17:56:21,9,18/06/2025,18:11:45
F,23.0,64059,21,18/06/2025,17:51:16,17,18/06/2025,18:23:21
M,51.0,50545,24,18/06/2025,17:41:07,15,18/06/2025,18:03:00
M,27.0,46809,2,18/06/2025,18:49:34,3,18/06/2025,19:10:58
M,49.0,13790,3,18/06/2025,18:46:20,4,18/06/2025,18:59:43
M,29.0,49261,3,18/06/2025,18:35:21,13,18/06/2025,18:44:35
M,63.0,61910,3,18/06/2025,18:48:39,11,18/06/2025,19:17:51
M,46.0,8590,4,18/06/2025,18:53:55,19,18/06/2025,19:07:58
M,29.0,70526,4,18/06/2025,18:21:28,23,18/06/2025,18:35:45
M,35.0,87733,4,18/06/2025,18:41:08,11,18/06/2025,18:53:32
F,30.0,76964,5,18/06/2025,18:07:56,4,18/06/2025,18:16:12
M,26.0,54086,5,18/06/2025,18:15:21,10,18/06/2025,18:30:28
F,36.0,10851,5,18/06/2025,18:37:02,9,18/06/2025,18:55:59
F,24.0,35098,6,18/06/2025,18:57:44,1,18/06/2025,19:06:40
F,29.0,66811,6,18/06/2025,18:38:33,11,18/06/2025,18:54:36
F,33.0,3045,6,18/06/2025,18:57:22,12,18/06/2025,19:04:09
M,34.0,61090,6,18/06/2025,18:31:47,19,18/06/2025,18:49:54
F,27.0,86817,7,18/06/2025,18:04:03,10,18/06/2025,18:21:39
M,20.0,20008,7,18/06/2025,18:08:36,2,18/06/2025,18:38:09
F,36.0,13417,8,18/06/2025,18:56:47,14,18/06/2025,19:17:25
M,37.0,33456,8,18/06/2025,18:18:06,18,18/06/2025,18:27:02
F,31.0,26637,9,18/06/2025,18:36:20,1,18/06/2025,18:50:10
M,16.0,12267,10,18/06/2025,18:39:27,5,18/06/2025,18:47:23
M,45.0,74100,10,18/06/2025,18:49:11,6,18/06/2025,19:04:12
M,40.0,35716,10,18/06/2025,18:11:14,24,18/06/2025,18:32:08
F,39.0,66393,11,18/06/2025,18:54:28,22,18/06/2025,19:22:42
M,35.0,72268,12,18/06/2025,18:05:21,14,18/06/2025,18:08:50
M,38.0,56062,13,18/06/2025,18:36:58,3,18/06/2025,18:47:21
F,32.0,25770,14,18/06/2025,18:51:02,20,18/06/2025,19:06:29
F,27.0,38763,14,18/06/2025,18:04:37,8,18/06/2025,18:10:21
M,35.0,82445,15,18/06/2025,18:49:59,19,18/06/2025,18:52:59
F,42.0,35475,15,18/06/2025,18:44:17,20,18/06/2025,19:07:09
M,24.0,21127,16,18/06/2025,18:28:37,17,18/06/2025,18:55:54
M,27.0,81893,16,18/06/2025,18:21:35,17,18/06/2025,18:34:49
F,25.0,50652,16,18/06/2025,18:55:39,11,18/06/2025,19:09:47
M,19.0,97533,17,18/06/2025,18:50:09,16,18/06/2025,18:59:17
F,26.0,60997,17,18/06/2025,18:30:44,7,18/06/2025,18:46:05
M,40.0,35193,18,18/06/2025,18:04:05,5,18/06/2025,18:20:39
F,51.0,27615,18,18/06/2025,18:29:20,9,18/06/2025,18:41:07
M,42.0,19154,18,18/06/2025,18:35:56,13,18/06/2025,18:50:37
M,38.0,15693,18,18/06/2025,18:02:49,12,18/06/2025,18:13:39
M,26.0,56609,19,18/06/2025,18:30:10,9,18/06/2025,18:48:45
M,39.0,8508,19,18/06/2025,18:03:09,10,18/06/2025,18:12:13
F,39.0,93774,20,18/06/2025,18:27:42,19,18/06/2025,18:44:12
M,33.0,3124,21,18/06/2025,18:10:58,19,18/06/2025,18:33:48
M,28.0,49706,21,18/06/2025,18:35:11,4,18/06/2025,18:42:43
M,25.0,77738,21,18/06/2025,18:59:57,12,18/06/2025,19:14:36
M,38.0,64334,21,18/06/2025,18:35:53,24,18/06/2025,18:52:07
M,47.0,86384,21,18/06/2025,18:08:00,22,18/06/2025,18:27:20
M,41.0,58946,21,18/06/2025,18:26:01,23,18/06/2025,18:36:38
F,40.0,71337,24,18/06/2025,18:58:57,15,18/06/2025,19:10:18
F,31.0,84969,1,18/06/2025,19:49:31,16,18/06/2025,20:03:16
M,27.0,62535,2,18/06/2025,19:32:12,22,18/06/2025,19:56:10
M,50.0,19090,2,18/06/2025,19:30:55,12,18/06/2025,19:44:50
M,35.0,15495,2,18/06/2025,19:05:03,3,18/06/2025,19:16:14
F,37.0,74949,2,18/06/2025,19:29:33,15,18/06/2025,19:36:04
M,16.0,11120,2,18/06/2025,19:05:34,1,18/06/2025,19:17:22
F,30.0,46821,2,18/06/2025,19:29:45,7,18/06/2025,19:40:54
M,45.0,63349,4,18/06/2025,19:09:16,12,18/06/2025,19:19:37
M,31.0,62072,4,18/06/2025,19:35:07,12,18/06/2025,19:40:51
M,27.0,36202,5,18/06/2025,19:02:55,24,18/06/2025,19:22:27
M,28.0,42712,5,18/06/2025,19:22:07,14,18/06/2025,19:36:16
F,32.0,74571,5,18/06/2025,19:38:40,13,18/06/2025,19:57:35
M,34.0,78300,6,18/06/2025,19:15:19,5,18/06/2025,19:40:50
F,30.0,7778,7,18/06/2025,19:57:54,16,18/06/2025,20:15:14
M,39.0,36675,8,18/06/2025,19:26:48,6,18/06/2025,19:33:07
F,55.0,27319,8,18/06/2025,19:24:39,10,18/06/2025,19:40:09
M,21.0,81348,8,18/06/2025,19:48:54,2,18/06/2025,19:55:36
M,32.0,23697,9,18/06/2025,19:15:09,3,18/06/2025,19:28:05
M,55.0,23747,9,18/06/2025,19:40:09,5,18/06/2025,19:59:07
M,41.0,48225,9,18/06/2025,19:30:26,4,18/06/2025,19:42:42
F,43.0,58009,10,18/06/2025,19:37:11,18,18/06/2025,19:40:11
M,36.0,79400,11,18/06/2025,19:18:56,5,18/06/2025,19:26:06
M,22.0,73212,11,18/06/2025,19:23:08,7,18/06/2025,19:42:45
M,37.0,58839,11,18/06/2025,19:42:29,16,18/06/2025,19:47:29
M,27.0,22812,12,18/06/2025,19:31:21,13,18/06/2025,20:05:27
F,29.0,72334,14,18/06/2025,19:01:55,12,18/06/2025,19:19:06
M,39.0,35337,14,18/06/2025,19:43:52,5,18/06/2025,20:01:44
M,37.0,27068,14,18/06/2025,19:28:46,20,18/06/2025,19:41:32
F,48.0,1428,16,18/06/2025,19:08:29,1,18/06/2025,19:19:01
M,32.0,23521,16,18/06/2025,19:33:33,11,18/06/2025,19:54:09
M,32.0,11232,17,18/06/2025,19:05:42,6,18/06/2025,19:17:56
M,26.0,50968,17,18/06/2025,19:18:23,18,18/06/2025,19:35:54
F,46.0,86509,17,18/06/2025,19:06:07,16,18/06/2025,19:35:29
M,45.0,87979,17,18/06/2025,19:40:17,23,18/06/2025,19:49:07
F,51.0,87828,17,18/06/2025,19:27:06,13,18/06/2025,19:36:52
M,35.0,48434,18,18/06/2025,19:21:04,19,18/06/2025,19:32:07
F,34.0,21851,20,18/06/2025,19:03:03,19,18/06/2025,19:16:10
M,33.0,87897,20,18/06/2025,19:53:50,19,18/06/2025,20:05:57
M,30.0,81142,20,18/06/2025,19:43:23,11,18/06/2025,19:50:03
M,50.0,82681,21,18/06/2025,19:28:37,23,18/06/2025,19:45:34
F,54.0,27659,22,18/06/2025,19:27:48,24,18/06/2025,19:30:48
F,46.0,66284,22,18/06/2025,19:28:50,23,18/06/2025,19:39:54
M,33.0,22045,23,18/06/2025,19:22:15,9,18/06/2025,19:27:53
F,26.0,18750,23,18/06/2025,19:26:32,7,18/06/2025,19:40:31
M,37.0,5995,1,18/06/2025,20:06:25,18,18/06/2025,20:19:38
M,21.0,81279,2,18/06/2025,20:53:45,13,18/06/2025,21:03:26
F,47.0,84687,2,18/06/2025,20:45:09,20,18/06/2025,20:59:27
F,24.0,11524,2,18/06/2025,20:40:30,1,18/06/2025,20:53:56
M,31.0,73128,6,18/06/2025,20:22:58,17,18/06/2025,20:44:02
F,34.0,62508,6,18/06/2025,20:59:50,12,18/06/2025,21:14:02
F,47.0,37648,8,18/06/2025,20:15:55,20,18/06/2025,20:31:42
M,30.0,76173,9,18/06/2025,20:51:34,3,18/06/2025,21:03:40
M,36.0,4401,10,18/06/2025,20:38:48,22,18/06/2025,20:50:12
M,48.0,78192,11,18/06/2025,20:43:12,1,18/06/2025,21:01:44
M,43.0,55134,12,18/06/2025,20:19:38,1,18/06/2025,20:40:20
F,26.0,27905,16,18/06/2025,20:28:53,1,18/06/2025,20:47:03
M,27.0,77463,17,18/06/2025,20:34:48,22,18/06/2025,20:51:05
M,47.0,39489,18,18/06/2025,20:19:24,12,18/06/2025,20:35:32
F,24.0,62939,18,18/06/2025,20:36:34,20,18/06/2025,20:56:17
M,30.0,76115,19,18/06/2025,20:05:48,12,18/06/2025,20:32:20
F,35.0,96303,19,18/06/2025,20:24:22,17,18/06/2025,20:32:35
M,31.0,89390,19,18/06/2025,20:43:35,18,18/06/2025,20:52:23
M,38.0,13065,21,18/06/2025,20:20:31,17,18/06/2025,20:34:53
M,42.0,55032,21,18/06/2025,20:17:25,22,18/06/2025,20:22:41
F,34.0,46160,22,18/06/2025,20:24:06,16,18/06/2025,20:39:11
M,32.0,2805,1,18/06/2025,21:26:25,7,18/06/2025,21:47:04
F,38.0,63442,1,18/06/2025,21:43:39,2,18/06/2025,21:56:52
M,47.0,20421,3,18/06/2025,21:15:33,11,18/06/2025,21:32:35
F,28.0,85030,3,18/06/2025,21:13:15,17,18/06/2025,21:30:08
M,34.0,19219,7,18/06/2025,21:11:25,21,18/06/2025,21:29:04
F,46.0,40662,10,18/06/2025,21:30:48,24,18/06/2025,21:55:51
M,47.0,49088,12,18/06/2025,21:14:27,11,18/06/2025,21:30:20
M,45.0,66293,15,18/06/2025,21:59:31,12,18/06/2025,22:26:54
F,35.0,40301,20,18/06/2025,21:50:09,24,18/06/2025,22:02:24
M,26.0,2246,20,18/06/2025,21:51:46,18,18/06/2025,22:11:48
M,63.0,3794,21,18/06/2025,21:20:42,12,18/06/2025,21:41:56
M,41.0,31791,4,18/06/2025,22:08:46,2,18/06/2025,22:19:07
F,38.0,57224,9,18/06/2025,22:50:29,24,18/06/2025,23:04:19
M,32.0,67743,13,18/06/2025,22:45:06,24,18/06/2025,23:01:55
M,19.0,25186,19,18/06/2025,22:14:21,15,18/06/2025,22:40:50
M,43.0,67320,23,18/06/2025,22:49:46,20,18/06/2025,23:06:26
M,51.0,22600,2,18/06/2025,23:07:29,4,18/06/2025,23:18:13
M,19.0,5275,8,18/06/2025,23:16:43,7,18/06/2025,23:22:41
M,30.0,6213,10,18/06/2025,23:47:23,23,18/06/2025,23:53:36
M,36.0,52197,10,18/06/2025,23:48:24,22,19/06/2025,00:07:18
M,32.0,95583,17,18/06/2025,23:23:06,20,18/06/2025,23:40:53
M,35.0,52369,19,18/06/2025,23:24:18,1,18/06/2025,23:35:52
M,47.0,98365,19,18/06/2025,23:44:03,14,18/06/2025,23:48:59
M,35.0,91785,20,18/06/2025,23:10:04,8,18/06/2025,23:44:22
M,21.0,63832,4,19/06/2025,00:35:41,6,19/06/2025,01:15:47
F,32.0,88650,10,19/06/2025,00:43:38,21,19/06/2025,01:10:02
M,43.0,87950,11,19/06/2025,00:56:13,23,19/06/2025,01:06:11
F,43.0,72293,18,19/06/2025,00:11:27,13,19/06/2025,00:32:32
F,34.0,52143,22,19/06/2025,00:43:27,8,19/06/2025,01:15:43
F,37.0,40177,1,19/06/2025,01:15:43,7,19/06/2025,01:24:21
F,33.0,74715,1,19/06/2025,01:16:28,2,19/06/2025,01:26:06
M,35.0,25384,2,19/06/2025,01:48:23,3,19/06/2025,01:59:44
F,17.0,92533,15,19/06/2025,01:21:28,5,19/06/2025,01:37:25
M,47.0,30245,5,19/06/2025,02:14:24,6,19/06/2025,02:30:24
M,31.0,90543,6,19/06/2025,02:42:08,16,19/06/2025,03:01:49
F,39.0,32862,13,19/06/2025,02:02:00,12,19/06/2025,02:15:45
M,31.0,81152,19,19/06/2025,02:33:27,24,19/06/2025,02:36:27
M,29.0,50331,1,19/06/2025,03:24:18,3,19/06/2025,03:43:38
M,37.0,48678,11,19/06/2025,03:55:53,24,19/06/2025,04:04:37
M,18.0,54836,11,19/06/2025,03:28:25,23,19/06/2025,03:32:02
F,34.0,35641,15,19/06/2025,03:06:54,10,19/06/2025,03:28:02
F,36.0,65589,17,19/06/2025,03:07:39,12,19/06/2025,03:14:51
F,51.0,50868,21,19/06/2025,03:53:36,16,19/06/2025,04:09:05
M,42.0,1695,11,19/06/2025,04:53:50,5,19/06/2025,05:08:45
M,34.0,83303,18,19/06/2025,04:54:38,20,19/06/2025,05:09:22
M,30.0,74566,1,19/06/2025,05:34:31,12,19/06/2025,05:47:07
M,17.0,68058,2,19/06/2025,05:08:35,7,19/06/2025,05:28:25
F,33.0,67753,4,19/06/2025,05:04:53,16,19/06/2025,05:07:53
M,19.0,66729,10,19/06/2025,05:07:47,1,19/06/2025,05:20:58
M,48.0,61144,10,19/06/2025,05:02:19,19,19/06/2025,05:14:59
F,38.0,40035,12,19/06/2025,05:48:12,23,19/06/2025,06:04:24
F,31.0,9460,18,19/06/2025,05:35:53,17,19/06/2025,05:38:53
M,16.0,70263,18,19/06/2025,05:33:02,10,19/06/2025,06:02:50
M,28.0,13511,18,19/06/2025,05:40:14,17,19/06/2025,06:01:19
M,36.0,73080,20,19/06/2025,05:58:10,7,19/06/2025,06:26:04
F,24.0,36081,2,19/06/2025,06:15:39,1,19/06/2025,06:29:35
M,16.0,12727,3,19/06/2025,06:17:25,11,19/06/2025,06:35:21
M,44.0,14239,3,19/06/2025,06:20:54,8,19/06/2025,06:38:48
F,35.0,34899,4,19/06/2025,06:43:16,11,19/06/2025,06:59:51
F,51.0,40932,4,19/06/2025,06:44:14,3,19/06/2025,07:09:24
M,41.0,39808,6,19/06/2025,06:12:38,3,19/06/2025,06:26:16
F,38.0,65471,7,19/06/2025,06:38:42,3,19/06/2025,06:48:15
M,32.0,69703,9,19/06/2025,06:50:24,8,19/06/2025,07:08:22
M,28.0,53976,10,19/06/2025,06:59:58,6,19/06/2025,07:10:00
F,41.0,4661,11,19/06/2025,06:13:25,6,19/06/2025,06:20:18
M,34.0,44963,11,19/06/2025,06:03:27,16,19/06/2025,06:15:06
M,38.0,2597,15,19/06/2025,06:21:05,9,19/06/2025,06:37:32
M,30.0,22778,15,19/06/2025,06:38:30,20,19/06/2025,06:41:30
M,21.0,39499,16,19/06/2025,06:26:29,24,19/06/2025,06:46:22
M,23.0,14593,16,19/06/2025,06:10:32,5,19/06/2025,06:25:59
F,55.0,63550,17,19/06/2025,06:19:03,12,19/06/2025,06:46:29
M,30.0,38400,18,19/06/2025,06:04:09,6,19/06/2025,06:12:20
M,26.0,29112,18,19/06/2025,06:44:02,23,19/06/2025,06:57:29
F,23.0,61761,18,19/06/2025,06:56:37,10,19/06/2025,07:15:30
F,45.0,57240,19,19/06/2025,06:02:29,15,19/06/2025,06:23:23
M,27.0,84487,21,19/06/2025,06:11:27,22,19/06/2025,06:36:14
F,28.0,61197,1,19/06/2025,07:58:57,24,19/06/2025,08:10:16
F,48.0,5747,1,19/06/2025,07:13:57,15,19/06/2025,07:16:57
F,30.0,40465,2,19/06/2025,07:57:34,7,19/06/2025,08:13:34
F,39.0,47228,3,19/06/2025,07:28:21,4,19/06/2025,07:43:02
F,57.0,52051,4,19/06/2025,07:44:45,19,19/06/2025,07:53:17
M,41.0,50871,4,19/06/2025,07:51:48,3,19/06/2025,08:01:29
M,49.0,53837,4,19/06/2025,07:58:33,8,19/06/2025,08:04:49
F,34.0,5007,5,19/06/2025,07:50:49,10,19/06/2025,08:11:26
M,29.0,48055,6,19/06/2025,07:03:26,5,19/06/2025,07:19:13
M,35.0,78538,6,19/06/2025,07:37:02,8,19/06/2025,07:52:31
M,40.0,61079,7,19/06/2025,07:04:05,4,19/06/2025,07:08:18
F,45.0,97809,8,19/06/2025,07:31:02,10,19/06/2025,07:36:13
M,23.0,37421,10,19/06/2025,07:29:09,5,19/06/2025,07:48:40
F,41.0,73078,15,19/06/2025,07:41:22,23,19/06/2025,08:10:35
M,23.0,68411,16,19/06/2025,07:59:29,11,19/06/2025,08:18:53
M,35.0,64299,17,19/06/2025,07:17:59,21,19/06/2025,07:25:00
M,49.0,70583,17,19/06/2025,07:38:25,20,19/06/2025,07:41:53
F,42.0,96599,18,19/06/2025,07:00:20,17,19/06/2025,07:03:20
M,35.0,26780,19,19/06/2025,07:24:10,7,19/06/2025,07:53:15
M,32.0,45212,20,19/06/2025,07:44:26,18,19/06/2025,07:52:57
M,28.0,87312,23,19/06/2025,07:03:04,7,19/06/2025,07:13:54
M,27.0,71589,23,19/06/2025,07:06:12,6,19/06/2025,07:19:18
M,33.0,32146,1,19/06/2025,08:05:27,5,19/06/2025,08:20:04
M,30.0,93929,2,19/06/2025,08:55:36,3,19/06/2025,09:10:39
F,37.0,26075,3,19/06/2025,08:16:44,4,19/06/2025,08:26:50
F,43.0,79857,4,19/06/2025,08:04:19,12,19/06/2025,08:30:58
F,43.0,5422,4,19/06/2025,08:02:03,18,19/06/2025,08:14:22
F,37.0,17551,4,19/06/2025,08:03:56,3,19/06/2025,08:13:26
F,33.0,51443,5,19/06/2025,08:26:41,17,19/06/2025,08:34:49
M,44.0,55062,5,19/06/2025,08:41:16,3,19/06/2025,09:00:57
M,50.0,38304,5,19/06/2025,08:26:09,8,19/06/2025,08:39:22
M,41.0,94904,6,19/06/2025,08:42:00,11,19/06/2025,08:55:07
M,40.0,62336,8,19/06/2025,08:18:36,4,19/06/2025,08:31:50
M,31.0,83798,9,19/06/2025,08:13:01,14,19/06/2025,08:20:54
M,16.0,44800,14,19/06/2025,08:30:48,15,19/06/2025,08:42:39
F,20.0,58658,14,19/06/2025,08:02:06,1,19/06/2025,08:09:41
F,34.0,27167,15,19/06/2025,08:32:02,9,19/06/2025,08:54:45
M,29.0,89542,16,19/06/2025,08:12:14,17,19/06/2025,08:15:14
F,30.0,97034,17,19/06/2025,08:13:45,21,19/06/2025,08:31:32
M,43.0,73506,17,19/06/2025,08:54:13,19,19/06/2025,09:07:10
M,47.0,5717,17,19/06/2025,08:15:37,22,19/06/2025,08:32:49
M,47.0,62649,17,19/06/2025,08:13:46,4,19/06/2025,08:23:57
F,53.0,4250,18,19/06/2025,08:50:43,13,19/06/2025,09:12:58
F,42.0,21393,19,19/06/2025,08:43:22,23,19/06/2025,08:56:11
M,38.0,42737,19,19/06/2025,08:27:03,11,19/06/2025,08:49:00
F,18.0,61678,20,19/06/2025,08:14:11,4,19/06/2025,08:30:55
M,29.0,48083,20,19/06/2025,08:21:02,6,19/06/2025,08:30:34
F,43.0,99247,24,19/06/2025,08:06:46,13,19/06/2025,08:15:31
M,32.0,85836,1,19/06/2025,09:41:54,22,19/06/2025,09:48:44
M,23.0,21650,2,19/06/2025,09:52:33,15,19/06/2025,09:55:33
F,26.0,31734,2,19/06/2025,09:01:00,6,19/06/2025,09:13:18
M,40.0,17912,2,19/06/2025,09:34:41,4,19/06/2025,09:46:12
M,32.0,83709,4,19/06/2025,09:32:34,15,19/06/2025,09:51:22
M,21.0,48328,5,19/06/2025,09:40:24,19,19/06/2025,10:00:29
M,34.0,31839,6,19/06/2025,09:11:29,22,19/06/2025,09:33:52
M,29.0,60285,7,19/06/2025,09:16:35,9,19/06/2025,09:36:33
M,23.0,76736,8,19/06/2025,09:26:50,24,19/06/2025,09:42:13
M,19.0,62797,8,19/06/2025,09:50:46,7,19/06/2025,10:01:55
F,42.0,6604,10,19/06/2025,09:37:53,15,19/06/2025,09:51:11
F,22.0,87288,10,19/06/2025,09:41:02,15,19/06/2025,09:44:39
F,34.0,35147,10,19/06/2025,09:33:52,15,19/06/2025,09:41:15
M,22.0,50264,11,19/06/2025,09:33:40,19,19/06/2025,09:56:07
M,55.0,95601,11,19/06/2025,09:38:33,9,19/06/2025,09:59:00
F,40.0,61388,11,19/06/2025,09:35:55,17,19/06/2025,09:55:01
F,48.0,58844,14,19/06/2025,09:59:49,10,19/06/2025,10:14:53
M,37.0,22034,14,19/06/2025,09:09:22,9,19/06/2025,09:23:23
F,19.0,18158,14,19/06/2025,09:03:12,3,19/06/2025,09:35:12
M,45.0,65492,14,19/06/2025,09:36:46,16,19/06/2025,09:55:14
F,30.0,78130,15,19/06/2025,09:07:13,19,19/06/2025,09:17:47
F,39.0,81183,15,19/06/2025,09:11:33,14,19/06/2025,09:24:32
M,44.0,72492,16,19/06/2025,09:06:56,17,19/06/2025,09:12:06
M,33.0,71864,17,19/06/2025,09:27:58,16,19/06/2025,09:43:00
M,47.0,39026,18,19/06/2025,09:30:33,24,19/06/2025,09:54:20
M,40.0,70741,21,19/06/2025,09:17:27,12,19/06/2025,09:31:27
M,50.0,45192,21,19/06/2025,09:15:36,18,19/06/2025,09:49:58
M,51.0,9734,22,19/06/2025,09:24:40,24,19/06/2025,09:46:35
M,25.0,3587,22,19/06/2025,09:00:21,15,19/06/2025,09:06:18
F,36.0,85865,22,19/06/2025,09:15:47,17,19/06/2025,09:35:13
M,16.0,42635,23,19/06/2025,09:13:00,20,19/06/2025,09:26:51
M,37.0,44351,24,19/06/2025,09:20:17,16,19/06/2025,09:32:50
F,40.0,82966,2,19/06/2025,10:15:11,4,19/06/2025,10:18:11
M,50.0,43266,7,19/06/2025,10:18:04,20,19/06/2025,10:30:23
M,46.0,55366,7,19/06/2025,10:24:34,15,19/06/2025,10:39:20
M,39.0,59676,10,19/06/2025,10:02:28,20,19/06/2025,10:17:39
F,22.0,25768,11,19/06/2025,10:54:45,9,19/06/2025,11:05:33
M,38.0,26037,12,19/06/2025,10:12:09,3,19/06/2025,10:26:00
M,37.0,16785,12,19/06/2025,10:09:47,9,19/06/2025,10:34:29
M,54.0,1005,18,19/06/2025,10:47:38,21,19/06/2025,11:11:44
F,21.0,83822,19,19/06/2025,10:42:45,21,19/06/2025,10:45:45
M,57.0,1676,19,19/06/2025,10:18:12,2,19/06/2025,10:34:41
M,40.0,47675,21,19/06/2025,10:40:58,24,19/06/2025,11:04:00
M,56.0,85503,21,19/06/2025,10:02:56,7,19/06/2025,10:15:21
M,28.0,85616,22,19/06/2025,10:48:06,18,19/06/2025,11:00:58
M,42.0,9540,22,19/06/2025,10:37:10,11,19/06/2025,10:44:52
F,36.0,88309,22,19/06/2025,10:07:42,7,19/06/2025,10:10:42
F,29.0,75172,24,19/06/2025,10:55:40,23,19/06/2025,11:25:23
F,30.0,33405,24,19/06/2025,10:58:11,8,19/06/2025,11:13:11
M,44.0,99384,2,19/06/2025,11:25:42,1,19/06/2025,11:38:37
F,25.0,80750,2,19/06/2025,11:51:05,23,19/06/2025,12:05:40
M,42.0,21323,3,19/06/2025,11:39:09,8,19/06/2025,11:49:27
F,23.0,74711,5,19/06/2025,11:07:24,2,19/06/2025,11:20:24
F,43.0,62677,5,19/06/2025,11:42:18,24,19/06/2025,11:58:22
M,51.0,39348,5,19/06/2025,11:32:58,4,19/06/2025,11:53:14
M,30.0,6980,6,19/06/2025,11:04:49,19,19/06/2025,11:27:20
F,16.0,77896,6,19/06/2025,11:39:01,24,19/06/2025,11:52:28
M,35.0,80465,17,19/06/2025,11:00:08,11,19/06/2025,11:08:07
F,42.0,73778,18,19/06/2025,11:17:36,4,19/06/2025,11:31:30
F,19.0,14831,2,19/06/2025,12:47:27,6,19/06/2025,12:52:25
M,35.0,39587,4,19/06/2025,12:11:57,18,19/06/2025,12:28:59
M,36.0,95563,11,19/06/2025,12:43:07,6,19/06/2025,12:57:41
M,17.0,67277,14,19/06/2025,12:35:16,15,19/06/2025,12:55:02
M,55.0,85853,18,19/06/2025,12:42:04,15,19/06/2025,12:59:15
M,31.0,37783,8,19/06/2025,13:44:17,23,19/06/2025,14:05:01
M,50.0,43456,18,19/06/2025,13:53:48,13,19/06/2025,13:59:47
F,23.0,47121,21,19/06/2025,13:48:07,16,19/06/2025,13:51:08
M,28.0,58380,3,19/06/2025,14:54:22,13,19/06/2025,15:11:02
M,48.0,91565,3,19/06/2025,14:28:00,18,19/06/2025,14:42:54
F,59.0,24804,12,19/06/2025,14:00:41,9,19/06/2025,14:20:07
M,29.0,9024,2,19/06/2025,15:33:54,17,19/06/2025,15:51:31
F,46.0,82870,7,19/06/2025,15:03:42,11,19/06/2025,15:29:57
F,33.0,87390,11,19/06/2025,15:45:40,12,19/06/2025,15:56:33
M,32.0,39986,21,19/06/2025,15:44:32,22,19/06/2025,15:56:17
M,53.0,30768,2,19/06/2025,16:59:19,16,19/06/2025,17:16:19
M,16.0,87524,4,19/06/2025,16:55:12,9,19/06/2025,17:07:05
F,42.0,45116,7,19/06/2025,16:58:43,12,19/06/2025,17:07:44
M,16.0,85067,9,19/06/2025,16:06:47,5,19/06/2025,16:18:07
M,22.0,44984,12,19/06/2025,16:56:03,13,19/06/2025,17:08:24
M,41.0,23114,15,19/06/2025,16:39:20,5,19/06/2025,16:55:46
M,30.0,19327,16,19/06/2025,16:25:38,8,19/06/2025,16:36:04
M,25.0,89530,18,19/06/2025,16:45:32,16,19/06/2025,16:54:56
M,23.0,46811,18,19/06/2025,16:39:02,14,19/06/2025,16:46:32
M,17.0,33445,18,19/06/2025,16:55:40,10,19/06/2025,17:12:57
F,36.0,37071,19,19/06/2025,16:37:21,15,19/06/2025,16:46:56
M,28.0,60357,19,19/06/2025,16:01:36,13,19/06/2025,16:13:51
M,45.0,88083,20,19/06/2025,16:09:58,9,19/06/2025,16:26:18
M,49.0,5151,21,19/06/2025,16:24:18,19,19/06/2025,16:43:24
M,32.0,86198,22,19/06/2025,16:54:02,13,19/06/2025,17:08:04
M,30.0,13917,23,19/06/2025,16:49:04,21,19/06/2025,17:09:25
M,40.0,36905,1,19/06/2025,17:15:55,17,19/06/2025,17:37:28
M,18.0,29233,1,19/06/2025,17:17:33,3,19/06/2025,17:21:10
M,52.0,78211,2,19/06/2025,17:01:38,17,19/06/2025,17:04:38
F,31.0,41748,2,19/06/2025,17:26:05,18,19/06/2025,17:46:57
M,29.0,11694,2,19/06/2025,17:11:28,10,19/06/2025,17:23:30
M,41.0,28276,2,19/06/2025,17:57:43,16,19/06/2025,18:04:35
M,28.0,69219,3,19/06/2025,17:34:32,4,19/06/2025,17:53:03
F,39.0,91980,4,19/06/2025,17:37:08,13,19/06/2025,17:50:25
F,49.0,66763,4,19/06/2025,17:34:30,8,19/06/2025,17:43:44
F,29.0,51559,4,19/06/2025,17:16:55,5,19/06/2025,17:33:31
M,16.0,45243,4,19/06/2025,17:33:19,7,19/06/2025,17:48:37
M,30.0,26423,6,19/06/2025,17:37:16,21,19/06/2025,17:42:54
M,35.0,63718,6,19/06/2025,17:10:14,2,19/06/2025,17:23:36
M,25.0,50873,7,19/06/2025,17:05:43,13,19/06/2025,17:20:26
M,44.0,19504,8,19/06/2025,17:03:52,23,19/06/2025,17:21:18
M,40.0,53980,8,19/06/2025,17:08:48,9,19/06/2025,17:20:25
M,24.0,40985,11,19/06/2025,17:46:44,19,19/06/2025,17:56:15
M,42.0,95894,12,19/06/2025,17:04:35,15,19/06/2025,17:19:24
M,34.0,20999,14,19/06/2025,17:12:47,22,19/06/2025,17:30:10
M,32.0,26697,14,19/06/2025,17:38:31,4,19/06/2025,17:43:46
F,18.0,53371,15,19/06/2025,17:28:04,18,19/06/2025,18:03:16
F,35.0,73844,15,19/06/2025,17:58:06,13,19/06/2025,18:26:51
M,35.0,91463,17,19/06/2025,17:58:56,22,19/06/2025,18:15:44
M,25.0,14238,17,19/06/2025,17:18:03,10,19/06/2025,17:26:34
F,35.0,67080,17,19/06/2025,17:20:01,24,19/06/2025,17:33:41
M,23.0,86833,18,19/06/2025,17:28:55,24,19/06/2025,17:41:49
M,33.0,8260,19,19/06/2025,17:31:49,24,19/06/2025,17:45:37
F,34.0,26308,20,19/06/2025,17:48:42,14,19/06/2025,17:59:03
F,25.0,11721,20,19/06/2025,17:42:37,3,19/06/2025,17:52:07
M,29.0,7441,20,19/06/2025,17:00:00,22,19/06/2025,17:14:56
M,37.0,2833,20,19/06/2025,17:42:56,21,19/06/2025,17:59:15
F,44.0,71871,22,19/06/2025,17:20:12,10,19/06/2025,17:48:16
M,53.0,11766,24,19/06/2025,17:44:18,21,19/06/2025,17:54:56
M,49.0,11515,24,19/06/2025,17:49:50,14,19/06/2025,18:06:54
M,40.0,41504,24,19/06/2025,17:42:23,23,19/06/2025,17:54:26
F,19.0,87651,24,19/06/2025,17:27:36,10,19/06/2025,17:43:04
M,25.0,35227,24,19/06/2025,17:46:40,23,19/06/2025,17:57:10
M,30.0,91239,1,19/06/2025,18:31:28,16,19/06/2025,18:43:39
M,17.0,41243,1,19/06/2025,18:32:07,15,19/06/2025,18:58:16
M,37.0,50606,1,19/06/2025,18:32:15,14,19/06/2025,18:35:15
F,18.0,33082,1,19/06/2025,18:33:09,7,19/06/2025,18:54:14
F,37.0,99070,1,19/06/2025,18:09:49,16,19/06/2025,18:20:00
M,26.0,3883,2,19/06/2025,18:26:35,12,19/06/2025,18:45:12
F,23.0,77991,3,19/06/2025,18:32:21,19,19/06/2025,18:52:35
M,30.0,83854,3,19/06/2025,18:17:43,8,19/06/2025,18:37:38
F,45.0,86008,3,19/06/2025,18:48:46,8,19/06/2025,18:51:46
M,38.0,82905,4,19/06/2025,18:16:11,8,19/06/2025,18:23:19
F,29.0,74558,4,19/06/2025,18:11:25,14,19/06/2025,18:31:06
M,16.0,97951,4,19/06/2025,18:17:52,23,19/06/2025,18:36:16
M,16.0,99203,5,19/06/2025,18:48:05,9,19/06/2025,18:56:16
F,37.0,71899,5,19/06/2025,18:51:25,12,19/06/2025,19:05:34
F,32.0,69269,5,19/06/2025,18:22:38,13,19/06/2025,18:34:49
M,39.0,45988,6,19/06/2025,18:05:42,1,19/06/2025,18:14:56
F,37.0,31974,7,19/06/2025,18:55:04,8,19/06/2025,19:17:23
M,46.0,27444,8,19/06/2025,18:59:31,14,19/06/2025,19:05:06
M,16.0,93186,8,19/06/2025,18:49:05,14,19/06/2025,19:09:44
F,23.0,30125,9,19/06/2025,18:51:24,5,19/06/2025,19:17:18
F,45.0,52638,10,19/06/2025,18:53:41,18,19/06/2025,19:09:45
M,36.0,73590,10,19/06/2025,18:43:03,9,19/06/2025,18:46:03
M,46.0,34653,11,19/06/2025,18:11:09,22,19/06/2025,18:27:04
F,25.0,86805,11,19/06/2025,18:53:57,6,19/06/2025,19:21:46
F,23.0,48073,11,19/06/2025,18:22:25,6,19/06/2025,18:25:25
M,27.0,52170,11,19/06/2025,18:33:26,23,19/06/2025,18:39:50
F,33.0,38448,12,19/06/2025,18:04:23,18,19/06/2025,18:07:23
M,35.0,6661,13,19/06/2025,18:15:28,11,19/06/2025,18:34:07
F,33.0,9543,13,19/06/2025,18:57:00,3,19/06/2025,19:16:54
M,36.0,24769,14,19/06/2025,18:24:03,6,19/06/2025,18:44:41
M,40.0,71019,15,19/06/2025,18:05:57,5,19/06/2025,18:11:04
M,34.0,3089,15,19/06/2025,18:25:22,11,19/06/2025,18:37:11
M,26.0,2727,15,19/06/2025,18:11:20,16,19/06/2025,18:27:06
M,53.0,98146,17,19/06/2025,18:24:59,22,19/06/2025,18:32:26
M,58.0,72269,18,19/06/2025,18:51:22,13,19/06/2025,19:22:53
M,30.0,21701,18,19/06/2025,18:16:07,8,19/06/2025,18:36:21
M,29.0,87699,18,19/06/2025,18:09:55,6,19/06/2025,18:27:47
M,28.0,34835,18,19/06/2025,18:31:33,14,19/06/2025,18:42:06
M,31.0,92547,18,19/06/2025,18:46:10,7,19/06/2025,19:07:38
M,25.0,2216,18,19/06/2025,18:17:55,23,19/06/2025,18:22:48
M,40.0,28831,19,19/06/2025,18:33:38,14,19/06/2025,18:38:23
F,33.0,32289,20,19/06/2025,18:45:15,13,19/06/2025,19:02:06
M,36.0,79113,20,19/06/2025,18:19:30,24,19/06/2025,18:28:12
M,22.0,42957,21,19/06/2025,18:59:23,22,19/06/2025,19:17:42
M,26.0,14951,21,19/06/2025,18:38:41,16,19/06/2025,18:57:54
F,34.0,41581,21,19/06/2025,18:03:14,13,19/06/2025,18:24:17
M,34.0,14711,21,19/06/2025,18:27:18,14,19/06/2025,18:49:52
M,16.0,80097,22,19/06/2025,18:20:57,16,19/06/2025,18:25:11
F,28.0,41013,24,19/06/2025,18:29:44,23,19/06/2025,18:41:12
M,33.0,98915,1,19/06/2025,19:11:40,3,19/06/2025,19:16:46
F,37.0,17696,2,19/06/2025,19:58:07,17,19/06/2025,20:15:51
M,45.0,93882,3,19/06/2025,19:58:26,19,19/06/2025,20:16:17
M,38.0,4299,4,19/06/2025,19:40:30,12,19/06/2025,19:43:43
M,47.0,86509,4,19/06/2025,19:25:02,9,19/06/2025,19:40:34
M,40.0,84177,5,19/06/2025,19:25:17,18,19/06/2025,19:48:16
F,39.0,4141,5,19/06/2025,19:25:08,14,19/06/2025,19:31:26
F,48.0,95062,5,19/06/2025,19:04:38,1,19/06/2025,19:29:05
M,27.0,88252,5,19/06/2025,19:25:33,10,19/06/2025,19:37:17
M,33.0,35113,6,19/06/2025,19:31:06,11,19/06/2025,19:46:50
F,32.0,63954,7,19/06/2025,19:33:05,22,19/06/2025,19:48:12
M,26.0,33173,8,19/06/2025,19:33:54,9,19/06/2025,19:52:53
F,46.0,12015,8,19/06/2025,19:18:42,23,19/06/2025,19:28:07
M,42.0,25134,10,19/06/2025,19:33:04,5,19/06/2025,19:53:22
M,23.0,79456,11,19/06/2025,19:14:51,21,19/06/2025,19:26:21
M,41.0,73430,12,19/06/2025,19:18:24,16,19/06/2025,19:38:00
M,35.0,67647,14,19/06/2025,19:31:58,15,19/06/2025,19:54:58
M,24.0,18568,14,19/06/2025,19:24:59,18,19/06/2025,19:42:30
F,49.0,27677,14,19/06/2025,19:39:15,8,19/06/2025,19:55:34
F,25.0,57964,16,19/06/2025,19:44:56,2,19/06/2025,20:02:32
F,20.0,34958,16,19/06/2025,19:26:47,20,19/06/2025,19:45:26
F,26.0,85863,16,19/06/2025,19:12:49,12,19/06/2025,19:20:36
F,46.0,25313,16,19/06/2025,19:31:45,17,19/06/2025,19:40:13
M,27.0,31092,17,19/06/2025,19:56:14,19,19/06/2025,19:59:14
M,40.0,99463,18,19/06/2025,19:22:01,4,19/06/2025,19:37:03
M,16.0,97862,19,19/06/2025,19:28:29,14,19/06/2025,19:35:03
M,33.0,44779,19,19/06/2025,19:05:01,18,19/06/2025,19:16:23
M,26.0,36529,19,19/06/2025,19:10:42,23,19/06/2025,19:30:17
M,31.0,51875,20,19/06/2025,19:47:27,15,19/06/2025,20:09:54
F,40.0,99892,21,19/06/2025,19:58:46,5,19/06/2025,20:11:32
M,16.0,31628,21,19/06/2025,19:47:55,20,19/06/2025,19:53:03
M,26.0,45268,22,19/06/2025,19:04:07,14,19/06/2025,19:13:27
F,41.0,49216,23,19/06/2025,19:50:04,19,19/06/2025,19:57:57
F,24.0,9308,24,19/06/2025,19:51:02,6,19/06/2025,20:05:07
M,33.0,40417,1,19/06/2025,20:35:10,4,19/06/2025,20:47:56
F,41.0,39497,1,19/06/2025,20:01:03,12,19/06/2025,20:04:03
F,28.0,29306,1,19/06/2025,20:47:35,22,19/06/2025,21:02:12
M,37.0,54635,3,19/06/2025,20:09:11,2,19/06/2025,20:22:50
F,35.0,34791,3,19/06/2025,20:18:35,1,19/06/2025,20:27:12
F,46.0,42243,4,19/06/2025,20:10:57,15,19/06/2025,20:25:59
M,48.0,36445,4,19/06/2025,20:05:51,9,19/06/2025,20:18:40
F,20.0,76695,6,19/06/2025,20:58:24,19,19/06/2025,21:16:22
M,40.0,99732,9,19/06/2025,20:34:45,14,19/06/2025,20:58:31
F,30.0,74483,13,19/06/2025,20:07:48,22,19/06/2025,20:10:48
M,21.0,88737,16,19/06/2025,20:12:16,18,19/06/2025,20:31:20
M,39.0,65011,16,19/06/2025,20:29:41,24,19/06/2025,20:50:25
M,43.0,12624,18,19/06/2025,20:49:04,15,19/06/2025,21:07:17
M,48.0,62547,19,19/06/2025,20:22:22,6,19/06/2025,20:28:15
M,37.0,32741,19,19/06/2025,20:59:33,9,19/06/2025,21:16:50
F,38.0,99578,20,19/06/2025,20:16:14,22,19/06/2025,20:19:14
M,16.0,87380,22,19/06/2025,20:47:53,17,19/06/2025,20:50:53
F,46.0,51594,3,19/06/2025,21:36:45,14,19/06/2025,21:57:21
M,35.0,57699,4,19/06/2025,21:16:52,3,19/06/2025,21:19:52
F,32.0,33908,5,19/06/2025,21:22:46,10,19/06/2025,21:39:52
M,21.0,5381,9,19/06/2025,21:41:08,3,19/06/2025,21:46:37
M,37.0,79714,10,19/06/2025,21:59:59,2,19/06/2025,22:07:09
F,21.0,74584,11,19/06/2025,21:37:51,17,19/06/2025,21:53:12
F,49.0,89777,19,19/06/2025,21:43:22,13,19/06/2025,21:55:27
M,44.0,98066,19,19/06/2025,21:52:05,3,19/06/2025,22:09:19
M,35.0,99472,20,19/06/2025,21:46:37,19,19/06/2025,22:07:27
M,25.0,91231,1,19/06/2025,22:26:00,7,19/06/2025,22:33:56
M,28.0,94451,4,19/06/2025,22:03:16,20,19/06/2025,22:09:06
M,22.0,6233,6,19/06/2025,22:25:09,13,19/06/2025,22:39:18
F,29.0,31632,17,19/06/2025,22:46:13,1,19/06/2025,22:53:16
F,29.0,64804,20,19/06/2025,22:04:04,8,19/06/2025,22:15:12
M,16.0,42446,3,19/06/2025,23:39:48,17,19/06/2025,23:45:17
M,49.0,41797,6,19/06/2025,23:39:51,19,19/06/2025,23:53:51
M,16.0,30051,15,19/06/2025,23:37:57,10,19/06/2025,23:44:09
M,43.0,66567,16,19/06/2025,23:57:57,1,20/06/2025,00:05:16
M,39.0,86695,18,19/06/2025,23:37:41,12,19/06/2025,23:49:39
M,39.0,46461,21,19/06/2025,23:47:45,13,20/06/2025,00:10:16
F,24.0,24104,22,19/06/2025,23:48:20,17,19/06/2025,23:54:39
M,19.0,98292,4,20/06/2025,00:52:20,13,20/06/2025,01:09:28
F,31.0,18963,5,20/06/2025,00:24:32,8,20/06/2025,00:35:39
F,37.0,76896,8,20/06/2025,00:08:52,16,20/06/2025,00:40:18
M,22.0,96276,10,20/06/2025,00:33:19,15,20/06/2025,00:42:20
M,32.0,96863,19,20/06/2025,00:16:23,22,20/06/2025,00:25:30
M,31.0,38255,3,20/06/2025,01:52:32,7,20/06/2025,02:19:54
F,38.0,30608,16,20/06/2025,01:49:59,20,20/06/2025,02:13:28
M,39.0,63934,21,20/06/2025,01:42:19,22,20/06/2025,01:45:19
M,33.0,62691,3,20/06/2025,02:12:37,5,20/06/2025,02:26:32
F,45.0,86718,3,20/06/2025,02:08:20,9,20/06/2025,02:20:56
M,55.0,56243,5,20/06/2025,02:10:13,9,20/06/2025,02:33:20
F,45.0,40254,14,20/06/2025,02:15:05,18,20/06/2025,02:26:21
M,24.0,93561,17,20/06/2025,02:21:20,15,20/06/2025,02:46:01
F,36.0,42429,22,20/06/2025,02:00:42,16,20/06/2025,02:26:23
F,48.0,11753,13,20/06/2025,03:42:52,4,20/06/2025,04:02:06
F,39.0,56406,8,20/06/2025,04:57:39,12,20/06/2025,05:09:06
M,40.0,13138,8,20/06/2025,04:18:54,9,20/06/2025,04:22:40
M,34.0,6943,9,20/06/2025,04:19:59,14,20/06/2025,04:31:22
M,23.0,2885,12,20/06/2025,04:44:43,17,20/06/2025,05:03:56
M,29.0,78747,21,20/06/2025,04:23:42,4,20/06/2025,04:26:42
M,38.0,22010,4,20/06/2025,05:53:39,3,20/06/2025,05:59:39
M,50.0,59341,5,20/06/2025,05:11:37,13,20/06/2025,05:27:55
M,29.0,35161,11,20/06/2025,05:28:55,2,20/06/2025,05:41:30
M,39.0,52793,12,20/06/2025,05:49:26,17,20/06/2025,05:57:39
F,32.0,39064,13,20/06/2025,05:28:40,11,20/06/2025,05:50:20
M,33.0,84007,18,20/06/2025,05:01:27,20,20/06/2025,05:21:22
M,37.0,23488,18,20/06/2025,05:49:56,17,20/06/2025,06:05:04
M,33.0,24016,20,20/06/2025,05:00:50,18,20/06/2025,05:25:22
M,28.0,57236,3,20/06/2025,06:33:40,12,20/06/2025,06:42:24
M,21.0,80640,5,20/06/2025,06:07:27,17,20/06/2025,06:24:23
M,29.0,72215,7,20/06/2025,06:46:37,13,20/06/2025,07:04:26
M,20.0,38422,8,20/06/2025,06:20:48,2,20/06/2025,06:32:27
M,38.0,22055,9,20/06/2025,06:23:38,2,20/06/2025,06:45:00
M,26.0,98827,11,20/06/2025,06:53:57,12,20/06/2025,07:03:38
M,41.0,18910,11,20/06/2025,06:39:39,17,20/06/2025,06:47:01
F,36.0,28817,13,20/06/2025,06:42:54,4,20/06/2025,06:51:28
M,16.0,71957,14,20/06/2025,06:03:52,22,20/06/2025,06:20:40
M,47.0,45775,14,20/06/2025,06:29:40,18,20/06/2025,06:54:51
M,32.0,98505,15,20/06/2025,06:21:31,14,20/06/2025,06:40:44
M,21.0,29194,16,20/06/2025,06:44:14,15,20/06/2025,06:54:41
F,43.0,66804,17,20/06/2025,06:14:28,13,20/06/2025,06:28:24
M,25.0,43767,17,20/06/2025,06:35:48,7,20/06/2025,06:38:48
M,26.0,17145,17,20/06/2025,06:21:39,9,20/06/2025,06:35:25
M,30.0,79574,19,20/06/2025,06:40:52,20,20/06/2025,06:51:48
M,32.0,33766,22,20/06/2025,06:13:01,2,20/06/2025,06:25:09
F,33.0,92937,24,20/06/2025,06:12:45,19,20/06/2025,06:46:48
M,23.0,79150,2,20/06/2025,07:47:35,14,20/06/2025,08:03:52
F,35.0,87354,2,20/06/2025,07:52:06,7,20/06/2025,07:59:27
M,38.0,4426,2,20/06/2025,07:20:33,7,20/06/2025,07:27:08
M,34.0,27351,3,20/06/2025,07:43:19,19,20/06/2025,07:50:51
F,43.0,78596,3,20/06/2025,07:19:05,1,20/06/2025,07:32:37
M,24.0,14498,4,20/06/2025,07:56:27,13,20/06/2025,08:05:19
M,32.0,67579,5,20/06/2025,07:58:04,15,20/06/2025,08:17:42
M,35.0,6681,6,20/06/2025,07:18:41,13,20/06/2025,07:45:37
F,38.0,80528,6,20/06/2025,07:09:04,7,20/06/2025,07:35:00
M,40.0,74248,7,20/06/2025,07:15:18,4,20/06/2025,07:24:52
M,24.0,60744,9,20/06/2025,07:50:16,18,20/06/2025,08:02:49
F,56.0,12218,10,20/06/2025,07:17:16,5,20/06/2025,07:29:26
F,33.0,52824,10,20/06/2025,07:29:41,16,20/06/2025,07:45:11
M,34.0,82132,11,20/06/2025,07:42:42,6,20/06/2025,08:01:41
F,35.0,72332,11,20/06/2025,07:03:39,17,20/06/2025,07:12:49
M,16.0,95644,12,20/06/2025,07:12:03,16,20/06/2025,07:16:57
M,51.0,86960,15,20/06/2025,07:43:02,4,20/06/2025,07:46:02
M,41.0,70925,16,20/06/2025,07:32:46,2,20/06/2025,07:48:48
F,37.0,10699,16,20/06/2025,07:45:26,12,20/06/2025,08:12:31
M,30.0,47252,17,20/06/2025,07:30:26,21,20/06/2025,07:42:53
F,20.0,48053,18,20/06/2025,07:11:50,24,20/06/2025,07:28:45
F,25.0,80651,18,20/06/2025,07:18:17,3,20/06/2025,07:44:29
M,25.0,97471,21,20/06/2025,07:47:41,22,20/06/2025,08:07:47
F,50.0,48921,24,20/06/2025,07:04:06,22,20/06/2025,07:20:22
M,27.0,98442,24,20/06/2025,07:35:23,22,20/06/2025,07:38:23
F,48.0,15668,24,20/06/2025,07:06:44,7,20/06/2025,07:27:51
M,43.0,76711,1,20/06/2025,08:19:00,4,20/06/2025,08:38:30
M,49.0,74919,2,20/06/2025,08:07:51,9,20/06/2025,08:13:12
M,41.0,90057,2,20/06/2025,08:01:39,20,20/06/2025,08:23:00
M,22.0,42819,2,20/06/2025,08:31:44,6,20/06/2025,08:50:26
M,49.0,8341,3,20/06/2025,08:42:11,1,20/06/2025,08:45:11
M,31.0,65745,3,20/06/2025,08:41:14,9,20/06/2025,09:01:55
F,29.0,15938,4,20/06/2025,08:59:29,10,20/06/2025,09:14:59
M,24.0,5735,4,20/06/2025,08:56:38,11,20/06/2025,09:05:13
F,36.0,74347,5,20/06/2025,08:58:53,13,20/06/2025,09:07:43
M,32.0,84348,5,20/06/2025,08:26:46,16,20/06/2025,08:42:52
F,29.0,66841,6,20/06/2025,08:37:04,17,20/06/2025,08:44:48
F,33.0,14292,8,20/06/2025,08:02:37,20,20/06/2025,08:19:50
F,34.0,97265,8,20/06/2025,08:06:45,17,20/06/2025,08:15:07
F,41.0,45793,9,20/06/2025,08:50:31,6,20/06/2025,09:09:36
M,20.0,90300,9,20/06/2025,08:30:31,10,20/06/2025,08:38:54
M,36.0,26104,9,20/06/2025,08:17:24,4,20/06/2025,08:30:48
M,21.0,45885,9,20/06/2025,08:35:32,7,20/06/2025,08:41:50
M,29.0,29512,10,20/06/2025,08:41:36,18,20/06/2025,08:54:43
M,43.0,92569,10,20/06/2025,08:43:31,4,20/06/2025,08:55:17
F,30.0,54231,10,20/06/2025,08:13:27,8,20/06/2025,08:22:48
M,26.0,18314,13,20/06/2025,08:20:10,9,20/06/2025,08:24:13
M,34.0,47340,15,20/06/2025,08:43:06,22,20/06/2025,08:56:01
F,27.0,14450,16,20/06/2025,08:00:42,4,20/06/2025,08:13:34
M,29.0,4112,16,20/06/2025,08:59:20,6,20/06/2025,09:11:54
F,42.0,92335,17,20/06/2025,08:47:19,18,20/06/2025,08:58:59
M,16.0,75934,17,20/06/2025,08:06:00,16,20/06/2025,08:16:13
M,29.0,57339,17,20/06/2025,08:04:02,11,20/06/2025,08:14:13
M,39.0,21094,18,20/06/2025,08:25:27,3,20/06/2025,08:41:58
M,38.0,80772,18,20/06/2025,08:09:27,17,20/06/2025,08:23:26
M,17.0,66789,18,20/06/2025,08:41:47,14,20/06/2025,08:55:32
M,20.0,69746,20,20/06/2025,08:19:28,18,20/06/2025,08:30:43
F,41.0,40852,21,20/06/2025,08:14:06,16,20/06/2025,08:30:37
F,33.0,45766,22,20/06/2025,08:59:55,17,20/06/2025,09:18:23
M,40.0,95000,22,20/06/2025,08:48:09,20,20/06/2025,09:09:59
M,37.0,7548,22,20/06/2025,08:18:44,21,20/06/2025,08:24:41
F,43.0,85546,23,20/06/2025,08:06:49,9,20/06/2025,08:09:49
F,32.0,61399,23,20/06/2025,08:03:00,9,20/06/2025,08:10:37
M,53.0,70144,1,20/06/2025,09:01:31,5,20/06/2025,09:09:27
F,24.0,72582,2,20/06/2025,09:41:57,4,20/06/2025,10:04:51
F,32.0,77657,3,20/06/2025,09:15:47,4,20/06/2025,09:23:59
M,34.0,31827,3,20/06/2025,09:03:37,17,20/06/2025,09:21:33
F,38.0,85269,6,20/06/2025,09:17:58,11,20/06/2025,09:43:51
M,45.0,41411,8,20/06/2025,09:41:03,10,20/06/2025,09:58:13
F,27.0,97208,9,20/06/2025,09:01:14,22,20/06/2025,09:08:25
M,29.0,11888,9,20/06/2025,09:41:29,20,20/06/2025,09:55:12
M,37.0,68844,9,20/06/2025,09:59:55,14,20/06/2025,10:18:06
F,16.0,98368,10,20/06/2025,09:28:23,4,20/06/2025,09:59:54
F,33.0,97546,10,20/06/2025,09:22:49,9,20/06/2025,09:36:33
M,48.0,63172,11,20/06/2025,09:42:14,6,20/06/2025,09:47:05
F,27.0,20923,17,20/06/2025,09:26:23,15,20/06/2025,09:29:23
F,32.0,46692,17,20/06/2025,09:17:42,11,20/06/2025,09:31:01
M,32.0,94010,18,20/06/2025,09:11:48,4,20/06/2025,09:33:35
M,22.0,76288,20,20/06/2025,09:44:00,16,20/06/2025,09:51:12
F,22.0,22296,20,20/06/2025,09:10:21,23,20/06/2025,09:36:47
M,61.0,69238,20,20/06/2025,09:13:27,5,20/06/2025,09:29:58
M,41.0,92181,21,20/06/2025,09:38:54,23,20/06/2025,09:56:24
F,22.0,26002,21,20/06/2025,09:04:11,17,20/06/2025,09:07:59
M,27.0,39018,24,20/06/2025,09:13:21,19,20/06/2025,09:18:33
M,36.0,70381,1,20/06/2025,10:09:24,11,20/06/2025,10:24:02
F,29.0,40736,2,20/06/2025,10:45:09,23,20/06/2025,10:52:44
M,36.0,65286,5,20/06/2025,10:10:26,10,20/06/2025,10:42:26
F,41.0,97033,6,20/06/2025,10:37:52,20,20/06/2025,10:57:17
F,21.0,56383,7,20/06/2025,10:03:47,6,20/06/2025,10:24:57
F,26.0,3512,9,20/06/2025,10:34:22,17,20/06/2025,10:57:14
F,37.0,40401,11,20/06/2025,10:01:12,6,20/06/2025,10:19:24
M,36.0,43398,15,20/06/2025,10:15:16,17,20/06/2025,10:18:53
M,24.0,6810,16,20/06/2025,10:04:17,22,20/06/2025,10:22:51
M,33.0,66645,17,20/06/2025,10:33:41,19,20/06/2025,10:59:04
F,22.0,20316,20,20/06/2025,10:17:29,19,20/06/2025,10:35:00
F,51.0,48300,21,20/06/2025,10:07:46,11,20/06/2025,10:18:15
F,42.0,55185,24,20/06/2025,10:44:02,19,20/06/2025,10:58:55
M,39.0,51958,3,20/06/2025,11:01:48,17,20/06/2025,11:21:15
M,46.0,42224,3,20/06/2025,11:58:57,11,20/06/2025,12:16:43
F,29.0,86955,4,20/06/2025,11:19:49,7,20/06/2025,11:31:20
F,34.0,75932,8,20/06/2025,11:51:58,19,20/06/2025,12:00:18
F,35.0,48901,9,20/06/2025,11:58:10,24,20/06/2025,12:01:15
F,42.0,24697,17,20/06/2025,11:25:32,22,20/06/2025,11:42:13
M,40.0,93579,18,20/06/2025,11:02:51,6,20/06/2025,11:05:58
M,32.0,69249,19,20/06/2025,11:51:24,21,20/06/2025,12:05:47
M,34.0,10586,20,20/06/2025,11:10:58,24,20/06/2025,11:21:26
M,49.0,57810,21,20/06/2025,11:55:35,22,20/06/2025,12:03:20
M,23.0,84257,22,20/06/2025,11:49:33,11,20/06/2025,11:59:21
M,30.0,10118,8,20/06/2025,12:17:37,21,20/06/2025,12:44:48
F,25.0,86549,9,20/06/2025,12:32:29,2,20/06/2025,12:51:18
F,41.0,3348,14,20/06/2025,12:53:34,15,20/06/2025,13:05:59
F,43.0,78226,20,20/06/2025,12:58:11,10,20/06/2025,13:17:21
F,22.0,81602,22,20/06/2025,12:55:44,9,20/06/2025,13:20:18
F,22.0,17272,5,20/06/2025,13:09:44,4,20/06/2025,13:19:01
F,33.0,23961,5,20/06/2025,13:15:57,10,20/06/2025,13:27:17
F,30.0,61093,22,20/06/2025,13:03:54,1,20/06/2025,13:09:44
F,29.0,34015,2,20/06/2025,14:05:43,1,20/06/2025,14:10:06
M,33.0,10976,4,20/06/2025,14:52:33,3,20/06/2025,15:08:17
F,37.0,91953,5,20/06/2025,14:48:15,24,20/06/2025,15:08:07
F,31.0,24810,14,20/06/2025,14:27:43,13,20/06/2025,14:35:09
F,31.0,90248,1,20/06/2025,15:19:31,12,20/06/2025,15:39:19
M,26.0,37828,1,20/06/2025,15:32:06,14,20/06/2025,15:52:50
M,36.0,31819,1,20/06/2025,15:19:35,24,20/06/2025,15:34:06
M,20.0,43751,2,20/06/2025,15:19:28,19,20/06/2025,15:39:12
F,43.0,32912,11,20/06/2025,15:29:06,21,20/06/2025,15:47:43
F,47.0,35241,13,20/06/2025,15:23:00,22,20/06/2025,15:41:09
M,32.0,31057,20,20/06/2025,15:32:16,2,20/06/2025,15:43:54
M,25.0,68721,21,20/06/2025,15:13:47,22,20/06/2025,15:23:18
M,28.0,16234,23,20/06/2025,15:57:55,19,20/06/2025,16:10:10
M,38.0,21808,6,20/06/2025,16:07:06,21,20/06/2025,16:22:28
M,24.0,5292,7,20/06/2025,16:20:38,23,20/06/2025,16:35:45
M,42.0,98469,7,20/06/2025,16:26:16,8,20/06/2025,16:41:29
F,26.0,47174,8,20/06/2025,16:18:21,9,20/06/2025,16:36:00
M,38.0,12605,10,20/06/2025,16:53:50,4,20/06/2025,17:14:25
F,42.0,69139,10,20/06/2025,16:46:14,5,20/06/2025,17:12:51
F,37.0,83329,10,20/06/2025,16:45:02,18,20/06/2025,16:54:19
F,38.0,31742,11,20/06/2025,16:50:24,13,20/06/2025,17:01:05
M,21.0,57018,11,20/06/2025,16:28:54,2,20/06/2025,16:34:44
M,19.0,98701,11,20/06/2025,16:52:55,6,20/06/2025,17:02:30
M,29.0,75393,12,20/06/2025,16:04:07,16,20/06/2025,16:17:41
M,47.0,21364,13,20/06/2025,16:28:35,17,20/06/2025,16:44:49
F,28.0,67537,13,20/06/2025,16:26:01,20,20/06/2025,16:31:29
M,28.0,35515,13,20/06/2025,16:23:28,6,20/06/2025,16:37:25
F,31.0,36935,18,20/06/2025,16:58:05,10,20/06/2025,17:16:54
M,42.0,48791,18,20/06/2025,16:21:55,23,20/06/2025,16:40:39
M,32.0,39386,18,20/06/2025,16:42:21,11,20/06/2025,16:58:35
M,41.0,64034,21,20/06/2025,16:54:00,12,20/06/2025,17:17:06
F,32.0,37356,21,20/06/2025,16:49:33,23,20/06/2025,17:08:05
M,35.0,23393,23,20/06/2025,16:06:53,24,20/06/2025,16:26:30
F,27.0,35030,24,20/06/2025,16:22:20,9,20/06/2025,16:38:12
M,46.0,13143,1,20/06/2025,17:45:28,15,20/06/2025,17:52:51
M,34.0,66315,2,20/06/2025,17:08:28,21,20/06/2025,17:22:19
M,45.0,14765,2,20/06/2025,17:36:33,16,20/06/2025,17:46:29
M,24.0,5175,2,20/06/2025,17:13:27,8,20/06/2025,17:31:43
M,41.0,29265,2,20/06/2025,17:25:23,20,20/06/2025,17:28:25
F,16.0,44041,3,20/06/2025,17:26:36,10,20/06/2025,17:43:33
F,21.0,70521,3,20/06/2025,17:34:58,9,20/06/2025,17:55:46
M,26.0,43345,4,20/06/2025,17:20:16,15,20/06/2025,17:39:45
M,24.0,93580,4,20/06/2025,17:47:25,8,20/06/2025,18:08:51
M,30.0,17074,5,20/06/2025,17:21:52,18,20/06/2025,17:36:43
F,18.0,68111,9,20/06/2025,17:56:34,8,20/06/2025,18:09:57
F,27.0,17031,10,20/06/2025,17:11:31,4,20/06/2025,17:27:32
M,28.0,56712,10,20/06/2025,17:03:02,7,20/06/2025,17:25:56
M,27.0,33779,11,20/06/2025,17:00:27,23,20/06/2025,17:12:37
M,49.0,97321,11,20/06/2025,17:13:27,12,20/06/2025,17:18:35
F,16.0,43813,12,20/06/2025,17:21:42,5,20/06/2025,17:35:04
M,39.0,24591,12,20/06/2025,17:42:22,18,20/06/2025,17:58:07
F,17.0,60041,14,20/06/2025,17:58:44,19,20/06/2025,18:19:10
M,31.0,84683,15,20/06/2025,17:22:31,14,20/06/2025,17:35:18
M,28.0,74268,16,20/06/2025,17:01:12,14,20/06/2025,17:18:42
F,41.0,47962,17,20/06/2025,17:40:59,2,20/06/2025,18:07:07
M,42.0,58548,17,20/06/2025,17:45:04,12,20/06/2025,18:04:15
M,43.0,79407,17,20/06/2025,17:10:46,16,20/06/2025,17:20:31
M,34.0,73667,18,20/06/2025,17:35:55,16,20/06/2025,17:52:10
M,22.0,65746,19,20/06/2025,17:48:32,22,20/06/2025,17:51:32
F,44.0,53535,19,20/06/2025,17:51:09,24,20/06/2025,18:06:55
F,41.0,67154,20,20/06/2025,17:32:00,1,20/06/2025,17:55:39
F,36.0,90912,20,20/06/2025,17:53:04,23,20/06/2025,18:06:54
M,44.0,22544,21,20/06/2025,17:13:02,5,20/06/2025,17:31:46
F,32.0,81655,22,20/06/2025,17:55:43,21,20/06/2025,18:18:34
F,25.0,51459,23,20/06/2025,17:14:44,20,20/06/2025,17:17:44
F,30.0,65202,3,20/06/2025,18:16:22,15,20/06/2025,18:29:07
F,16.0,49881,3,20/06/2025,18:29:27,13,20/06/2025,18:54:05
M,26.0,80644,4,20/06/2025,18:02:54,14,20/06/2025,18:18:26
M,43.0,85573,4,20/06/2025,18:42:05,10,20/06/2025,18:58:26
M,27.0,86491,5,20/06/2025,18:11:49,22,20/06/2025,18:18:55
M,46.0,18223,5,20/06/2025,18:21:29,20,20/06/2025,18:38:55
M,35.0,33080,5,20/06/2025,18:28:54,19,20/06/2025,18:44:15
M,33.0,79740,6,20/06/2025,18:49:03,23,20/06/2025,18:56:58
M,35.0,53730,8,20/06/2025,18:45:09,12,20/06/2025,18:59:46
M,41.0,26265,8,20/06/2025,18:57:42,23,20/06/2025,19:12:45
M,37.0,80644,9,20/06/2025,18:24:04,22,20/06/2025,18:37:09
M,46.0,14409,12,20/06/2025,18:20:05,7,20/06/2025,18:23:19
M,38.0,39151,12,20/06/2025,18:32:30,24,20/06/2025,18:42:52
M,35.0,84195,12,20/06/2025,18:44:03,13,20/06/2025,18:49:34
M,41.0,96451,12,20/06/2025,18:23:39,11,20/06/2025,18:26:39
F,39.0,76147,12,20/06/2025,18:35:38,5,20/06/2025,18:46:18
M,16.0,96347,12,20/06/2025,18:04:49,7,20/06/2025,18:31:46
M,43.0,47951,13,20/06/2025,18:52:37,18,20/06/2025,19:03:48
F,59.0,84759,13,20/06/2025,18:14:14,8,20/06/2025,18:19:37
M,37.0,89237,13,20/06/2025,18:39:10,2,20/06/2025,18:55:00
F,36.0,43886,14,20/06/2025,18:51:47,15,20/06/2025,19:06:04
M,43.0,29892,15,20/06/2025,18:15:38,23,20/06/2025,18:28:28
M,33.0,24505,15,20/06/2025,18:18:34,11,20/06/2025,18:41:02
F,19.0,17838,16,20/06/2025,18:14:23,22,20/06/2025,18:27:46
M,32.0,36911,16,20/06/2025,18:58:53,3,20/06/2025,19:01:53
M,21.0,61772,17,20/06/2025,18:41:31,22,20/06/2025,18:51:20
M,36.0,88149,17,20/06/2025,18:52:17,22,20/06/2025,19:15:27
M,20.0,36623,17,20/06/2025,18:50:52,7,20/06/2025,19:09:37
F,34.0,40417,18,20/06/2025,18:16:32,8,20/06/2025,18:35:13
M,26.0,13182,18,20/06/2025,18:53:59,19,20/06/2025,19:13:13
F,20.0,25009,18,20/06/2025,18:01:11,6,20/06/2025,18:24:48
F,28.0,78225,19,20/06/2025,18:40:16,24,20/06/2025,18:56:53
M,24.0,8580,19,20/06/2025,18:10:21,24,20/06/2025,18:19:48
M,43.0,3492,20,20/06/2025,18:44:53,9,20/06/2025,18:49:37
F,28.0,29240,20,20/06/2025,18:45:17,22,20/06/2025,18:51:21
M,40.0,4475,20,20/06/2025,18:59:22,12,20/06/2025,19:11:27
M,34.0,50013,21,20/06/2025,18:12:08,1,20/06/2025,18:34:19
M,18.0,17773,21,20/06/2025,18:42:02,22,20/06/2025,18:52:31
M,19.0,76033,21,20/06/2025,18:41:24,18,20/06/2025,18:50:03
M,33.0,5884,21,20/06/2025,18:49:07,12,20/06/2025,18:57:58
F,38.0,39761,22,20/06/2025,18:23:44,7,20/06/2025,18:32:04
F,47.0,86776,22,20/06/2025,18:03:46,13,20/06/2025,18:29:56
M,37.0,60248,24,20/06/2025,18:48:40,23,20/06/2025,19:15:00
F,27.0,48404,24,20/06/2025,18:02:17,12,20/06/2025,18:14:44
F,38.0,38797,1,20/06/2025,19:50:37,24,20/06/2025,20:16:13
M,35.0,66481,1,20/06/2025,19:13:10,2,20/06/2025,19:39:59
F,23.0,13709,1,20/06/2025,19:09:44,12,20/06/2025,19:21:40
F,34.0,17229,1,20/06/2025,19:14:34,6,20/06/2025,19:37:09
M,51.0,10963,3,20/06/2025,19:13:21,1,20/06/2025,19:27:40
F,43.0,81661,4,20/06/2025,19:31:26,23,20/06/2025,19:34:37
F,18.0,41946,4,20/06/2025,19:57:31,23,20/06/2025,20:13:17
F,38.0,32629,5,20/06/2025,19:56:31,9,20/06/2025,20:01:18
M,30.0,46488,6,20/06/2025,19:31:36,8,20/06/2025,19:43:29
M,52.0,11209,7,20/06/2025,19:21:45,4,20/06/2025,19:39:27
M,27.0,88992,8,20/06/2025,19:18:57,23,20/06/2025,19:38:16
M,36.0,15561,8,20/06/2025,19:31:22,2,20/06/2025,19:50:36
F,37.0,12490,9,20/06/2025,19:23:51,5,20/06/2025,19:37:52
F,18.0,25054,9,20/06/2025,19:36:28,10,20/06/2025,19:48:33
M,33.0,28197,9,20/06/2025,19:49:30,10,20/06/2025,20:08:02
M,46.0,48113,11,20/06/2025,19:46:54,13,20/06/2025,19:57:29
M,26.0,80304,11,20/06/2025,19:39:23,6,20/06/2025,19:54:36
M,28.0,15186,11,20/06/2025,19:17:00,6,20/06/2025,19:26:26
M,68.0,67300,15,20/06/2025,19:23:32,19,20/06/2025,19:35:48
F,23.0,56001,15,20/06/2025,19:13:37,16,20/06/2025,19:26:25
F,39.0,90588,16,20/06/2025,19:46:02,11,20/06/2025,19:59:31
M,56.0,5841,17,20/06/2025,19:30:13,19,20/06/2025,19:45:31
M,46.0,15189,17,20/06/2025,19:41:26,15,20/06/2025,20:01:58
M,16.0,37986,17,20/06/2025,19:28:48,13,20/06/2025,19:41:27
F,25.0,7243,18,20/06/2025,19:57:31,7,20/06/2025,20:07:33
F,36.0,97287,19,20/06/2025,19:21:24,8,20/06/2025,19:40:54
F,45.0,47919,19,20/06/2025,19:14:41,9,20/06/2025,19:28:34
F,44.0,8752,19,20/06/2025,19:33:29,20,20/06/2025,19:45:22
M,40.0,62806,20,20/06/2025,19:19:23,15,20/06/2025,19:27:16
M,34.0,71018,20,20/06/2025,19:51:13,7,20/06/2025,20:11:10
M,36.0,94787,20,20/06/2025,19:56:58,17,20/06/2025,20:15:20
M,35.0,61652,22,20/06/2025,19:14:38,20,20/06/2025,19:29:55
M,52.0,68081,22,20/06/2025,19:05:23,16,20/06/2025,19:27:50
F,17.0,25784,24,20/06/2025,19:04:35,20,20/06/2025,19:07:35
M,33.0,95471,2,20/06/2025,20:36:08,9,20/06/2025,20:58:04
M,40.0,29108,4,20/06/2025,20:34:26,18,20/06/2025,20:47:28
M,35.0,32600,6,20/06/2025,20:40:19,4,20/06/2025,20:59:17
M,33.0,22805,7,20/06/2025,20:27:29,16,20/06/2025,20:34:57
M,16.0,22455,9,20/06/2025,20:08:53,1,20/06/2025,20:19:22
F,21.0,53417,10,20/06/2025,20:02:59,4,20/06/2025,20:21:59
F,41.0,43804,10,20/06/2025,20:08:33,5,20/06/2025,20:31:47
F,39.0,59990,12,20/06/2025,20:52:35,8,20/06/2025,21:16:04
F,48.0,73609,12,20/06/2025,20:03:58,13,20/06/2025,20:10:11
M,36.0,76463,13,20/06/2025,20:29:17,7,20/06/2025,20:46:22
F,33.0,49742,14,20/06/2025,20:03:27,15,20/06/2025,20:12:04
F,24.0,51072,15,20/06/2025,20:31:43,21,20/06/2025,20:39:04
M,26.0,84513,15,20/06/2025,20:29:37,10,20/06/2025,20:46:51
M,26.0,26131,17,20/06/2025,20:00:44,2,20/06/2025,20:10:22
M,38.0,49873,20,20/06/2025,20:46:24,16,20/06/2025,20:55:30
M,46.0,12801,21,20/06/2025,20:12:57,23,20/06/2025,20:39:46
F,51.0,56356,22,20/06/2025,20:26:05,12,20/06/2025,20:45:43
M,16.0,28667,23,20/06/2025,20:26:40,4,20/06/2025,20:31:34
M,34.0,71340,1,20/06/2025,21:44:12,15,20/06/2025,21:55:39
F,35.0,82824,1,20/06/2025,21:49:54,18,20/06/2025,21:56:33
M,35.0,63264,5,20/06/2025,21:42:50,6,20/06/2025,21:56:32
M,36.0,92936,6,20/06/2025,21:46:35,2,20/06/2025,21:58:55
M,40.0,54802,11,20/06/2025,21:22:11,7,20/06/2025,21:35:36
F,38.0,97941,13,20/06/2025,21:35:56,12,20/06/2025,22:00:21
M,41.0,13657,14,20/06/2025,21:51:37,19,20/06/2025,22:17:45
M,17.0,83387,21,20/06/2025,21:16:18,19,20/06/2025,21:22:34
F,36.0,26348,21,20/06/2025,21:39:05,24,20/06/2025,21:53:25
M,19.0,15363,2,20/06/2025,22:54:12,18,20/06/2025,22:58:41
M,16.0,54179,3,20/06/2025,22:36:49,20,20/06/2025,22:41:27
M,37.0,17064,10,20/06/2025,22:00:46,14,20/06/2025,22:11:15
F,34.0,52960,12,20/06/2025,22:13:36,19,20/06/2025,22:28:11
M,23.0,35502,16,20/06/2025,22:38:23,22,20/06/2025,22:51:26
F,29.0,98892,21,20/06/2025,22:30:18,10,20/06/2025,22:33:18
F,32.0,79749,10,20/06/2025,23:56:31,14,21/06/2025,00:02:07
F,28.0,14906,17,20/06/2025,23:32:58,21,20/06/2025,23:56:37
M,29.0,37574,19,20/06/2025,23:02:27,1,20/06/2025,23:33:33
F,17.0,75663,21,20/06/2025,23:37:13,1,20/06/2025,23:44:00
F,44.0,74443,22,20/06/2025,23:44:16,17,21/06/2025,00:07:40
M,21.0,78208,24,20/06/2025,23:12:51,21,20/06/2025,23:18:55
M,28.0,88117,5,21/06/2025,00:55:11,20,21/06/2025,01:13:19
F,16.0,57679,8,21/06/2025,00:47:36,14,21/06/2025,00:56:51
M,25.0,22291,13,21/06/2025,00:34:21,19,21/06/2025,01:03:30
M,17.0,50257,15,21/06/2025,00:29:34,12,21/06/2025,00:38:15
M,37.0,53892,16,21/06/2025,00:45:45,22,21/06/2025,01:01:07
M,30.0,39365,16,21/06/2025,00:23:37,21,21/06/2025,00:41:28
M,46.0,10280,3,21/06/2025,01:44:07,11,21/06/2025,01:54:39
M,29.0,79967,8,21/06/2025,01:19:26,12,21/06/2025,01:28:46
F,22.0,76873,8,21/06/2025,01:09:47,23,21/06/2025,01:19:14
M,37.0,73069,8,21/06/2025,01:28:30,1,21/06/2025,01:39:42
M,23.0,56969,12,21/06/2025,01:41:02,13,21/06/2025,01:55:36
M,26.0,92455,15,21/06/2025,01:10:23,10,21/06/2025,01:28:48
F,56.0,55956,17,21/06/2025,01:43:01,12,21/06/2025,01:56:56
M,33.0,14416,18,21/06/2025,01:00:35,24,21/06/2025,01:22:36
F,35.0,75248,19,21/06/2025,01:08:16,14,21/06/2025,01:18:53
M,49.0,64970,1,21/06/2025,02:31:00,7,21/06/2025,02:53:25
M,29.0,34043,1,21/06/2025,02:54:52,2,21/06/2025,03:13:42
M,40.0,14778,3,21/06/2025,02:08:37,8,21/06/2025,02:16:09
M,28.0,15763,8,21/06/2025,02:10:38,22,21/06/2025,02:14:35
M,42.0,5759,10,21/06/2025,02:48:39,8,21/06/2025,02:51:39
F,45.0,73395,16,21/06/2025,02:09:58,13,21/06/2025,02:22:08
M,33.0,1702,19,21/06/2025,02:38:55,24,21/06/2025,03:00:31
M,44.0,97671,3,21/06/2025,03:38:09,2,21/06/2025,03:48:21
M,20.0,55015,5,21/06/2025,03:03:23,19,21/06/2025,03:16:21
M,16.0,55347,6,21/06/2025,03:01:57,3,21/06/2025,03:04:57
M,33.0,52860,6,21/06/2025,03:30:47,5,21/06/2025,03:47:03
F,26.0,33110,6,21/06/2025,03:42:23,7,21/06/2025,04:07:59
F,28.0,5912,13,21/06/2025,03:30:26,22,21/06/2025,03:41:01
M,48.0,84565,17,21/06/2025,03:02:00,9,21/06/2025,03:15:39
M,20.0,60034,18,21/06/2025,03:52:15,17,21/06/2025,04:00:59
M,35.0,14906,22,21/06/2025,03:16:48,19,21/06/2025,03:21:27
M,43.0,11602,24,21/06/2025,03:25:26,18,21/06/2025,03:46:24
F,29.0,44766,3,21/06/2025,04:56:56,17,21/06/2025,05:08:53
F,51.0,76822,4,21/06/2025,04:25:01,17,21/06/2025,04:35:13
F,37.0,21415,4,21/06/2025,04:14:32,2,21/06/2025,04:20:26
F,47.0,71825,8,21/06/2025,04:13:09,14,21/06/2025,04:20:05
M,24.0,85224,11,21/06/2025,04:05:14,24,21/06/2025,04:21:43
M,40.0,9598,15,21/06/2025,04:12:17,9,21/06/2025,04:29:58
F,28.0,47661,16,21/06/2025,04:14:52,17,21/06/2025,04:24:24
F,37.0,47043,16,21/06/2025,04:08:45,2,21/06/2025,04:28:20
M,34.0,5596,19,21/06/2025,04:53:56,22,21/06/2025,05:02:00
F,34.0,68650,23,21/06/2025,04:08:30,18,21/06/2025,04:29:32
M,53.0,63186,3,21/06/2025,05:57:57,16,21/06/2025,06:12:45
F,42.0,58384,4,21/06/2025,05:49:45,15,21/06/2025,06:10:01
M,32.0,45062,4,21/06/2025,05:20:10,14,21/06/2025,05:35:25
F,28.0,92924,17,21/06/2025,05:46:35,22,21/06/2025,05:49:35
F,31.0,25151,1,21/06/2025,06:19:08,7,21/06/2025,06:46:51
F,44.0,36503,8,21/06/2025,06:44:49,13,21/06/2025,06:53:58
M,38.0,9949,12,21/06/2025,06:22:40,19,21/06/2025,06:29:22
F,52.0,63014,22,21/06/2025,06:26:13,18,21/06/2025,06:29:30
M,27.0,72223,23,21/06/2025,06:23:33,4,21/06/2025,06:34:24
M,39.0,14863,24,21/06/2025,06:38:30,11,21/06/2025,06:41:30
M,51.0,2685,3,21/06/2025,07:44:11,9,21/06/2025,07:57:19
M,25.0,67862,4,21/06/2025,07:49:55,11,21/06/2025,08:02:23
M,43.0,38436,5,21/06/2025,07:20:16,11,21/06/2025,07:27:52
M,29.0,97010,10,21/06/2025,07:37:55,24,21/06/2025,07:52:57
F,26.0,28416,11,21/06/2025,07:12:39,22,21/06/2025,07:34:55
M,33.0,75183,12,21/06/2025,07:06:57,18,21/06/2025,07:27:27
F,27.0,60126,17,21/06/2025,07:57:32,18,21/06/2025,08:15:26
F,28.0,44706,20,21/06/2025,07:32:25,9,21/06/2025,07:42:09
M,31.0,33682,1,21/06/2025,08:55:18,16,21/06/2025,09:12:12
M,16.0,38287,2,21/06/2025,08:52:42,17,21/06/2025,08:58:18
F,34.0,59680,2,21/06/2025,08:45:50,15,21/06/2025,08:59:11
F,25.0,13316,6,21/06/2025,08:00:52,13,21/06/2025,08:16:19
M,39.0,3092,8,21/06/2025,08:02:58,13,21/06/2025,08:19:20
M,41.0,55222,9,21/06/2025,08:04:14,4,21/06/2025,08:21:27
F,40.0,95748,14,21/06/2025,08:41:32,20,21/06/2025,08:51:48
M,16.0,87631,14,21/06/2025,08:14:09,19,21/06/2025,08:42:56
M,40.0,97663,15,21/06/2025,08:32:02,4,21/06/2025,08:39:08
F,17.0,31651,15,21/06/2025,08:06:26,2,21/06/2025,08:10:54
M,55.0,14981,16,21/06/2025,08:45:10,24,21/06/2025,09:06:01
F,16.0,39245,16,21/06/2025,08:44:00,21,21/06/2025,08:54:23
F,24.0,99484,19,21/06/2025,08:39:54,10,21/06/2025,08:56:12
M,35.0,38631,2,21/06/2025,09:31:37,11,21/06/2025,09:51:06
F,29.0,44517,2,21/06/2025,09:09:16,11,21/06/2025,09:27:27
M,42.0,46505,4,21/06/2025,09:18:14,3,21/06/2025,09:33:41
M,29.0,52160,5,21/06/2025,09:51:40,4,21/06/2025,09:54:40
F,52.0,53077,8,21/06/2025,09:10:33,11,21/06/2025,09:15:06
F,40.0,85039,8,21/06/2025,09:37:09,24,21/06/2025,09:40:09
M,30.0,10938,11,21/06/2025,09:12:52,22,21/06/2025,09:30:49
F,30.0,14098,11,21/06/2025,09:26:55,22,21/06/2025,09:47:57
M,41.0,77451,14,21/06/2025,09:17:54,8,21/06/2025,09:32:19
M,32.0,64959,16,21/06/2025,09:35:24,17,21/06/2025,09:57:00
F,51.0,74578,17,21/06/2025,09:03:30,6,21/06/2025,09:18:01
F,36.0,83860,18,21/06/2025,09:28:06,12,21/06/2025,09:32:33
F,43.0,86334,18,21/06/2025,09:36:35,9,21/06/2025,09:50:13
M,41.0,3703,20,21/06/2025,09:33:04,15,21/06/2025,09:44:24
F,25.0,97931,22,21/06/2025,09:34:35,18,21/06/2025,09:58:02
F,32.0,18529,24,21/06/2025,09:42:55,18,21/06/2025,10:05:17
F,60.0,65426,2,21/06/2025,10:47:21,6,21/06/2025,10:55:27
M,30.0,16367,2,21/06/2025,10:49:44,6,21/06/2025,10:57:52
F,52.0,42119,2,21/06/2025,10:53:51,6,21/06/2025,10:56:51
F,42.0,67240,3,21/06/2025,10:54:22,13,21/06/2025,11:02:25
F,24.0,82867,4,21/06/2025,10:25:47,24,21/06/2025,10:51:44
F,56.0,54978,5,21/06/2025,10:48:57,3,21/06/2025,11:06:10
F,28.0,31707,6,21/06/2025,10:38:53,23,21/06/2025,11:02:32
M,41.0,78970,10,21/06/2025,10:58:37,13,21/06/2025,11:20:21
M,47.0,96491,10,21/06/2025,10:59:19,5,21/06/2025,11:22:42
M,27.0,1400,11,21/06/2025,10:37:03,6,21/06/2025,10:53:07
F,22.0,48847,11,21/06/2025,10:41:06,18,21/06/2025,10:49:18
M,25.0,75624,11,21/06/2025,10:13:14,22,21/06/2025,10:22:04
F,25.0,99125,12,21/06/2025,10:38:20,4,21/06/2025,10:46:16
F,41.0,2448,12,21/06/2025,10:55:24,9,21/06/2025,11:08:11
M,38.0,95815,16,21/06/2025,10:59:45,18,21/06/2025,11:09:54
F,20.0,55075,17,21/06/2025,10:08:02,15,21/06/2025,10:20:04
F,25.0,49441,18,21/06/2025,10:28:30,23,21/06/2025,10:58:10
M,17.0,63475,20,21/06/2025,10:13:29,19,21/06/2025,10:24:34
F,33.0,60077,20,21/06/2025,10:33:47,9,21/06/2025,10:52:54
M,30.0,14538,21,21/06/2025,10:03:00,22,21/06/2025,10:20:45
F,39.0,29400,22,21/06/2025,10:01:53,24,21/06/2025,10:14:27
F,27.0,97654,24,21/06/2025,10:49:16,9,21/06/2025,11:02:01
M,41.0,61714,24,21/06/2025,10:52:20,19,21/06/2025,11:04:13
M,27.0,61565,3,21/06/2025,11:44:48,4,21/06/2025,12:11:31
F,17.0,74646,3,21/06/2025,11:45:36,6,21/06/2025,11:58:16
F,39.0,76774,5,21/06/2025,11:41:33,9,21/06/2025,11:53:55
M,47.0,54266,5,21/06/2025,11:42:39,24,21/06/2025,11:58:35
M,19.0,52195,8,21/06/2025,11:21:01,4,21/06/2025,11:34:53
M,52.0,71659,8,21/06/2025,11:11:43,4,21/06/2025,11:31:44
M,51.0,6968,8,21/06/2025,11:29:38,7,21/06/2025,11:32:38
M,29.0,51183,10,21/06/2025,11:27:42,19,21/06/2025,11:43:30
F,18.0,25566,10,21/06/2025,11:59:56,20,21/06/2025,12:10:20
M,16.0,42400,10,21/06/2025,11:44:41,1,21/06/2025,12:00:23
F,23.0,44766,11,21/06/2025,11:26:41,10,21/06/2025,11:40:14
M,35.0,12688,11,21/06/2025,11:34:50,3,21/06/2025,11:43:20
F,23.0,67271,12,21/06/2025,11:05:17,7,21/06/2025,11:24:15
M,16.0,12177,12,21/06/2025,11:45:27,4,21/06/2025,11:48:27
M,36.0,52454,12,21/06/2025,11:44:03,8,21/06/2025,11:58:40
M,33.0,40618,16,21/06/2025,11:25:23,17,21/06/2025,11:59:16
M,23.0,51071,18,21/06/2025,11:55:44,5,21/06/2025,12:09:45
F,54.0,9128,18,21/06/2025,11:17:27,11,21/06/2025,11:27:44
F,35.0,58500,19,21/06/2025,11:20:44,23,21/06/2025,11:39:34
M,34.0,50778,20,21/06/2025,11:20:23,13,21/06/2025,11:33:41
F,38.0,85267,20,21/06/2025,11:14:53,8,21/06/2025,11:21:06
M,46.0,45869,20,21/06/2025,11:28:29,22,21/06/2025,11:37:55
F,43.0,46792,21,21/06/2025,11:34:38,23,21/06/2025,11:51:47
F,40.0,26546,21,21/06/2025,11:44:43,12,21/06/2025,11:47:43
M,35.0,26142,1,21/06/2025,12:55:06,13,21/06/2025,13:25:23
M,16.0,51433,2,21/06/2025,12:43:49,17,21/06/2025,13:05:20
M,28.0,39439,2,21/06/2025,12:42:35,17,21/06/2025,12:58:17
M,30.0,18397,2,21/06/2025,12:24:19,13,21/06/2025,12:27:19
F,52.0,77065,2,21/06/2025,12:20:22,21,21/06/2025,12:29:00
M,50.0,93743,3,21/06/2025,12:42:28,12,21/06/2025,12:48:36
M,25.0,11606,3,21/06/2025,12:36:14,8,21/06/2025,12:55:09
M,28.0,92034,3,21/06/2025,12:58:04,7,21/06/2025,13:16:20
M,54.0,42950,3,21/06/2025,12:57:59,10,21/06/2025,13:09:15
F,29.0,36874,4,21/06/2025,12:31:49,15,21/06/2025,12:48:11
M,41.0,55545,5,21/06/2025,12:54:36,3,21/06/2025,13:04:25
M,16.0,2018,5,21/06/2025,12:07:53,3,21/06/2025,12:15:17
M,51.0,34351,6,21/06/2025,12:49:52,2,21/06/2025,13:06:49
M,42.0,71012,8,21/06/2025,12:42:28,3,21/06/2025,12:47:27
F,16.0,70353,8,21/06/2025,12:38:06,15,21/06/2025,12:41:06
M,36.0,10552,9,21/06/2025,12:12:30,6,21/06/2025,12:35:31
M,38.0,23505,11,21/06/2025,12:10:45,6,21/06/2025,12:34:32
M,31.0,25529,11,21/06/2025,12:28:20,16,21/06/2025,12:39:29
M,25.0,71283,11,21/06/2025,12:53:55,1,21/06/2025,13:12:50
M,48.0,88140,11,21/06/2025,12:17:56,17,21/06/2025,12:31:42
M,44.0,40777,11,21/06/2025,12:28:21,14,21/06/2025,12:45:41
F,46.0,44418,12,21/06/2025,12:26:21,7,21/06/2025,12:59:04
F,28.0,14113,13,21/06/2025,12:33:02,24,21/06/2025,12:47:10
F,36.0,18359,14,21/06/2025,12:58:51,1,21/06/2025,13:16:42
M,34.0,60308,15,21/06/2025,12:48:17,20,21/06/2025,13:12:41
M,32.0,96824,17,21/06/2025,12:45:47,4,21/06/2025,13:03:26
F,20.0,11345,18,21/06/2025,12:54:50,15,21/06/2025,13:03:52
F,48.0,51572,18,21/06/2025,12:16:59,15,21/06/2025,12:29:44
F,18.0,72542,19,21/06/2025,12:38:06,14,21/06/2025,12:56:21
M,32.0,90856,19,21/06/2025,12:05:36,6,21/06/2025,12:26:18
M,38.0,20541,20,21/06/2025,12:25:44,12,21/06/2025,12:48:44
M,24.0,20062,21,21/06/2025,12:13:41,12,21/06/2025,12:23:39
M,46.0,68661,21,21/06/2025,12:46:29,22,21/06/2025,13:02:57
M,27.0,83906,24,21/06/2025,12:10:40,19,21/06/2025,12:23:05
M,45.0,97568,24,21/06/2025,12:43:37,4,21/06/2025,13:03:12
M,36.0,64121,24,21/06/2025,12:04:34,23,21/06/2025,12:23:06
M,40.0,55912,3,21/06/2025,13:43:46,8,21/06/2025,13:51:37
M,36.0,11641,3,21/06/2025,13:27:36,1,21/06/2025,13:51:46
F,30.0,34753,4,21/06/2025,13:35:50,22,21/06/2025,13:48:02
M,44.0,41495,5,21/06/2025,13:00:48,23,21/06/2025,13:25:10
F,24.0,65701,8,21/06/2025,13:12:39,4,21/06/2025,13:27:25
F,49.0,33382,8,21/06/2025,13:46:17,23,21/06/2025,13:57:52
M,40.0,43101,9,21/06/2025,13:00:37,19,21/06/2025,13:11:34
M,46.0,51121,9,21/06/2025,13:56:24,19,21/06/2025,14:16:14
M,16.0,12998,11,21/06/2025,13:39:38,16,21/06/2025,13:52:34
F,38.0,99464,11,21/06/2025,13:30:15,16,21/06/2025,13:36:11
M,54.0,58818,15,21/06/2025,13:43:45,13,21/06/2025,14:06:24
M,38.0,28028,15,21/06/2025,13:28:46,11,21/06/2025,13:58:37
M,24.0,43027,17,21/06/2025,13:39:38,5,21/06/2025,13:51:27
M,22.0,46149,18,21/06/2025,13:46:06,4,21/06/2025,13:56:13
F,34.0,10064,18,21/06/2025,13:16:55,6,21/06/2025,13:23:38
F,27.0,80059,19,21/06/2025,13:30:02,1,21/06/2025,13:33:02
M,23.0,43894,19,21/06/2025,13:42:43,18,21/06/2025,14:07:34
F,47.0,48688,19,21/06/2025,13:28:23,18,21/06/2025,13:58:42
M,38.0,15821,21,21/06/2025,13:06:46,23,21/06/2025,13:11:11
F,16.0,91893,22,21/06/2025,13:12:29,15,21/06/2025,13:25:30
M,25.0,80771,22,21/06/2025,13:54:15,15,21/06/2025,14:16:36
M,54.0,89763,23,21/06/2025,13:15:48,12,21/06/2025,13:23:00
M,34.0,19773,23,21/06/2025,13:29:08,5,21/06/2025,13:45:51
F,51.0,75877,24,21/06/2025,13:29:07,19,21/06/2025,13:40:27
M,29.0,66628,24,21/06/2025,13:42:02,14,21/06/2025,13:51:30
F,29.0,40953,1,21/06/2025,14:09:52,7,21/06/2025,14:19:17
F,28.0,19103,2,21/06/2025,14:21:01,7,21/06/2025,14:24:01
F,31.0,14834,3,21/06/2025,14:43:35,8,21/06/2025,14:51:42
M,33.0,66149,4,21/06/2025,14:06:37,9,21/06/2025,14:37:17
M,39.0,63673,4,21/06/2025,14:56:47,3,21/06/2025,15:15:20
F,32.0,20414,7,21/06/2025,14:39:28,8,21/06/2025,14:56:18
M,30.0,81170,9,21/06/2025,14:54:41,1,21/06/2025,15:19:51
M,51.0,65360,11,21/06/2025,14:41:19,7,21/06/2025,14:57:26
M,45.0,53690,12,21/06/2025,14:10:45,22,21/06/2025,14:19:04
M,59.0,72313,13,21/06/2025,14:33:36,7,21/06/2025,14:56:56
F,44.0,73626,16,21/06/2025,14:03:07,21,21/06/2025,14:34:48
M,23.0,23108,17,21/06/2025,14:24:16,20,21/06/2025,14:30:17
M,44.0,67449,17,21/06/2025,14:37:00,18,21/06/2025,14:47:04
M,29.0,53408,17,21/06/2025,14:16:07,21,21/06/2025,14:19:07
M,43.0,29913,18,21/06/2025,14:02:35,24,21/06/2025,14:24:44
M,40.0,11064,18,21/06/2025,14:22:01,19,21/06/2025,14:41:15
M,29.0,83465,20,21/06/2025,14:20:51,14,21/06/2025,14:30:59
M,20.0,8365,21,21/06/2025,14:58:01,23,21/06/2025,15:04:25
M,36.0,83866,21,21/06/2025,14:14:40,6,21/06/2025,14:27:39
F,39.0,98799,21,21/06/2025,14:41:13,23,21/06/2025,14:56:23
F,39.0,85970,23,21/06/2025,14:16:10,15,21/06/2025,14:41:58
F,51.0,37263,23,21/06/2025,14:12:30,22,21/06/2025,14:20:14
M,37.0,44576,23,21/06/2025,14:51:40,16,21/06/2025,15:08:41
M,16.0,25719,24,21/06/2025,14:04:27,2,21/06/2025,14:14:15
M,46.0,33032,24,21/06/2025,14:22:01,5,21/06/2025,14:32:33
M,50.0,47388,1,21/06/2025,15:52:39,9,21/06/2025,16:14:43
F,43.0,1453,1,21/06/2025,15:04:23,20,21/06/2025,15:07:23
M,25.0,82024,2,21/06/2025,15:45:55,20,21/06/2025,15:58:06
F,44.0,2482,3,21/06/2025,15:49:51,8,21/06/2025,16:09:25
M,26.0,94152,3,21/06/2025,15:30:18,2,21/06/2025,15:39:15
F,30.0,18595,4,21/06/2025,15:03:17,3,21/06/2025,15:17:15
M,49.0,25841,4,21/06/2025,15:07:53,10,21/06/2025,15:21:49
M,58.0,68679,4,21/06/2025,15:19:30,1,21/06/2025,15:47:16
F,37.0,87911,4,21/06/2025,15:12:32,9,21/06/2025,15:35:22
F,44.0,63455,4,21/06/2025,15:17:05,16,21/06/2025,15:22:43
M,28.0,6763,4,21/06/2025,15:34:44,12,21/06/2025,15:49:22
M,25.0,34368,5,21/06/2025,15:20:44,18,21/06/2025,15:39:53
F,39.0,40990,5,21/06/2025,15:04:29,18,21/06/2025,15:15:14
M,28.0,71449,7,21/06/2025,15:27:42,1,21/06/2025,15:35:13
M,42.0,6683,7,21/06/2025,15:55:47,10,21/06/2025,16:04:49
F,37.0,14587,10,21/06/2025,15:51:30,20,21/06/2025,15:59:59
M,24.0,9169,10,21/06/2025,15:57:50,19,21/06/2025,16:12:28
F,53.0,34488,11,21/06/2025,15:57:21,7,21/06/2025,16:11:49
F,35.0,68462,12,21/06/2025,15:57:17,10,21/06/2025,16:11:07
M,34.0,24123,13,21/06/2025,15:18:32,20,21/06/2025,15:33:09
M,25.0,16003,13,21/06/2025,15:50:58,14,21/06/2025,15:55:16
M,26.0,87809,14,21/06/2025,15:16:48,8,21/06/2025,15:27:45
M,44.0,12042,14,21/06/2025,15:21:47,9,21/06/2025,15:45:27
F,29.0,17822,15,21/06/2025,15:04:51,10,21/06/2025,15:16:13
M,44.0,54806,15,21/06/2025,15:20:42,14,21/06/2025,15:34:15
M,22.0,89496,17,21/06/2025,15:09:40,14,21/06/2025,15:31:08
M,45.0,93918,17,21/06/2025,15:57:45,2,21/06/2025,16:25:14
M,24.0,70375,20,21/06/2025,15:17:11,8,21/06/2025,15:35:47
M,46.0,71769,21,21/06/2025,15:17:45,18,21/06/2025,15:27:53
M,20.0,40563,21,21/06/2025,15:14:50,16,21/06/2025,15:19:22
M,34.0,2075,21,21/06/2025,15:00:15,3,21/06/2025,15:16:09
M,37.0,87656,22,21/06/2025,15:45:39,23,21/06/2025,15:53:18
F,47.0,50226,22,21/06/2025,15:18:31,23,21/06/2025,15:41:41
F,40.0,53426,1,21/06/2025,16:38:50,4,21/06/2025,16:50:10
F,38.0,56612,1,21/06/2025,16:33:11,4,21/06/2025,16:38:37
M,33.0,70489,1,21/06/2025,16:28:02,13,21/06/2025,16:41:22
F,41.0,78203,2,21/06/2025,16:57:37,6,21/06/2025,17:12:18
M,34.0,48218,4,21/06/2025,16:17:46,19,21/06/2025,16:41:19
F,40.0,30714,5,21/06/2025,16:50:20,16,21/06/2025,17:05:27
M,33.0,62874,5,21/06/2025,16:46:26,1,21/06/2025,17:13:02
M,49.0,40995,6,21/06/2025,16:32:10,7,21/06/2025,16:48:09
M,17.0,54160,8,21/06/2025,16:43:44,11,21/06/2025,17:05:03
F,37.0,3177,8,21/06/2025,16:45:14,15,21/06/2025,17:06:02
M,35.0,68189,9,21/06/2025,16:20:38,15,21/06/2025,16:34:49
F,30.0,51509,10,21/06/2025,16:49:56,14,21/06/2025,17:04:30
M,39.0,26915,11,21/06/2025,16:08:56,8,21/06/2025,16:23:30
M,20.0,54277,11,21/06/2025,16:51:26,20,21/06/2025,17:08:41
M,29.0,54225,11,21/06/2025,16:22:50,9,21/06/2025,16:25:50
M,39.0,44068,14,21/06/2025,16:31:50,23,21/06/2025,16:47:30
M,29.0,4096,15,21/06/2025,16:10:25,10,21/06/2025,16:30:15
F,17.0,28801,16,21/06/2025,16:39:47,13,21/06/2025,16:49:40
M,60.0,98459,18,21/06/2025,16:10:05,24,21/06/2025,16:22:07
F,29.0,90342,18,21/06/2025,16:16:16,13,21/06/2025,16:35:54
M,45.0,85138,18,21/06/2025,16:52:44,10,21/06/2025,17:11:26
M,27.0,70673,19,21/06/2025,16:35:36,13,21/06/2025,16:48:49
F,36.0,55411,20,21/06/2025,16:03:34,16,21/06/2025,16:22:03
M,22.0,10376,20,21/06/2025,16:06:11,19,21/06/2025,16:24:02
F,42.0,80073,22,21/06/2025,16:51:47,11,21/06/2025,17:03:20
M,25.0,59878,22,21/06/2025,16:19:42,5,21/06/2025,16:32:26
M,38.0,23464,24,21/06/2025,16:20:18,3,21/06/2025,16:30:17
M,21.0,96729,1,21/06/2025,17:38:28,19,21/06/2025,17:55:55
M,42.0,70412,2,21/06/2025,17:25:16,6,21/06/2025,17:29:20
F,44.0,7883,3,21/06/2025,17:33:01,1,21/06/2025,17:37:08
M,45.0,77166,3,21/06/2025,17:37:06,2,21/06/2025,18:02:16
F,41.0,13422,4,21/06/2025,17:31:02,3,21/06/2025,17:53:06
M,33.0,72075,6,21/06/2025,17:59:42,13,21/06/2025,18:07:19
F,22.0,87371,7,21/06/2025,17:21:20,9,21/06/2025,17:33:36
M,45.0,7954,9,21/06/2025,17:26:34,6,21/06/2025,17:46:00
F,17.0,90477,10,21/06/2025,17:13:16,17,21/06/2025,17:16:16
M,40.0,38297,10,21/06/2025,17:32:43,1,21/06/2025,17:45:16
M,44.0,94342,10,21/06/2025,17:14:53,15,21/06/2025,17:20:26
M,42.0,84279,11,21/06/2025,17:40:38,16,21/06/2025,17:53:48
M,41.0,2611,11,21/06/2025,17:09:27,23,21/06/2025,17:23:51
F,35.0,57955,11,21/06/2025,17:44:55,2,21/06/2025,17:54:33
F,33.0,24862,12,21/06/2025,17:33:36,18,21/06/2025,17:52:12
F,33.0,15178,12,21/06/2025,17:21:09,21,21/06/2025,17:28:25
F,34.0,93786,15,21/06/2025,17:59:51,14,21/06/2025,18:12:32
M,30.0,80877,16,21/06/2025,17:08:45,24,21/06/2025,17:16:40
M,44.0,13511,17,21/06/2025,17:22:31,22,21/06/2025,17:45:33
F,32.0,89706,20,21/06/2025,17:27:14,17,21/06/2025,17:57:46
F,38.0,99607,21,21/06/2025,17:14:54,22,21/06/2025,17:24:55
F,27.0,77066,24,21/06/2025,17:23:54,19,21/06/2025,17:37:10
M,46.0,23188,1,21/06/2025,18:35:54,15,21/06/2025,18:43:42
M,35.0,67589,2,21/06/2025,18:05:07,7,21/06/2025,18:23:31
M,36.0,93605,2,21/06/2025,18:34:23,1,21/06/2025,19:00:13
F,28.0,44220,4,21/06/2025,18:22:46,8,21/06/2025,18:45:44
F,34.0,98901,4,21/06/2025,18:59:05,5,21/06/2025,19:02:05
M,47.0,53551,4,21/06/2025,18:14:39,10,21/06/2025,18:29:44
M,16.0,25357,7,21/06/2025,18:21:22,13,21/06/2025,18:41:47
F,40.0,69252,7,21/06/2025,18:34:18,20,21/06/2025,18:43:02
F,40.0,83274,7,21/06/2025,18:13:21,4,21/06/2025,18:20:57
M,39.0,14727,10,21/06/2025,18:52:13,4,21/06/2025,19:11:38
F,33.0,77150,11,21/06/2025,18:05:58,12,21/06/2025,18:28:05
M,44.0,14754,11,21/06/2025,18:49:27,16,21/06/2025,18:56:34
M,41.0,85421,11,21/06/2025,18:37:09,14,21/06/2025,18:40:09
M,16.0,77587,15,21/06/2025,18:48:58,20,21/06/2025,19:10:51
M,37.0,94207,17,21/06/2025,18:47:19,10,21/06/2025,19:00:02
M,29.0,35452,18,21/06/2025,18:58:51,16,21/06/2025,19:10:19
M,51.0,18114,19,21/06/2025,18:22:37,7,21/06/2025,18:34:47
M,34.0,72333,21,21/06/2025,18:05:55,15,21/06/2025,18:14:37
M,31.0,80180,23,21/06/2025,18:37:41,12,21/06/2025,18:51:24
M,34.0,94819,24,21/06/2025,18:54:24,16,21/06/2025,19:10:58
M,39.0,72123,24,21/06/2025,18:34:12,16,21/06/2025,18:50:09
M,22.0,1434,3,21/06/2025,19:40:35,21,21/06/2025,19:50:05
F,32.0,55622,5,21/06/2025,19:08:20,19,21/06/2025,19:30:08
F,27.0,50057,10,21/06/2025,19:07:39,9,21/06/2025,19:19:01
M,32.0,7235,10,21/06/2025,19:44:36,16,21/06/2025,19:58:17
F,30.0,24215,13,21/06/2025,19:24:32,1,21/06/2025,19:35:23
F,38.0,86220,18,21/06/2025,19:39:04,8,21/06/2025,20:03:50
F,55.0,66012,2,21/06/2025,20:41:02,6,21/06/2025,20:49:17
M,28.0,16399,2,21/06/2025,20:28:23,6,21/06/2025,20:45:02
M,37.0,42665,10,21/06/2025,20:55:47,4,21/06/2025,21:16:29
F,26.0,50656,14,21/06/2025,20:33:03,24,21/06/2025,20:36:03
M,30.0,10438,14,21/06/2025,20:40:43,1,21/06/2025,20:45:15
M,34.0,53566,16,21/06/2025,20:03:31,24,21/06/2025,20:16:48
M,29.0,11137,17,21/06/2025,20:13:29,18,21/06/2025,20:22:53
M,30.0,38683,19,21/06/2025,20:17:51,9,21/06/2025,20:29:50
M,25.0,87222,22,21/06/2025,20:47:31,18,21/06/2025,20:55:02
M,24.0,78019,23,21/06/2025,20:43:54,16,21/06/2025,20:57:02
F,20.0,38940,23,21/06/2025,20:24:04,20,21/06/2025,20:42:56
M,21.0,22723,23,21/06/2025,20:52:38,6,21/06/2025,21:11:55
M,32.0,13128,4,21/06/2025,21:52:19,10,21/06/2025,22:06:20
F,31.0,70615,6,21/06/2025,21:20:06,12,21/06/2025,21:36:05
F,26.0,48708,7,21/06/2025,21:11:30,18,21/06/2025,21:23:45
F,49.0,93887,8,21/06/2025,21:48:23,9,21/06/2025,21:59:54
M,39.0,27397,14,21/06/2025,21:19:25,15,21/06/2025,21:27:59
M,19.0,24181,1,21/06/2025,22:19:23,20,21/06/2025,22:29:17
M,48.0,27801,6,21/06/2025,22:55:16,13,21/06/2025,23:10:28
M,16.0,72463,10,21/06/2025,22:09:28,3,21/06/2025,22:17:48
M,39.0,92830,15,21/06/2025,22:31:28,9,21/06/2025,22:48:01
F,27.0,18230,16,21/06/2025,22:07:39,20,21/06/2025,22:21:32
F,31.0,52608,17,21/06/2025,22:09:13,21,21/06/2025,22:25:52
M,25.0,34194,18,21/06/2025,22:58:31,19,21/06/2025,23:07:51
F,28.0,43474,21,21/06/2025,22:48:27,20,21/06/2025,23:09:36
F,46.0,97637,21,21/06/2025,22:47:03,12,21/06/2025,23:19:31
F,26.0,14793,22,21/06/2025,22:47:53,15,21/06/2025,23:13:49
M,34.0,84718,23,21/06/2025,22:28:25,4,21/06/2025,22:38:05
M,31.0,75699,1,21/06/2025,23:29:33,15,21/06/2025,23:46:55
M,29.0,51533,2,21/06/2025,23:01:37,17,21/06/2025,23:13:44
M,21.0,77698,7,21/06/2025,23:34:35,10,21/06/2025,23:45:23
F,57.0,90507,8,21/06/2025,23:37:09,23,21/06/2025,23:42:18
M,18.0,8653,8,21/06/2025,23:11:03,7,21/06/2025,23:17:30
F,30.0,6852,11,21/06/2025,23:26:23,1,21/06/2025,23:33:41
F,30.0,1975,12,21/06/2025,23:20:20,16,21/06/2025,23:43:02
M,24.0,88723,13,21/06/2025,23:30:19,10,21/06/2025,23:41:02
M,18.0,64559,14,21/06/2025,23:39:11,6,21/06/2025,23:56:15
M,30.0,1994,17,21/06/2025,23:18:19,11,21/06/2025,23:43:31
F,39.0,86503,20,21/06/2025,23:11:27,16,21/06/2025,23:30:50
M,38.0,30783,22,21/06/2025,23:56:34,21,22/06/2025,00:09:56
F,24.0,6815,22,21/06/2025,23:49:40,21,21/06/2025,23:58:32
M,35.0,99724,1,22/06/2025,00:45:29,16,22/06/2025,00:59:10
M,26.0,83444,4,22/06/2025,00:50:21,8,22/06/2025,01:04:45
F,16.0,64131,6,22/06/2025,00:49:52,9,22/06/2025,00:56:48
M,19.0,43819,11,22/06/2025,00:25:13,17,22/06/2025,00:31:24
F,36.0,21775,11,22/06/2025,00:31:22,16,22/06/2025,00:47:36
M,52.0,3093,14,22/06/2025,00:20:35,19,22/06/2025,00:29:06
M,46.0,33801,15,22/06/2025,00:51:28,14,22/06/2025,01:25:34
M,25.0,58544,23,22/06/2025,00:41:42,2,22/06/2025,01:06:00
M,27.0,93169,1,22/06/2025,01:53:35,24,22/06/2025,02:16:19
M,28.0,43106,3,22/06/2025,01:28:02,6,22/06/2025,01:45:10
M,46.0,19794,8,22/06/2025,01:54:49,13,22/06/2025,02:25:48
M,37.0,73748,11,22/06/2025,01:39:09,2,22/06/2025,02:02:12
F,17.0,74575,12,22/06/2025,01:32:51,6,22/06/2025,01:36:10
M,32.0,13089,13,22/06/2025,01:39:37,12,22/06/2025,02:00:55
M,42.0,84204,17,22/06/2025,01:41:04,18,22/06/2025,01:54:23
F,30.0,98038,20,22/06/2025,01:04:18,5,22/06/2025,01:26:15
M,45.0,5705,21,22/06/2025,01:56:26,22,22/06/2025,02:08:28
F,24.0,86145,1,22/06/2025,02:13:06,17,22/06/2025,02:18:33
M,33.0,2975,2,22/06/2025,02:36:32,12,22/06/2025,03:00:14
M,17.0,27276,4,22/06/2025,02:27:37,6,22/06/2025,02:33:46
F,16.0,44723,8,22/06/2025,02:48:15,4,22/06/2025,03:05:22
F,28.0,80550,10,22/06/2025,02:39:04,6,22/06/2025,03:03:51
M,22.0,54465,14,22/06/2025,02:37:43,21,22/06/2025,02:45:00
F,44.0,30512,15,22/06/2025,02:51:34,6,22/06/2025,03:15:29
M,32.0,33712,15,22/06/2025,02:15:39,8,22/06/2025,02:25:11
F,29.0,67120,20,22/06/2025,02:33:50,24,22/06/2025,02:49:03
M,42.0,84648,24,22/06/2025,02:56:47,15,22/06/2025,03:12:37
M,39.0,46868,5,22/06/2025,03:22:14,2,22/06/2025,03:29:14
M,57.0,28268,8,22/06/2025,03:09:16,4,22/06/2025,03:28:52
M,35.0,19924,16,22/06/2025,03:10:35,12,22/06/2025,03:24:56
F,30.0,18549,19,22/06/2025,03:40:54,9,22/06/2025,03:51:03
M,20.0,7539,12,22/06/2025,04:03:34,19,22/06/2025,04:13:33
F,20.0,8781,14,22/06/2025,04:27:55,16,22/06/2025,04:38:04
M,19.0,64486,16,22/06/2025,04:58:24,18,22/06/2025,05:02:14
M,32.0,26006,1,22/06/2025,05:27:10,4,22/06/2025,05:33:39
M,28.0,38637,8,22/06/2025,05:55:53,3,22/06/2025,06:06:19
M,39.0,20933,10,22/06/2025,05:31:43,15,22/06/2025,05:49:56
F,25.0,49218,11,22/06/2025,05:06:48,17,22/06/2025,05:18:39
M,33.0,7655,14,22/06/2025,05:17:51,15,22/06/2025,05:36:51
M,55.0,87275,16,22/06/2025,05:26:59,22,22/06/2025,05:59:10
M,37.0,40299,16,22/06/2025,05:33:02,4,22/06/2025,05:46:43
M,25.0,20853,18,22/06/2025,05:04:49,21,22/06/2025,05:20:34
F,26.0,95418,19,22/06/2025,05:25:08,7,22/06/2025,05:32:35
M,30.0,8470,21,22/06/2025,05:11:18,6,22/06/2025,05:21:15
F,35.0,26674,22,22/06/2025,05:45:09,8,22/06/2025,05:56:21
M,42.0,21929,2,22/06/2025,06:19:37,3,22/06/2025,06:24:27
M,28.0,21850,3,22/06/2025,06:02:45,7,22/06/2025,06:08:28
M,47.0,65897,5,22/06/2025,06:24:44,4,22/06/2025,06:39:16
M,30.0,46434,9,22/06/2025,06:23:56,10,22/06/2025,06:31:38
M,36.0,62553,10,22/06/2025,06:55:09,17,22/06/2025,07:11:18
F,34.0,96373,11,22/06/2025,06:10:47,3,22/06/2025,06:32:17
M,22.0,29293,11,22/06/2025,06:15:03,15,22/06/2025,06:31:59
F,44.0,62138,17,22/06/2025,06:19:34,18,22/06/2025,06:39:24
M,28.0,93187,18,22/06/2025,06:42:20,17,22/06/2025,07:01:30
M,33.0,2334,21,22/06/2025,06:21:23,7,22/06/2025,06:44:46
F,30.0,71846,22,22/06/2025,06:22:03,13,22/06/2025,06:31:34
F,38.0,16276,2,22/06/2025,07:10:30,7,22/06/2025,07:25:13
M,41.0,22275,7,22/06/2025,07:54:28,6,22/06/2025,08:06:20
F,27.0,41133,15,22/06/2025,07:39:26,11,22/06/2025,07:45:04
M,26.0,86438,19,22/06/2025,07:17:40,12,22/06/2025,07:43:39
M,36.0,96501,21,22/06/2025,07:22:38,17,22/06/2025,07:26:51
M,50.0,30758,23,22/06/2025,07:20:13,19,22/06/2025,07:32:29
F,16.0,49384,1,22/06/2025,08:30:49,3,22/06/2025,08:42:05
F,34.0,77407,2,22/06/2025,08:02:49,22,22/06/2025,08:12:10
M,25.0,17218,2,22/06/2025,08:27:10,7,22/06/2025,08:44:45
F,21.0,20351,3,22/06/2025,08:25:41,7,22/06/2025,08:44:41
M,36.0,19261,4,22/06/2025,08:18:37,24,22/06/2025,08:36:02
M,42.0,69595,9,22/06/2025,08:07:43,14,22/06/2025,08:32:20
F,40.0,1651,10,22/06/2025,08:25:47,8,22/06/2025,08:46:12
M,46.0,46560,10,22/06/2025,08:17:39,3,22/06/2025,08:37:07
F,28.0,63258,16,22/06/2025,08:20:42,7,22/06/2025,08:37:29
F,52.0,52982,18,22/06/2025,08:28:11,9,22/06/2025,08:41:02
F,27.0,20202,22,22/06/2025,08:37:26,8,22/06/2025,08:53:38
F,46.0,37922,1,22/06/2025,09:58:38,7,22/06/2025,10:02:21
M,30.0,30129,2,22/06/2025,09:58:03,3,22/06/2025,10:10:58
M,47.0,93141,2,22/06/2025,09:56:53,6,22/06/2025,10:10:54
M,31.0,41348,5,22/06/2025,09:04:47,10,22/06/2025,09:19:48
M,32.0,67043,5,22/06/2025,09:30:26,10,22/06/2025,09:48:31
M,31.0,2861,6,22/06/2025,09:50:49,24,22/06/2025,10:18:46
M,38.0,57845,11,22/06/2025,09:57:34,12,22/06/2025,10:18:35
F,37.0,85524,14,22/06/2025,09:55:43,10,22/06/2025,10:05:32
F,34.0,21546,16,22/06/2025,09:43:44,10,22/06/2025,10:13:06
F,19.0,87961,17,22/06/2025,09:13:57,16,22/06/2025,09:35:05
M,45.0,15596,17,22/06/2025,09:07:21,2,22/06/2025,09:29:31
F,37.0,45153,17,22/06/2025,09:48:22,22,22/06/2025,10:07:07
F,51.0,52105,18,22/06/2025,09:50:36,14,22/06/2025,09:57:35
F,49.0,36997,20,22/06/2025,09:38:00,18,22/06/2025,09:54:44
M,50.0,53836,20,22/06/2025,09:54:59,4,22/06/2025,10:03:08
F,29.0,73683,22,22/06/2025,09:34:53,24,22/06/2025,09:53:47
F,17.0,74743,2,22/06/2025,10:27:59,16,22/06/2025,10:42:00
F,22.0,12458,4,22/06/2025,10:17:28,3,22/06/2025,10:29:54
M,33.0,19828,5,22/06/2025,10:47:05,1,22/06/2025,11:03:24
F,39.0,62684,13,22/06/2025,10:01:36,8,22/06/2025,10:14:31
F,16.0,23936,15,22/06/2025,10:57:56,7,22/06/2025,11:09:58
F,33.0,85858,15,22/06/2025,10:43:19,24,22/06/2025,10:57:31
M,28.0,1364,18,22/06/2025,10:20:54,2,22/06/2025,10:35:53
F,33.0,37362,19,22/06/2025,10:41:11,21,22/06/2025,10:59:14
M,41.0,14194,21,22/06/2025,10:42:51,18,22/06/2025,11:06:56
F,41.0,70463,21,22/06/2025,10:32:15,6,22/06/2025,10:44:04
F,41.0,89605,22,22/06/2025,10:57:01,12,22/06/2025,11:01:53
F,44.0,39648,23,22/06/2025,10:32:28,10,22/06/2025,10:53:17
M,41.0,52136,1,22/06/2025,11:51:59,11,22/06/2025,12:07:27
M,26.0,53809,1,22/06/2025,11:38:43,4,22/06/2025,11:45:26
F,33.0,87936,1,22/06/2025,11:53:39,2,22/06/2025,12:11:05
F,26.0,24333,1,22/06/2025,11:50:56,5,22/06/2025,12:09:55
M,34.0,51977,1,22/06/2025,11:07:35,13,22/06/2025,11:17:12
M,30.0,66173,2,22/06/2025,11:11:36,8,22/06/2025,11:31:54
F,31.0,75289,2,22/06/2025,11:41:55,7,22/06/2025,11:57:20
M,40.0,23256,3,22/06/2025,11:09:42,9,22/06/2025,11:26:46
M,33.0,15947,4,22/06/2025,11:00:28,22,22/06/2025,11:19:34
M,37.0,11697,4,22/06/2025,11:32:56,17,22/06/2025,11:54:11
M,27.0,33544,4,22/06/2025,11:35:07,20,22/06/2025,11:53:38
M,22.0,77424,4,22/06/2025,11:12:05,19,22/06/2025,11:29:11
F,49.0,62887,6,22/06/2025,11:19:20,7,22/06/2025,11:41:05
M,38.0,93238,6,22/06/2025,11:05:59,11,22/06/2025,11:26:10
F,22.0,82544,6,22/06/2025,11:07:55,7,22/06/2025,11:25:56
M,47.0,57555,7,22/06/2025,11:00:04,14,22/06/2025,11:11:16
M,18.0,53439,9,22/06/2025,11:41:43,10,22/06/2025,11:52:43
F,29.0,90035,10,22/06/2025,11:57:42,12,22/06/2025,12:18:23
M,33.0,8748,10,22/06/2025,11:37:43,13,22/06/2025,11:57:55
M,36.0,22832,10,22/06/2025,11:27:54,3,22/06/2025,11:37:01
M,40.0,93094,10,22/06/2025,11:50:56,18,22/06/2025,12:04:16
M,16.0,61279,15,22/06/2025,11:43:42,7,22/06/2025,12:02:25
M,24.0,19447,17,22/06/2025,11:45:23,21,22/06/2025,12:13:19
F,34.0,37822,18,22/06/2025,11:33:38,23,22/06/2025,11:44:45
F,27.0,45540,19,22/06/2025,11:26:28,22,22/06/2025,11:35:20
M,21.0,83724,1,22/06/2025,12:50:20,18,22/06/2025,13:13:28
M,16.0,94204,2,22/06/2025,12:14:20,10,22/06/2025,12:33:19
M,34.0,35286,2,22/06/2025,12:00:52,17,22/06/2025,12:03:52
F,30.0,16091,2,22/06/2025,12:13:31,1,22/06/2025,12:31:18
M,48.0,16818,3,22/06/2025,12:27:58,5,22/06/2025,12:50:05
M,42.0,3370,3,22/06/2025,12:43:17,5,22/06/2025,12:54:34
M,31.0,68955,4,22/06/2025,12:43:21,3,22/06/2025,12:59:01
M,36.0,84089,4,22/06/2025,12:07:48,12,22/06/2025,12:15:10
M,40.0,83789,4,22/06/2025,12:51:08,19,22/06/2025,12:54:08
F,16.0,10587,5,22/06/2025,12:26:04,16,22/06/2025,12:45:35
M,41.0,28262,6,22/06/2025,12:26:28,24,22/06/2025,12:46:23
M,35.0,60187,6,22/06/2025,12:34:04,24,22/06/2025,12:55:04
F,32.0,18839,8,22/06/2025,12:50:29,18,22/06/2025,13:06:31
M,17.0,67006,10,22/06/2025,12:55:38,12,22/06/2025,13:09:43
M,29.0,67948,10,22/06/2025,12:28:37,4,22/06/2025,12:44:48
M,34.0,31160,12,22/06/2025,12:10:34,7,22/06/2025,12:27:28
M,23.0,67339,13,22/06/2025,12:28:33,22,22/06/2025,12:36:36
M,25.0,29528,15,22/06/2025,12:36:38,19,22/06/2025,12:56:49
M,22.0,56091,15,22/06/2025,12:26:19,6,22/06/2025,12:41:38
M,33.0,56006,15,22/06/2025,12:39:09,4,22/06/2025,12:46:30
F,27.0,45237,15,22/06/2025,12:20:09,8,22/06/2025,12:32:40
F,27.0,86691,16,22/06/2025,12:51:20,21,22/06/2025,13:02:52
M,33.0,93895,16,22/06/2025,12:35:58,4,22/06/2025,12:50:17
M,53.0,54105,17,22/06/2025,12:59:09,12,22/06/2025,13:07:54
M,29.0,48907,18,22/06/2025,12:47:42,15,22/06/2025,13:04:26
M,26.0,43080,19,22/06/2025,12:35:04,17,22/06/2025,12:42:35
M,38.0,30307,19,22/06/2025,12:25:43,17,22/06/2025,12:36:44
F,58.0,11803,21,22/06/2025,12:11:04,15,22/06/2025,12:21:59
F,32.0,66801,21,22/06/2025,12:47:05,11,22/06/2025,13:01:19
F,40.0,37657,22,22/06/2025,12:15:01,7,22/06/2025,12:18:01
M,21.0,59922,1,22/06/2025,13:18:22,2,22/06/2025,13:39:30
F,17.0,99518,2,22/06/2025,13:53:20,12,22/06/2025,14:05:32
M,35.0,74942,4,22/06/2025,13:25:06,3,22/06/2025,13:40:35
M,41.0,98036,4,22/06/2025,13:38:24,22,22/06/2025,13:52:21
M,25.0,59235,5,22/06/2025,13:31:03,10,22/06/2025,13:36:43
M,32.0,16508,6,22/06/2025,13:31:39,2,22/06/2025,13:39:22
M,47.0,10507,6,22/06/2025,13:29:03,2,22/06/2025,13:41:50
M,25.0,29905,6,22/06/2025,13:55:43,12,22/06/2025,14:04:10
M,37.0,48823,7,22/06/2025,13:03:00,17,22/06/2025,13:28:21
M,22.0,12357,8,22/06/2025,13:44:19,22,22/06/2025,13:51:15
M,24.0,51385,10,22/06/2025,13:42:59,22,22/06/2025,13:50:52
M,34.0,63780,11,22/06/2025,13:57:25,16,22/06/2025,14:19:56
M,48.0,45166,14,22/06/2025,13:31:59,4,22/06/2025,13:48:41
F,16.0,63963,14,22/06/2025,13:57:30,4,22/06/2025,14:05:02
F,46.0,79103,15,22/06/2025,13:33:33,10,22/06/2025,13:56:00
M,37.0,92462,16,22/06/2025,13:51:54,19,22/06/2025,14:01:07
M,30.0,84856,16,22/06/2025,13:03:49,11,22/06/2025,13:27:48
M,27.0,59033,16,22/06/2025,13:46:13,4,22/06/2025,14:08:05
M,44.0,94300,16,22/06/2025,13:29:05,20,22/06/2025,13:32:05
M,20.0,40697,18,22/06/2025,13:59:11,3,22/06/2025,14:23:01
M,23.0,96586,20,22/06/2025,13:15:59,4,22/06/2025,13:35:39
F,39.0,72100,20,22/06/2025,13:35:29,11,22/06/2025,13:41:45
F,43.0,39620,20,22/06/2025,13:34:20,6,22/06/2025,13:49:39
F,29.0,98716,21,22/06/2025,13:08:40,24,22/06/2025,13:11:40
M,29.0,18571,21,22/06/2025,13:19:51,23,22/06/2025,13:30:50
M,47.0,10514,21,22/06/2025,13:24:16,16,22/06/2025,13:34:39
F,27.0,54596,23,22/06/2025,13:41:49,18,22/06/2025,13:46:15
M,16.0,16089,24,22/06/2025,13:16:09,10,22/06/2025,13:40:26
F,46.0,62606,24,22/06/2025,13:34:29,15,22/06/2025,13:48:57
F,31.0,44053,1,22/06/2025,14:06:43,7,22/06/2025,14:27:32
F,32.0,7403,1,22/06/2025,14:42:41,6,22/06/2025,15:04:14
F,31.0,61020,2,22/06/2025,14:27:09,1,22/06/2025,14:41:52
F,23.0,16889,2,22/06/2025,14:48:37,20,22/06/2025,15:04:11
F,36.0,58885,2,22/06/2025,14:52:55,9,22/06/2025,15:10:34
M,28.0,23289,2,22/06/2025,14:12:42,8,22/06/2025,14:26:22
M,25.0,23083,2,22/06/2025,14:49:57,9,22/06/2025,15:04:14
F,33.0,2040,4,22/06/2025,14:30:36,8,22/06/2025,14:45:50
M,31.0,26672,4,22/06/2025,14:39:44,7,22/06/2025,14:51:06
M,21.0,36361,5,22/06/2025,14:28:51,9,22/06/2025,14:36:06
M,29.0,50940,6,22/06/2025,14:27:39,1,22/06/2025,14:54:54
F,32.0,37280,6,22/06/2025,14:52:12,2,22/06/2025,15:04:20
F,32.0,4042,6,22/06/2025,14:02:52,17,22/06/2025,14:30:34
M,46.0,37166,8,22/06/2025,14:39:40,13,22/06/2025,15:03:36
F,43.0,38485,9,22/06/2025,14:51:43,7,22/06/2025,14:59:00
M,40.0,17531,10,22/06/2025,14:11:29,7,22/06/2025,14:20:57
M,25.0,57296,11,22/06/2025,14:43:15,8,22/06/2025,14:51:10
M,39.0,6139,11,22/06/2025,14:41:44,12,22/06/2025,14:51:23
M,35.0,75356,13,22/06/2025,14:18:48,22,22/06/2025,14:40:41
M,42.0,61726,14,22/06/2025,14:58:26,8,22/06/2025,15:12:34
M,33.0,7181,14,22/06/2025,14:58:31,19,22/06/2025,15:01:44
M,31.0,16834,15,22/06/2025,14:33:45,2,22/06/2025,14:46:06
F,25.0,48908,16,22/06/2025,14:59:52,12,22/06/2025,15:09:57
M,38.0,62981,17,22/06/2025,14:04:35,13,22/06/2025,14:29:44
M,19.0,81061,17,22/06/2025,14:12:31,24,22/06/2025,14:31:47
F,39.0,45637,17,22/06/2025,14:09:29,2,22/06/2025,14:18:12
M,35.0,46827,17,22/06/2025,14:43:07,23,22/06/2025,14:46:07
M,31.0,29791,18,22/06/2025,14:17:32,14,22/06/2025,14:34:04
M,31.0,90887,19,22/06/2025,14:33:14,16,22/06/2025,14:56:33
M,25.0,80236,19,22/06/2025,14:05:57,15,22/06/2025,14:16:49
M,35.0,23853,20,22/06/2025,14:06:27,10,22/06/2025,14:24:22
F,39.0,17419,21,22/06/2025,14:31:40,20,22/06/2025,14:59:44
M,31.0,32733,21,22/06/2025,14:44:22,16,22/06/2025,15:01:21
M,52.0,27512,22,22/06/2025,14:52:10,21,22/06/2025,15:20:50
M,32.0,80627,24,22/06/2025,14:20:45,19,22/06/2025,14:32:15
F,26.0,20115,1,22/06/2025,15:52:11,7,22/06/2025,16:02:22
F,40.0,94299,1,22/06/2025,15:00:41,3,22/06/2025,15:23:20
M,41.0,8451,1,22/06/2025,15:10:20,16,22/06/2025,15:22:51
M,19.0,77071,2,22/06/2025,15:49:31,21,22/06/2025,16:11:50
M,28.0,82145,2,22/06/2025,15:35:35,7,22/06/2025,15:49:31
M,30.0,2548,2,22/06/2025,15:24:30,16,22/06/2025,15:36:37
F,49.0,34786,4,22/06/2025,15:57:50,3,22/06/2025,16:16:46
M,34.0,64055,5,22/06/2025,15:20:51,21,22/06/2025,15:35:49
F,37.0,90940,6,22/06/2025,15:01:51,8,22/06/2025,15:25:19
M,33.0,11072,7,22/06/2025,15:06:42,6,22/06/2025,15:16:07
F,36.0,92229,7,22/06/2025,15:12:00,10,22/06/2025,15:38:10
M,31.0,1186,9,22/06/2025,15:50:09,10,22/06/2025,16:08:35
F,16.0,59797,10,22/06/2025,15:36:00,8,22/06/2025,15:57:24
M,22.0,84807,10,22/06/2025,15:05:07,19,22/06/2025,15:25:00
F,25.0,62177,11,22/06/2025,15:07:54,8,22/06/2025,15:27:44
M,31.0,83506,12,22/06/2025,15:36:39,11,22/06/2025,15:59:40
M,32.0,45345,12,22/06/2025,15:29:49,11,22/06/2025,16:01:35
M,38.0,24747,12,22/06/2025,15:46:43,3,22/06/2025,16:05:31
M,20.0,29915,12,22/06/2025,15:18:36,7,22/06/2025,15:33:55
F,46.0,84905,13,22/06/2025,15:03:12,21,22/06/2025,15:16:17
M,26.0,46309,16,22/06/2025,15:17:14,12,22/06/2025,15:34:39
F,36.0,96802,16,22/06/2025,15:08:29,22,22/06/2025,15:21:09
F,32.0,81983,16,22/06/2025,15:11:46,14,22/06/2025,15:35:46
M,32.0,96977,16,22/06/2025,15:14:07,22,22/06/2025,15:22:18
F,31.0,30648,17,22/06/2025,15:50:58,22,22/06/2025,15:59:11
M,29.0,47172,17,22/06/2025,15:15:09,21,22/06/2025,15:18:14
M,27.0,90470,18,22/06/2025,15:08:48,16,22/06/2025,15:25:09
M,39.0,60712,18,22/06/2025,15:43:19,14,22/06/2025,15:46:19
M,27.0,5839,19,22/06/2025,15:30:45,8,22/06/2025,15:46:28
M,43.0,43599,19,22/06/2025,15:17:26,3,22/06/2025,15:31:50
F,28.0,67852,19,22/06/2025,15:41:21,9,22/06/2025,16:06:02
F,54.0,4740,20,22/06/2025,15:35:14,4,22/06/2025,15:38:27
M,18.0,89471,20,22/06/2025,15:33:15,16,22/06/2025,15:44:03
M,36.0,31231,21,22/06/2025,15:26:52,23,22/06/2025,15:29:52
M,22.0,25643,22,22/06/2025,15:48:47,18,22/06/2025,16:08:45
M,30.0,68306,22,22/06/2025,15:26:15,2,22/06/2025,15:45:48
F,34.0,73187,1,22/06/2025,16:57:46,2,22/06/2025,17:21:39
M,46.0,45388,2,22/06/2025,16:53:23,4,22/06/2025,17:06:59
F,30.0,52677,5,22/06/2025,16:18:28,15,22/06/2025,16:46:18
M,31.0,54236,5,22/06/2025,16:37:51,3,22/06/2025,16:59:03
M,56.0,4473,8,22/06/2025,16:19:27,3,22/06/2025,16:24:21
M,30.0,67416,8,22/06/2025,16:17:33,1,22/06/2025,16:27:31
M,36.0,57646,9,22/06/2025,16:44:32,19,22/06/2025,16:50:33
M,47.0,53973,10,22/06/2025,16:49:57,14,22/06/2025,16:53:49
F,34.0,16585,11,22/06/2025,16:28:49,4,22/06/2025,16:33:43
M,31.0,44568,11,22/06/2025,16:49:01,16,22/06/2025,17:02:27
M,22.0,43772,12,22/06/2025,16:50:41,14,22/06/2025,17:00:01
F,53.0,46714,13,22/06/2025,16:58:04,12,22/06/2025,17:03:48
M,45.0,77230,17,22/06/2025,16:41:05,21,22/06/2025,16:57:37
F,44.0,91753,19,22/06/2025,16:18:34,18,22/06/2025,16:21:34
F,48.0,51533,20,22/06/2025,16:50:47,9,22/06/2025,16:53:47
F,30.0,39717,21,22/06/2025,16:52:11,7,22/06/2025,17:06:06
M,27.0,35901,21,22/06/2025,16:58:48,14,22/06/2025,17:11:04
M,30.0,55006,21,22/06/2025,16:48:49,22,22/06/2025,17:08:42
M,24.0,63839,21,22/06/2025,16:09:43,23,22/06/2025,16:28:07
M,21.0,10624,22,22/06/2025,16:44:19,23,22/06/2025,16:56:50
M,38.0,94126,22,22/06/2025,16:56:39,6,22/06/2025,17:18:14
M,19.0,7101,23,22/06/2025,16:20:11,14,22/06/2025,16:38:14
M,37.0,10500,23,22/06/2025,16:26:01,7,22/06/2025,16:34:04
F,18.0,7479,23,22/06/2025,16:28:05,7,22/06/2025,16:44:27
M,42.0,93124,24,22/06/2025,16:23:05,15,22/06/2025,16:29:23
M,29.0,15490,1,22/06/2025,17:52:54,16,22/06/2025,18:14:26
M,25.0,28282,2,22/06/2025,17:05:44,10,22/06/2025,17:09:16
M,24.0,72047,2,22/06/2025,17:23:39,10,22/06/2025,17:26:39
M,38.0,17726,2,22/06/2025,17:05:05,3,22/06/2025,17:09:21
M,39.0,86178,2,22/06/2025,17:10:50,21,22/06/2025,17:20:03
M,37.0,97161,3,22/06/2025,17:47:42,7,22/06/2025,17:56:44
M,31.0,47093,10,22/06/2025,17:02:19,9,22/06/2025,17:12:51
M,43.0,50035,10,22/06/2025,17:33:47,4,22/06/2025,17:36:47
M,42.0,69255,10,22/06/2025,17:05:21,23,22/06/2025,17:08:21
M,29.0,62600,13,22/06/2025,17:02:33,18,22/06/2025,17:13:47
F,46.0,44849,14,22/06/2025,17:52:19,10,22/06/2025,17:58:49
M,37.0,5324,15,22/06/2025,17:54:30,4,22/06/2025,18:09:11
F,39.0,67327,17,22/06/2025,17:39:40,16,22/06/2025,17:56:56
F,52.0,46781,18,22/06/2025,17:59:37,11,22/06/2025,18:13:09
M,26.0,93918,18,22/06/2025,17:09:03,13,22/06/2025,17:12:43
F,25.0,15365,18,22/06/2025,17:26:13,19,22/06/2025,17:33:14
F,41.0,70311,19,22/06/2025,17:47:43,15,22/06/2025,18:00:21
F,29.0,39733,20,22/06/2025,17:58:39,17,22/06/2025,18:13:07
F,20.0,77678,20,22/06/2025,17:12:01,16,22/06/2025,17:26:34
M,33.0,95287,21,22/06/2025,17:31:21,10,22/06/2025,17:45:31
M,25.0,83936,1,22/06/2025,18:36:25,6,22/06/2025,18:58:36
F,16.0,72758,2,22/06/2025,18:31:52,1,22/06/2025,18:52:39
M,36.0,3892,3,22/06/2025,18:00:30,2,22/06/2025,18:03:30
M,47.0,59222,4,22/06/2025,18:50:06,12,22/06/2025,18:55:41
M,35.0,36961,5,22/06/2025,18:42:44,21,22/06/2025,19:02:23
M,39.0,62364,6,22/06/2025,18:41:15,13,22/06/2025,19:01:01
F,16.0,96024,13,22/06/2025,18:19:48,11,22/06/2025,18:24:56
M,34.0,50135,16,22/06/2025,18:58:14,6,22/06/2025,19:22:05
M,24.0,54420,17,22/06/2025,18:14:51,20,22/06/2025,18:33:21
M,30.0,89451,19,22/06/2025,18:25:04,11,22/06/2025,18:47:57
M,36.0,96007,19,22/06/2025,18:07:23,20,22/06/2025,18:24:33
M,27.0,75996,22,22/06/2025,18:18:11,13,22/06/2025,18:35:40
F,44.0,27858,22,22/06/2025,18:55:33,23,22/06/2025,19:19:36
M,25.0,87405,22,22/06/2025,18:29:05,20,22/06/2025,18:48:29
M,33.0,78618,23,22/06/2025,18:53:20,4,22/06/2025,18:56:20
M,28.0,11597,24,22/06/2025,18:34:47,23,22/06/2025,18:42:22
F,40.0,80709,1,22/06/2025,19:26:16,18,22/06/2025,19:40:01
F,40.0,54206,2,22/06/2025,19:52:31,12,22/06/2025,20:19:40
M,18.0,92990,4,22/06/2025,19:01:04,14,22/06/2025,19:15:21
F,23.0,14347,5,22/06/2025,19:02:11,17,22/06/2025,19:20:17
F,45.0,56279,11,22/06/2025,19:14:01,17,22/06/2025,19:33:50
F,23.0,69161,11,22/06/2025,19:00:47,5,22/06/2025,19:19:55
F,38.0,3388,12,22/06/2025,19:35:42,3,22/06/2025,19:52:32
M,21.0,76991,12,22/06/2025,19:50:07,1,22/06/2025,20:10:09
F,44.0,58386,16,22/06/2025,19:49:00,8,22/06/2025,19:58:34
M,29.0,19226,17,22/06/2025,19:13:04,2,22/06/2025,19:22:32
M,46.0,16933,18,22/06/2025,19:59:50,9,22/06/2025,20:24:01
F,37.0,5266,19,22/06/2025,19:42:44,12,22/06/2025,19:57:42
F,40.0,93630,19,22/06/2025,19:47:12,24,22/06/2025,20:03:15
F,36.0,48427,20,22/06/2025,19:39:05,12,22/06/2025,20:02:48
M,44.0,97000,20,22/06/2025,19:26:19,1,22/06/2025,19:40:53
M,32.0,77242,20,22/06/2025,19:24:10,8,22/06/2025,19:42:52
M,33.0,21227,1,22/06/2025,20:59:47,3,22/06/2025,21:22:08
M,19.0,33078,2,22/06/2025,20:24:36,3,22/06/2025,20:47:59
M,41.0,7919,2,22/06/2025,20:53:56,4,22/06/2025,20:56:56
F,51.0,63646,6,22/06/2025,20:44:17,20,22/06/2025,20:47:26
F,39.0,50232,6,22/06/2025,20:40:05,11,22/06/2025,20:54:44
M,49.0,46698,8,22/06/2025,20:11:03,11,22/06/2025,20:32:37
F,26.0,94043,9,22/06/2025,20:53:22,3,22/06/2025,21:07:12
F,41.0,95204,13,22/06/2025,20:09:30,22,22/06/2025,20:15:06
F,37.0,66944,14,22/06/2025,20:50:49,19,22/06/2025,21:16:14
M,32.0,45237,14,22/06/2025,20:46:22,19,22/06/2025,20:49:22
M,28.0,35714,19,22/06/2025,20:36:54,2,22/06/2025,20:59:54
F,40.0,32270,21,22/06/2025,20:15:19,9,22/06/2025,20:32:20
F,30.0,53010,22,22/06/2025,20:23:46,12,22/06/2025,20:52:50
F,39.0,60859,23,22/06/2025,20:46:54,7,22/06/2025,20:56:22
M,46.0,75638,2,22/06/2025,21:06:55,6,22/06/2025,21:20:40
M,16.0,49207,3,22/06/2025,21:20:56,14,22/06/2025,21:35:46
M,42.0,32682,4,22/06/2025,21:35:04,24,22/06/2025,21:59:43
F,34.0,46550,6,22/06/2025,21:46:47,1,22/06/2025,22:05:43
M,26.0,48489,10,22/06/2025,21:33:07,15,22/06/2025,21:43:49
M,32.0,52421,10,22/06/2025,21:48:15,4,22/06/2025,22:09:59
M,21.0,83756,11,22/06/2025,21:10:26,13,22/06/2025,21:19:20
F,30.0,84188,12,22/06/2025,21:34:46,9,22/06/2025,21:39:44
M,39.0,12769,15,22/06/2025,21:59:05,8,22/06/2025,22:20:46
M,19.0,42732,17,22/06/2025,21:36:06,21,22/06/2025,22:02:49
M,47.0,93170,18,22/06/2025,21:32:48,13,22/06/2025,21:41:47
F,41.0,39482,22,22/06/2025,21:48:54,21,22/06/2025,22:03:24
M,33.0,31407,22,22/06/2025,21:04:09,13,22/06/2025,21:22:14
M,48.0,94708,4,22/06/2025,22:21:59,21,22/06/2025,22:31:05
M,42.0,40383,10,22/06/2025,22:12:26,14,22/06/2025,22:32:48
M,40.0,59975,12,22/06/2025,22:53:20,17,22/06/2025,23:02:18
M,27.0,82538,13,22/06/2025,22:13:35,2,22/06/2025,22:38:56
F,32.0,69752,13,22/06/2025,22:52:56,24,22/06/2025,23:03:10
M,39.0,27903,20,22/06/2025,22:17:50,14,22/06/2025,22:40:57
F,25.0,87500,24,22/06/2025,22:46:43,15,22/06/2025,23:06:01
M,31.0,48152,1,22/06/2025,23:41:09,10,22/06/2025,23:55:48
M,22.0,24748,8,22/06/2025,23:53:55,6,23/06/2025,00:20:11
M,23.0,93178,11,22/06/2025,23:20:18,2,22/06/2025,23:42:26
M,30.0,30015,15,22/06/2025,23:38:14,9,22/06/2025,23:48:40
F,53.0,42272,16,22/06/2025,23:12:41,7,22/06/2025,23:31:55
F,32.0,27380,22,22/06/2025,23:03:19,3,22/06/2025,23:21:03
F,35.0,98510,1,23/06/2025,00:15:18,11,23/06/2025,00:20:49
F,43.0,72959,3,23/06/2025,00:52:24,7,23/06/2025,01:07:32
M,37.0,36022,13,23/06/2025,00:20:47,11,23/06/2025,00:31:59
M,35.0,43335,1,23/06/2025,01:38:40,8,23/06/2025,02:10:02
M,48.0,75001,2,23/06/2025,01:26:58,23,23/06/2025,01:44:16
F,32.0,39739,8,23/06/2025,01:58:46,7,23/06/2025,02:08:23
M,34.0,18878,18,23/06/2025,01:10:24,19,23/06/2025,01:23:01
M,26.0,44606,2,23/06/2025,02:38:54,3,23/06/2025,02:56:51
F,16.0,33508,10,23/06/2025,02:17:22,17,23/06/2025,02:27:06
F,51.0,12846,19,23/06/2025,02:20:46,14,23/06/2025,02:39:29
M,37.0,14200,24,23/06/2025,02:11:02,21,23/06/2025,02:23:53
M,23.0,4227,3,23/06/2025,03:14:05,17,23/06/2025,03:38:28
M,27.0,84597,10,23/06/2025,03:02:08,5,23/06/2025,03:05:08
M,45.0,33713,14,23/06/2025,03:38:50,15,23/06/2025,03:46:10
M,25.0,31287,16,23/06/2025,03:11:19,22,23/06/2025,03:28:04
M,37.0,67610,18,23/06/2025,03:46:00,23,23/06/2025,04:07:13
F,46.0,55877,10,23/06/2025,04:39:38,19,23/06/2025,05:01:26
F,25.0,5710,15,23/06/2025,04:07:45,11,23/06/2025,04:39:56
M,30.0,14232,15,23/06/2025,04:30:22,7,23/06/2025,04:35:11
F,48.0,1371,17,23/06/2025,04:39:12,4,23/06/2025,05:00:06
M,46.0,49610,19,23/06/2025,04:55:52,10,23/06/2025,05:14:03
M,33.0,10639,20,23/06/2025,04:58:45,19,23/06/2025,05:22:59
M,45.0,70505,2,23/06/2025,05:43:40,8,23/06/2025,05:55:16
M,28.0,87703,5,23/06/2025,05:29:12,24,23/06/2025,05:32:12
M,44.0,52353,8,23/06/2025,05:28:58,17,23/06/2025,05:47:12
F,23.0,16240,11,23/06/2025,05:08:27,4,23/06/2025,05:25:09
F,40.0,26903,15,23/06/2025,05:54:40,13,23/06/2025,06:03:51
M,32.0,97930,16,23/06/2025,05:42:01,8,23/06/2025,06:01:16
M,52.0,66122,19,23/06/2025,05:13:44,16,23/06/2025,05:29:55
M,37.0,19983,19,23/06/2025,05:31:01,23,23/06/2025,05:46:43
M,41.0,7526,20,23/06/2025,05:54:24,10,23/06/2025,06:10:41
M,42.0,65816,21,23/06/2025,05:33:29,24,23/06/2025,05:50:30
F,34.0,76892,21,23/06/2025,05:44:22,18,23/06/2025,06:07:02
M,38.0,23044,1,23/06/2025,06:46:21,13,23/06/2025,07:10:36
M,36.0,70255,1,23/06/2025,06:47:51,11,23/06/2025,07:05:52
F,31.0,63069,1,23/06/2025,06:56:27,2,23/06/2025,07:20:52
M,50.0,37834,2,23/06/2025,06:21:01,8,23/06/2025,06:24:05
M,43.0,91784,2,23/06/2025,06:26:18,1,23/06/2025,06:47:04
M,25.0,97106,3,23/06/2025,06:41:55,16,23/06/2025,06:58:41
F,16.0,98779,4,23/06/2025,06:46:14,19,23/06/2025,07:07:26
M,38.0,19793,6,23/06/2025,06:33:59,11,23/06/2025,06:54:18
M,48.0,28882,8,23/06/2025,06:29:52,6,23/06/2025,06:42:38
M,34.0,57365,9,23/06/2025,06:05:24,19,23/06/2025,06:18:30
M,24.0,77900,9,23/06/2025,06:32:57,23,23/06/2025,06:48:18
F,36.0,33704,10,23/06/2025,06:33:37,4,23/06/2025,06:41:56
M,27.0,58314,11,23/06/2025,06:50:31,21,23/06/2025,07:08:23
M,28.0,36432,13,23/06/2025,06:09:12,5,23/06/2025,06:21:55
F,40.0,52306,16,23/06/2025,06:24:35,23,23/06/2025,06:32:53
M,30.0,14802,18,23/06/2025,06:10:47,6,23/06/2025,06:16:54
M,32.0,66992,21,23/06/2025,06:13:49,4,23/06/2025,06:16:49
M,32.0,65957,21,23/06/2025,06:01:33,8,23/06/2025,06:04:33
M,38.0,55546,21,23/06/2025,06:28:55,11,23/06/2025,06:32:11
M,59.0,83823,21,23/06/2025,06:04:08,22,23/06/2025,06:17:12
M,34.0,95390,22,23/06/2025,06:25:16,24,23/06/2025,06:30:23
F,46.0,20140,22,23/06/2025,06:21:24,15,23/06/2025,06:36:41
M,35.0,99364,1,23/06/2025,07:10:56,6,23/06/2025,07:18:44
F,35.0,30717,1,23/06/2025,07:40:04,20,23/06/2025,07:44:33
M,42.0,77242,2,23/06/2025,07:52:42,16,23/06/2025,08:03:15
F,29.0,72093,2,23/06/2025,07:24:31,16,23/06/2025,07:45:43
M,31.0,32524,2,23/06/2025,07:27:35,1,23/06/2025,07:36:25
F,35.0,67725,3,23/06/2025,07:52:13,24,23/06/2025,08:05:30
F,37.0,21679,3,23/06/2025,07:09:53,22,23/06/2025,07:21:16
F,36.0,4795,4,23/06/2025,07:55:00,11,23/06/2025,08:11:18
M,34.0,18399,6,23/06/2025,07:58:35,13,23/06/2025,08:10:41
M,24.0,49308,6,23/06/2025,07:40:01,8,23/06/2025,08:03:21
M,24.0,84660,8,23/06/2025,07:35:24,14,23/06/2025,07:44:15
M,23.0,3087,8,23/06/2025,07:41:30,7,23/06/2025,07:55:12
M,45.0,47196,11,23/06/2025,07:17:42,16,23/06/2025,07:42:01
F,46.0,71416,12,23/06/2025,07:02:35,24,23/06/2025,07:13:04
M,20.0,14846,12,23/06/2025,07:40:11,20,23/06/2025,07:48:46
M,35.0,33274,13,23/06/2025,07:24:08,20,23/06/2025,07:29:38
F,27.0,82687,15,23/06/2025,07:58:50,14,23/06/2025,08:05:29
M,26.0,81487,16,23/06/2025,07:04:47,21,23/06/2025,07:13:02
F,19.0,13503,16,23/06/2025,07:49:31,11,23/06/2025,08:18:17
M,51.0,87817,17,23/06/2025,07:49:45,22,23/06/2025,08:16:08
M,45.0,78276,17,23/06/2025,07:21:04,22,23/06/2025,07:31:18
F,27.0,17650,18,23/06/2025,07:01:45,3,23/06/2025,07:13:26
M,52.0,25101,21,23/06/2025,07:39:39,14,23/06/2025,07:59:51
M,37.0,47824,22,23/06/2025,07:13:25,16,23/06/2025,07:16:25
M,52.0,70195,22,23/06/2025,07:35:15,24,23/06/2025,07:38:15
M,34.0,59663,23,23/06/2025,07:59:47,18,23/06/2025,08:13:10
M,27.0,65784,23,23/06/2025,07:41:49,20,23/06/2025,07:52:34
F,23.0,55094,1,23/06/2025,08:44:10,2,23/06/2025,09:08:35
M,24.0,86084,1,23/06/2025,08:19:42,15,23/06/2025,08:30:36
M,38.0,82145,3,23/06/2025,08:32:18,2,23/06/2025,08:47:37
M,41.0,46378,3,23/06/2025,08:17:47,8,23/06/2025,08:38:12
M,23.0,85277,3,23/06/2025,08:14:58,4,23/06/2025,08:27:13
F,42.0,32109,4,23/06/2025,08:00:43,24,23/06/2025,08:10:26
M,39.0,63417,5,23/06/2025,08:01:04,4,23/06/2025,08:15:54
F,23.0,60419,6,23/06/2025,08:07:32,2,23/06/2025,08:30:25
F,33.0,36586,6,23/06/2025,08:31:20,22,23/06/2025,08:47:09
M,27.0,92356,6,23/06/2025,08:37:09,4,23/06/2025,08:46:28
M,21.0,12225,7,23/06/2025,08:18:06,6,23/06/2025,08:36:39
F,40.0,99366,7,23/06/2025,08:51:08,15,23/06/2025,09:10:19
M,23.0,83574,8,23/06/2025,08:55:42,15,23/06/2025,09:10:47
M,23.0,2243,8,23/06/2025,08:38:55,12,23/06/2025,08:50:57
F,26.0,30496,9,23/06/2025,08:45:57,8,23/06/2025,08:57:31
F,29.0,72280,9,23/06/2025,08:15:32,13,23/06/2025,08:37:13
F,36.0,49229,9,23/06/2025,08:39:05,18,23/06/2025,08:51:25
F,45.0,97630,10,23/06/2025,08:31:22,12,23/06/2025,08:43:54
M,32.0,27370,11,23/06/2025,08:58:23,12,23/06/2025,09:18:54
M,34.0,67866,11,23/06/2025,08:16:01,10,23/06/2025,08:28:41
M,47.0,87021,12,23/06/2025,08:04:17,24,23/06/2025,08:40:37
M,19.0,24893,13,23/06/2025,08:58:25,2,23/06/2025,09:10:08
M,32.0,3790,15,23/06/2025,08:35:38,18,23/06/2025,08:52:58
M,59.0,3994,16,23/06/2025,08:03:36,21,23/06/2025,08:10:52
M,28.0,58363,16,23/06/2025,08:47:16,9,23/06/2025,09:04:55
M,21.0,43515,16,23/06/2025,08:14:33,23,23/06/2025,08:23:05
M,42.0,72188,17,23/06/2025,08:25:40,18,23/06/2025,08:47:43
M,27.0,80527,17,23/06/2025,08:24:57,23,23/06/2025,08:42:21
F,26.0,78030,18,23/06/2025,08:35:08,3,23/06/2025,08:45:54
F,40.0,20365,18,23/06/2025,08:21:47,12,23/06/2025,08:35:04
F,16.0,49980,19,23/06/2025,08:18:13,18,23/06/2025,08:37:29
F,40.0,92625,20,23/06/2025,08:18:07,9,23/06/2025,08:31:10
F,43.0,26208,21,23/06/2025,08:29:07,16,23/06/2025,08:43:03
M,36.0,53118,22,23/06/2025,08:16:52,17,23/06/2025,08:20:44
M,42.0,88843,22,23/06/2025,08:30:48,17,23/06/2025,08:47:30
F,42.0,61075,23,23/06/2025,08:04:16,21,23/06/2025,08:07:16
M,38.0,20417,1,23/06/2025,09:17:36,23,23/06/2025,09:20:36
F,27.0,99810,1,23/06/2025,09:35:34,8,23/06/2025,09:43:34
F,53.0,78462,1,23/06/2025,09:52:19,15,23/06/2025,09:58:08
F,19.0,41240,1,23/06/2025,09:49:10,6,23/06/2025,09:52:10
M,35.0,98258,2,23/06/2025,09:52:31,9,23/06/2025,10:07:15
M,42.0,43686,2,23/06/2025,09:59:44,6,23/06/2025,10:08:58
F,46.0,77995,3,23/06/2025,09:42:17,14,23/06/2025,09:47:19
M,42.0,2969,4,23/06/2025,09:28:19,13,23/06/2025,09:42:17
M,41.0,16454,4,23/06/2025,09:43:54,5,23/06/2025,10:08:47
M,40.0,44630,4,23/06/2025,09:27:25,20,23/06/2025,09:36:53
F,36.0,23985,5,23/06/2025,09:44:33,2,23/06/2025,10:03:04
F,28.0,23773,6,23/06/2025,09:14:40,12,23/06/2025,09:29:28
M,30.0,50048,6,23/06/2025,09:34:54,17,23/06/2025,09:44:51
F,54.0,14323,7,23/06/2025,09:44:59,16,23/06/2025,10:09:59
M,30.0,66625,8,23/06/2025,09:14:48,13,23/06/2025,09:26:44
M,46.0,44826,9,23/06/2025,09:10:54,19,23/06/2025,09:13:54
F,16.0,13733,10,23/06/2025,09:26:37,13,23/06/2025,09:43:59
M,22.0,14371,11,23/06/2025,09:14:36,12,23/06/2025,09:29:01
M,23.0,33967,14,23/06/2025,09:07:20,9,23/06/2025,09:11:52
M,20.0,1198,14,23/06/2025,09:42:28,6,23/06/2025,09:45:28
F,36.0,96969,15,23/06/2025,09:05:56,5,23/06/2025,09:11:53
M,29.0,94977,15,23/06/2025,09:50:24,14,23/06/2025,10:03:54
M,47.0,76062,15,23/06/2025,09:40:43,23,23/06/2025,09:51:13
F,31.0,88356,16,23/06/2025,09:57:59,14,23/06/2025,10:00:59
M,32.0,57063,19,23/06/2025,09:49:51,13,23/06/2025,09:59:26
M,32.0,94509,19,23/06/2025,09:35:13,9,23/06/2025,09:57:46
F,26.0,12515,19,23/06/2025,09:38:09,14,23/06/2025,10:08:22
F,47.0,15424,20,23/06/2025,09:48:46,14,23/06/2025,09:55:29
F,39.0,88864,20,23/06/2025,09:24:24,24,23/06/2025,09:35:47
M,37.0,92766,21,23/06/2025,09:35:40,23,23/06/2025,09:47:36
M,29.0,20956,21,23/06/2025,09:14:30,2,23/06/2025,09:34:03
F,31.0,8768,22,23/06/2025,09:54:00,20,23/06/2025,10:10:03
M,33.0,23478,23,23/06/2025,09:15:05,24,23/06/2025,09:24:14
M,31.0,15787,23,23/06/2025,09:40:38,22,23/06/2025,09:46:57
M,23.0,39346,3,23/06/2025,10:27:22,7,23/06/2025,10:36:15
M,30.0,25799,4,23/06/2025,10:41:54,5,23/06/2025,10:49:41
M,27.0,39552,4,23/06/2025,10:25:35,18,23/06/2025,10:28:35
M,22.0,6366,4,23/06/2025,10:45:08,12,23/06/2025,11:01:49
F,39.0,26413,4,23/06/2025,10:01:20,11,23/06/2025,10:14:26
M,33.0,10264,10,23/06/2025,10:36:24,20,23/06/2025,10:49:26
M,29.0,47378,10,23/06/2025,10:35:50,6,23/06/2025,10:55:41
M,35.0,78131,11,23/06/2025,10:56:41,17,23/06/2025,11:12:47
M,28.0,66494,13,23/06/2025,10:07:09,17,23/06/2025,10:27:56
F,20.0,93830,14,23/06/2025,10:14:41,10,23/06/2025,10:26:58
M,49.0,10790,16,23/06/2025,10:41:37,14,23/06/2025,10:48:20
F,16.0,57310,16,23/06/2025,10:58:44,23,23/06/2025,11:01:44
M,29.0,21718,16,23/06/2025,10:59:58,17,23/06/2025,11:15:48
M,21.0,40381,18,23/06/2025,10:21:36,22,23/06/2025,10:37:10
M,27.0,72468,19,23/06/2025,10:04:21,17,23/06/2025,10:22:14
F,36.0,1837,21,23/06/2025,10:09:57,14,23/06/2025,10:17:28
M,19.0,50387,24,23/06/2025,10:04:53,2,23/06/2025,10:16:23
F,21.0,15060,5,23/06/2025,11:01:47,3,23/06/2025,11:04:50
M,47.0,52741,7,23/06/2025,11:13:26,24,23/06/2025,11:38:58
F,45.0,1760,10,23/06/2025,11:08:53,14,23/06/2025,11:11:53
M,32.0,91146,11,23/06/2025,11:34:19,16,23/06/2025,11:50:19
F,29.0,38979,20,23/06/2025,11:19:43,17,23/06/2025,11:45:32
F,43.0,58435,2,23/06/2025,12:52:11,12,23/06/2025,13:05:16
F,42.0,13590,4,23/06/2025,12:27:33,7,23/06/2025,12:34:46
F,25.0,9153,6,23/06/2025,12:25:09,13,23/06/2025,12:40:20
F,28.0,76995,21,23/06/2025,12:12:22,15,23/06/2025,12:44:00
M,43.0,93203,21,23/06/2025,12:08:55,7,23/06/2025,12:29:44
M,48.0,19994,3,23/06/2025,13:21:07,17,23/06/2025,13:42:09
M,28.0,65342,14,23/06/2025,13:34:13,1,23/06/2025,13:56:55
M,40.0,46433,1,23/06/2025,14:25:38,2,23/06/2025,14:45:40
F,22.0,82859,5,23/06/2025,14:00:35,12,23/06/2025,14:03:35
M,48.0,62572,7,23/06/2025,14:18:38,9,23/06/2025,14:26:50
F,58.0,94008,12,23/06/2025,14:41:36,6,23/06/2025,14:54:25
M,32.0,27191,19,23/06/2025,14:59:09,13,23/06/2025,15:15:43
M,27.0,67260,19,23/06/2025,14:36:34,20,23/06/2025,14:56:09
M,23.0,99977,22,23/06/2025,14:19:14,6,23/06/2025,14:31:21
M,29.0,59211,24,23/06/2025,14:39:59,18,23/06/2025,14:46:17
F,47.0,56550,3,23/06/2025,15:36:59,19,23/06/2025,15:57:42
M,30.0,19252,4,23/06/2025,15:01:29,2,23/06/2025,15:04:58
F,16.0,68025,5,23/06/2025,15:46:53,11,23/06/2025,15:50:25
M,54.0,28880,5,23/06/2025,15:12:16,23,23/06/2025,15:29:55
M,28.0,67115,5,23/06/2025,15:41:54,13,23/06/2025,16:00:47
F,60.0,15917,6,23/06/2025,15:11:50,19,23/06/2025,15:17:52
M,43.0,61836,9,23/06/2025,15:58:11,14,23/06/2025,16:05:36
F,25.0,33619,20,23/06/2025,15:25:48,2,23/06/2025,15:28:48
M,37.0,88942,22,23/06/2025,15:29:48,9,23/06/2025,15:39:57
M,45.0,58086,2,23/06/2025,16:47:19,1,23/06/2025,16:55:10
M,39.0,91378,3,23/06/2025,16:00:16,11,23/06/2025,16:15:18
M,37.0,20463,5,23/06/2025,16:04:11,18,23/06/2025,16:17:44
M,36.0,78604,6,23/06/2025,16:29:02,13,23/06/2025,16:48:03
F,39.0,79522,6,23/06/2025,16:19:10,12,23/06/2025,16:32:18
M,32.0,50718,6,23/06/2025,16:14:51,12,23/06/2025,16:34:46
M,40.0,25557,6,23/06/2025,16:46:20,8,23/06/2025,16:59:57
F,49.0,79025,6,23/06/2025,16:16:36,24,23/06/2025,16:21:06
F,37.0,8658,7,23/06/2025,16:06:11,2,23/06/2025,16:09:11
M,47.0,78094,8,23/06/2025,16:24:23,13,23/06/2025,16:30:25
M,27.0,20970,8,23/06/2025,16:35:27,9,23/06/2025,16:53:55
F,26.0,62911,8,23/06/2025,16:18:44,15,23/06/2025,16:37:35
M,17.0,6851,9,23/06/2025,16:31:25,6,23/06/2025,16:55:23
M,16.0,32310,9,23/06/2025,16:35:55,20,23/06/2025,16:52:09
M,30.0,33971,11,23/06/2025,16:06:41,16,23/06/2025,16:15:31
M,34.0,34046,11,23/06/2025,16:31:18,6,23/06/2025,16:51:30
M,26.0,28040,12,23/06/2025,16:01:57,24,23/06/2025,16:04:57
M,40.0,45963,12,23/06/2025,16:24:13,8,23/06/2025,16:40:10
M,37.0,66510,15,23/06/2025,16:15:38,10,23/06/2025,16:28:37
M,55.0,63818,16,23/06/2025,16:40:03,19,23/06/2025,16:48:35
M,16.0,92877,16,23/06/2025,16:51:23,7,23/06/2025,17:01:07
F,41.0,11005,17,23/06/2025,16:04:35,12,23/06/2025,16:23:09
M,17.0,98573,18,23/06/2025,16:58:28,24,23/06/2025,17:01:28
M,31.0,24266,20,23/06/2025,16:29:53,7,23/06/2025,16:47:06
M,16.0,25813,20,23/06/2025,16:10:18,13,23/06/2025,16:17:49
F,36.0,50548,21,23/06/2025,16:16:26,8,23/06/2025,16:22:33
M,40.0,19573,21,23/06/2025,16:34:02,12,23/06/2025,16:51:21
F,35.0,24143,1,23/06/2025,17:17:53,13,23/06/2025,17:32:40
M,49.0,10193,2,23/06/2025,17:13:54,7,23/06/2025,17:23:55
F,16.0,87584,2,23/06/2025,17:04:18,13,23/06/2025,17:22:10
M,36.0,73296,3,23/06/2025,17:49:13,22,23/06/2025,18:04:24
F,59.0,82070,3,23/06/2025,17:07:45,9,23/06/2025,17:10:45
M,32.0,21617,3,23/06/2025,17:56:39,23,23/06/2025,18:20:57
F,35.0,41362,3,23/06/2025,17:07:28,1,23/06/2025,17:19:49
M,33.0,24518,6,23/06/2025,17:14:04,8,23/06/2025,17:36:27
F,48.0,44237,6,23/06/2025,17:27:54,11,23/06/2025,17:42:38
M,42.0,4482,6,23/06/2025,17:44:42,11,23/06/2025,17:56:54
M,32.0,48343,6,23/06/2025,17:42:38,4,23/06/2025,17:51:23
M,36.0,92870,8,23/06/2025,17:17:35,6,23/06/2025,17:33:23
M,48.0,25905,8,23/06/2025,17:46:58,24,23/06/2025,17:56:17
M,38.0,98444,13,23/06/2025,17:27:14,24,23/06/2025,17:37:30
F,40.0,39617,15,23/06/2025,17:10:15,17,23/06/2025,17:22:10
M,34.0,41696,16,23/06/2025,17:59:33,17,23/06/2025,18:11:42
F,35.0,19309,17,23/06/2025,17:01:52,6,23/06/2025,17:05:34
M,38.0,62455,17,23/06/2025,17:47:35,10,23/06/2025,17:50:35
M,34.0,60262,20,23/06/2025,17:16:58,19,23/06/2025,17:25:26
M,25.0,15367,20,23/06/2025,17:18:29,4,23/06/2025,17:30:46
F,49.0,23340,21,23/06/2025,17:44:09,22,23/06/2025,17:51:48
M,30.0,58044,21,23/06/2025,17:35:56,19,23/06/2025,17:44:47
F,27.0,93297,22,23/06/2025,17:40:48,20,23/06/2025,17:43:48
F,18.0,16158,23,23/06/2025,17:26:41,6,23/06/2025,17:37:45
M,18.0,8774,1,23/06/2025,18:45:00,2,23/06/2025,18:57:15
M,38.0,70242,1,23/06/2025,18:54:34,10,23/06/2025,19:16:15
F,29.0,48980,2,23/06/2025,18:28:42,14,23/06/2025,18:48:14
F,36.0,98696,3,23/06/2025,18:20:28,12,23/06/2025,18:41:37
F,18.0,68373,3,23/06/2025,18:52:41,12,23/06/2025,19:07:59
M,21.0,78970,4,23/06/2025,18:44:28,1,23/06/2025,18:57:54
M,56.0,5490,4,23/06/2025,18:15:51,5,23/06/2025,18:35:28
M,31.0,3709,4,23/06/2025,18:06:00,13,23/06/2025,18:28:34
M,40.0,50877,6,23/06/2025,18:56:07,3,23/06/2025,19:06:14
M,24.0,13774,6,23/06/2025,18:43:40,2,23/06/2025,18:51:37
M,35.0,85965,8,23/06/2025,18:20:35,17,23/06/2025,18:35:54
F,44.0,16011,8,23/06/2025,18:58:39,13,23/06/2025,19:19:39
F,28.0,24677,9,23/06/2025,18:38:02,13,23/06/2025,18:56:26
M,16.0,5371,9,23/06/2025,18:40:44,5,23/06/2025,18:53:35
M,16.0,49086,10,23/06/2025,18:54:42,13,23/06/2025,19:08:53
M,44.0,4496,10,23/06/2025,18:19:11,19,23/06/2025,18:22:11
F,41.0,67899,11,23/06/2025,18:31:18,17,23/06/2025,18:34:49
M,48.0,82504,11,23/06/2025,18:00:01,12,23/06/2025,18:16:05
F,31.0,61424,13,23/06/2025,18:12:40,18,23/06/2025,18:15:40
M,28.0,63131,14,23/06/2025,18:54:36,20,23/06/2025,19:07:25
F,39.0,23105,14,23/06/2025,18:24:45,13,23/06/2025,18:42:31
M,36.0,77474,15,23/06/2025,18:34:16,13,23/06/2025,18:40:40
M,16.0,52333,15,23/06/2025,18:40:47,3,23/06/2025,18:57:52
M,46.0,91431,16,23/06/2025,18:54:34,12,23/06/2025,19:10:17
F,29.0,69728,17,23/06/2025,18:23:33,11,23/06/2025,18:43:10
M,25.0,98328,17,23/06/2025,18:50:59,8,23/06/2025,19:10:07
F,41.0,97416,17,23/06/2025,18:07:35,5,23/06/2025,18:13:53
F,30.0,18006,18,23/06/2025,18:37:17,4,23/06/2025,19:01:57
M,49.0,48035,18,23/06/2025,18:29:10,12,23/06/2025,18:39:32
M,24.0,28324,18,23/06/2025,18:02:20,23,23/06/2025,18:13:08
M,21.0,51479,19,23/06/2025,18:36:26,15,23/06/2025,18:51:45
M,27.0,75111,19,23/06/2025,18:14:44,24,23/06/2025,18:30:03
F,32.0,33355,19,23/06/2025,18:48:08,13,23/06/2025,18:54:02
F,19.0,91301,20,23/06/2025,18:37:04,1,23/06/2025,18:55:51
M,22.0,96830,20,23/06/2025,18:58:59,13,23/06/2025,19:05:38
M,42.0,29908,20,23/06/2025,18:57:34,24,23/06/2025,19:07:45
M,26.0,51037,21,23/06/2025,18:08:45,16,23/06/2025,18:20:31
M,22.0,49436,21,23/06/2025,18:46:14,6,23/06/2025,18:54:23
F,35.0,32931,23,23/06/2025,18:29:05,16,23/06/2025,18:35:51
M,35.0,41293,23,23/06/2025,18:43:24,12,23/06/2025,19:02:57
M,21.0,86774,1,23/06/2025,19:21:11,2,23/06/2025,19:38:05
M,42.0,42915,3,23/06/2025,19:58:44,6,23/06/2025,20:13:06
F,42.0,1494,3,23/06/2025,19:09:24,21,23/06/2025,19:30:39
F,22.0,23911,3,23/06/2025,19:51:52,7,23/06/2025,20:10:21
F,36.0,41514,4,23/06/2025,19:17:03,8,23/06/2025,19:22:36
F,28.0,49892,4,23/06/2025,19:25:56,7,23/06/2025,19:54:34
M,39.0,51044,4,23/06/2025,19:08:26,5,23/06/2025,19:24:00
F,31.0,34338,6,23/06/2025,19:26:09,7,23/06/2025,19:29:09
F,35.0,48524,7,23/06/2025,19:29:56,9,23/06/2025,19:47:54
M,30.0,82681,7,23/06/2025,19:52:04,16,23/06/2025,20:00:44
M,32.0,5578,8,23/06/2025,19:46:17,18,23/06/2025,19:53:17
M,36.0,11806,9,23/06/2025,19:56:49,4,23/06/2025,20:01:30
F,35.0,97184,9,23/06/2025,19:31:01,8,23/06/2025,19:48:37
F,30.0,20141,12,23/06/2025,19:18:40,13,23/06/2025,19:45:08
M,29.0,89247,12,23/06/2025,19:25:52,23,23/06/2025,19:28:52
F,17.0,47547,14,23/06/2025,19:41:02,10,23/06/2025,20:00:10
F,34.0,19897,15,23/06/2025,19:22:18,14,23/06/2025,19:38:37
F,28.0,32720,15,23/06/2025,19:51:18,24,23/06/2025,20:04:47
M,20.0,27988,16,23/06/2025,19:12:45,24,23/06/2025,19:30:39
M,16.0,14432,16,23/06/2025,19:05:21,20,23/06/2025,19:13:52
M,48.0,71265,16,23/06/2025,19:44:21,6,23/06/2025,19:52:26
M,27.0,32988,16,23/06/2025,19:35:29,18,23/06/2025,19:47:02
M,48.0,30536,17,23/06/2025,19:58:41,6,23/06/2025,20:21:21
M,18.0,91424,17,23/06/2025,19:37:29,9,23/06/2025,19:50:18
F,31.0,73975,17,23/06/2025,19:22:40,23,23/06/2025,19:34:05
M,23.0,77835,17,23/06/2025,19:39:06,13,23/06/2025,19:47:39
F,40.0,53754,18,23/06/2025,19:03:51,22,23/06/2025,19:17:26
M,52.0,17570,20,23/06/2025,19:13:33,8,23/06/2025,19:33:45
F,25.0,15118,20,23/06/2025,19:16:05,24,23/06/2025,19:35:29
F,34.0,59107,20,23/06/2025,19:12:10,24,23/06/2025,19:27:56
F,45.0,76084,21,23/06/2025,19:27:42,3,23/06/2025,19:42:01
M,56.0,51342,21,23/06/2025,19:05:02,1,23/06/2025,19:12:40
M,22.0,82033,21,23/06/2025,19:11:18,18,23/06/2025,19:15:37
M,21.0,95610,22,23/06/2025,19:14:12,23,23/06/2025,19:17:12
M,16.0,14241,24,23/06/2025,19:52:13,14,23/06/2025,20:22:21
F,28.0,61426,1,23/06/2025,20:41:21,19,23/06/2025,20:57:11
F,55.0,73555,2,23/06/2025,20:33:22,14,23/06/2025,20:52:10
F,42.0,85605,2,23/06/2025,20:39:40,9,23/06/2025,20:54:02
M,45.0,37723,5,23/06/2025,20:12:04,3,23/06/2025,20:39:28
M,28.0,49688,6,23/06/2025,20:16:38,2,23/06/2025,20:30:17
F,43.0,91469,7,23/06/2025,20:16:54,9,23/06/2025,20:28:30
M,16.0,15138,9,23/06/2025,20:36:54,16,23/06/2025,20:47:29
M,22.0,88672,10,23/06/2025,20:16:55,1,23/06/2025,20:36:00
M,29.0,77520,11,23/06/2025,20:15:36,17,23/06/2025,20:36:59
M,38.0,4006,11,23/06/2025,20:17:01,8,23/06/2025,20:26:43
M,35.0,48048,12,23/06/2025,20:19:38,18,23/06/2025,20:36:40
M,37.0,97242,15,23/06/2025,20:03:22,20,23/06/2025,20:14:40
M,16.0,15849,15,23/06/2025,20:27:40,24,23/06/2025,20:38:03
M,41.0,30886,17,23/06/2025,20:21:24,11,23/06/2025,20:38:07
M,23.0,79930,18,23/06/2025,20:55:19,11,23/06/2025,20:58:19
M,30.0,21264,20,23/06/2025,20:23:49,8,23/06/2025,20:44:47
M,39.0,22676,21,23/06/2025,20:46:03,2,23/06/2025,21:06:13
M,38.0,38766,21,23/06/2025,20:21:29,11,23/06/2025,20:32:03
M,48.0,28460,2,23/06/2025,21:15:54,22,23/06/2025,21:31:11
M,40.0,72341,7,23/06/2025,21:53:41,8,23/06/2025,21:59:23
F,18.0,51098,7,23/06/2025,21:55:56,10,23/06/2025,22:11:53
M,20.0,64247,9,23/06/2025,21:54:52,3,23/06/2025,22:06:45
M,16.0,3043,10,23/06/2025,21:14:39,22,23/06/2025,21:27:12
F,33.0,10274,10,23/06/2025,21:59:56,5,23/06/2025,22:16:18
M,33.0,34871,8,23/06/2025,22:30:59,18,23/06/2025,22:44:01
F,35.0,89173,8,23/06/2025,22:58:54,22,23/06/2025,23:16:10
F,30.0,46827,15,23/06/2025,22:43:05,5,23/06/2025,22:51:07
M,30.0,47130,17,23/06/2025,22:24:46,12,23/06/2025,22:43:08
M,36.0,89971,17,23/06/2025,22:51:12,3,23/06/2025,22:56:05
M,28.0,58584,17,23/06/2025,22:17:25,13,23/06/2025,22:33:14
F,29.0,65314,19,23/06/2025,22:05:59,23,23/06/2025,22:14:44
M,45.0,82971,1,23/06/2025,23:54:14,5,24/06/2025,00:00:17
M,46.0,53613,3,23/06/2025,23:13:09,19,23/06/2025,23:23:44
M,28.0,28875,4,23/06/2025,23:58:40,10,24/06/2025,00:10:04
F,41.0,40381,8,23/06/2025,23:16:35,10,23/06/2025,23:25:27
M,16.0,20512,11,23/06/2025,23:54:28,22,24/06/2025,00:04:31
F,27.0,45818,9,24/06/2025,00:04:38,10,24/06/2025,00:22:50
F,34.0,41208,11,24/06/2025,00:57:41,4,24/06/2025,01:22:07
F,24.0,47235,21,24/06/2025,00:48:48,23,24/06/2025,01:00:25
M,30.0,75105,1,24/06/2025,01:17:30,8,24/06/2025,01:30:36
F,53.0,85108,7,24/06/2025,01:17:20,2,24/06/2025,01:36:43
M,39.0,11202,8,24/06/2025,01:32:36,18,24/06/2025,01:45:11
M,23.0,75331,11,24/06/2025,01:37:32,6,24/06/2025,01:51:39
M,45.0,7234,20,24/06/2025,01:56:59,11,24/06/2025,02:18:43
M,21.0,60938,5,24/06/2025,02:11:10,16,24/06/2025,02:24:29
M,41.0,43318,2,24/06/2025,03:05:21,11,24/06/2025,03:15:49
M,23.0,70223,3,24/06/2025,03:48:48,6,24/06/2025,04:02:57
F,22.0,12232,6,24/06/2025,04:13:21,13,24/06/2025,04:21:24
M,29.0,82434,6,24/06/2025,04:44:52,8,24/06/2025,04:55:09
M,25.0,43823,7,24/06/2025,04:47:47,2,24/06/2025,04:53:22
F,56.0,71094,18,24/06/2025,04:53:10,23,24/06/2025,05:07:41
M,25.0,96296,18,24/06/2025,04:39:26,24,24/06/2025,04:49:09
M,49.0,35250,4,24/06/2025,05:39:29,10,24/06/2025,05:47:30
M,39.0,93261,10,24/06/2025,05:01:41,5,24/06/2025,05:18:36
M,39.0,52743,11,24/06/2025,05:57:29,16,24/06/2025,06:11:21
M,25.0,16035,11,24/06/2025,05:11:30,3,24/06/2025,05:33:32
F,41.0,69956,18,24/06/2025,05:11:39,23,24/06/2025,05:24:10
F,36.0,73357,20,24/06/2025,05:29:28,24,24/06/2025,05:42:15
F,47.0,4202,23,24/06/2025,05:26:55,22,24/06/2025,05:32:13
M,49.0,66091,1,24/06/2025,06:58:12,2,24/06/2025,07:18:55
F,52.0,51991,1,24/06/2025,06:15:38,15,24/06/2025,06:25:24
M,35.0,91280,4,24/06/2025,06:26:48,13,24/06/2025,06:42:55
M,39.0,19907,7,24/06/2025,06:49:03,3,24/06/2025,07:09:38
M,23.0,55472,9,24/06/2025,06:00:41,10,24/06/2025,06:17:33
M,29.0,12794,11,24/06/2025,06:22:02,21,24/06/2025,06:44:53
F,32.0,67775,12,24/06/2025,06:23:45,13,24/06/2025,06:35:43
M,32.0,5289,18,24/06/2025,06:20:37,6,24/06/2025,06:28:25
M,35.0,10151,18,24/06/2025,06:36:47,4,24/06/2025,06:53:56
M,20.0,68456,19,24/06/2025,06:57:42,6,24/06/2025,07:15:19
F,31.0,4325,21,24/06/2025,06:34:55,9,24/06/2025,06:52:40
F,44.0,39378,22,24/06/2025,06:52:48,15,24/06/2025,07:00:14
F,27.0,38801,23,24/06/2025,06:50:26,4,24/06/2025,07:10:50
F,20.0,92101,1,24/06/2025,07:59:38,10,24/06/2025,08:03:15
M,33.0,77765,2,24/06/2025,07:59:31,8,24/06/2025,08:16:46
M,54.0,49354,2,24/06/2025,07:00:31,3,24/06/2025,07:06:52
M,30.0,96325,2,24/06/2025,07:31:33,7,24/06/2025,07:47:55
M,40.0,19882,2,24/06/2025,07:44:48,8,24/06/2025,07:52:56
M,28.0,70814,3,24/06/2025,07:25:17,21,24/06/2025,07:40:20
M,26.0,14023,6,24/06/2025,07:58:13,1,24/06/2025,08:08:04
M,30.0,14644,6,24/06/2025,07:49:41,12,24/06/2025,08:08:21
M,32.0,10679,8,24/06/2025,07:39:33,18,24/06/2025,07:55:18
M,33.0,74324,9,24/06/2025,07:33:38,2,24/06/2025,07:41:02
M,35.0,37455,9,24/06/2025,07:17:37,16,24/06/2025,07:23:06
M,24.0,11075,10,24/06/2025,07:46:58,4,24/06/2025,07:51:36
M,32.0,89596,10,24/06/2025,07:28:21,1,24/06/2025,07:45:30
M,33.0,32722,11,24/06/2025,07:22:41,1,24/06/2025,07:38:27
F,37.0,34986,11,24/06/2025,07:57:09,17,24/06/2025,08:17:23
M,35.0,33305,12,24/06/2025,07:23:56,10,24/06/2025,07:44:21
M,20.0,31697,12,24/06/2025,07:08:50,2,24/06/2025,07:17:03
F,46.0,53670,12,24/06/2025,07:44:31,24,24/06/2025,08:01:18
M,27.0,16307,13,24/06/2025,07:17:41,10,24/06/2025,07:23:58
M,24.0,47818,14,24/06/2025,07:27:46,12,24/06/2025,07:41:08
F,21.0,1348,15,24/06/2025,07:43:42,19,24/06/2025,07:49:29
M,19.0,40673,18,24/06/2025,07:46:05,3,24/06/2025,07:56:56
F,25.0,98489,20,24/06/2025,07:30:30,10,24/06/2025,07:47:02
F,25.0,43050,20,24/06/2025,07:44:51,7,24/06/2025,07:47:51
M,50.0,13285,24,24/06/2025,07:58:51,20,24/06/2025,08:26:41
M,36.0,14683,1,24/06/2025,08:06:26,12,24/06/2025,08:24:29
M,44.0,68758,2,24/06/2025,08:09:07,9,24/06/2025,08:23:29
M,27.0,86478,2,24/06/2025,08:43:56,13,24/06/2025,08:50:38
M,41.0,25804,3,24/06/2025,08:26:59,4,24/06/2025,08:35:48
M,37.0,11616,4,24/06/2025,08:55:56,13,24/06/2025,09:19:26
F,32.0,25969,4,24/06/2025,08:08:40,6,24/06/2025,08:14:13
M,26.0,82816,4,24/06/2025,08:34:41,19,24/06/2025,08:53:37
M,52.0,73005,6,24/06/2025,08:22:01,22,24/06/2025,08:28:10
M,60.0,84999,6,24/06/2025,08:09:58,16,24/06/2025,08:28:28
M,30.0,22472,6,24/06/2025,08:24:46,12,24/06/2025,08:38:04
M,24.0,76664,9,24/06/2025,08:46:01,1,24/06/2025,08:59:40
M,34.0,80957,11,24/06/2025,08:02:47,12,24/06/2025,08:10:29
F,41.0,48768,13,24/06/2025,08:16:58,23,24/06/2025,08:32:48
F,20.0,77974,14,24/06/2025,08:27:24,9,24/06/2025,08:57:29
F,53.0,29254,17,24/06/2025,08:35:24,4,24/06/2025,08:47:52
M,35.0,23856,18,24/06/2025,08:34:47,21,24/06/2025,08:52:51
F,16.0,99638,18,24/06/2025,08:42:31,19,24/06/2025,08:59:17
M,28.0,1730,18,24/06/2025,08:00:41,17,24/06/2025,08:16:52
F,27.0,81274,19,24/06/2025,08:01:30,14,24/06/2025,08:17:19
M,39.0,46570,20,24/06/2025,08:04:35,23,24/06/2025,08:25:27
M,44.0,38888,21,24/06/2025,08:32:36,1,24/06/2025,08:35:36
F,37.0,1904,23,24/06/2025,08:55:36,11,24/06/2025,09:00:57
M,37.0,99710,2,24/06/2025,09:54:45,17,24/06/2025,10:15:50
M,26.0,16684,2,24/06/2025,09:10:29,7,24/06/2025,09:19:47
F,42.0,84713,3,24/06/2025,09:43:08,4,24/06/2025,10:03:32
M,34.0,84816,3,24/06/2025,09:09:11,2,24/06/2025,09:12:59
F,50.0,51433,6,24/06/2025,09:52:41,16,24/06/2025,10:03:09
M,27.0,69888,8,24/06/2025,09:56:20,9,24/06/2025,09:59:20
M,24.0,23973,8,24/06/2025,09:22:55,13,24/06/2025,09:38:52
F,41.0,83165,11,24/06/2025,09:20:37,2,24/06/2025,09:29:17
M,23.0,27443,12,24/06/2025,09:15:39,18,24/06/2025,09:31:27
F,31.0,71379,13,24/06/2025,09:33:13,18,24/06/2025,09:47:37
F,40.0,56000,14,24/06/2025,09:17:32,3,24/06/2025,09:25:36
M,51.0,63995,14,24/06/2025,09:47:50,17,24/06/2025,10:03:28
M,32.0,41799,15,24/06/2025,09:44:14,20,24/06/2025,09:53:48
F,38.0,65924,15,24/06/2025,09:17:06,22,24/06/2025,09:35:09
M,42.0,3867,16,24/06/2025,09:38:23,15,24/06/2025,09:45:47
M,50.0,77524,16,24/06/2025,09:56:35,12,24/06/2025,10:02:40
M,41.0,31036,16,24/06/2025,09:02:38,10,24/06/2025,09:16:32
M,34.0,67742,18,24/06/2025,09:35:10,17,24/06/2025,09:42:45
F,16.0,65814,19,24/06/2025,09:28:06,9,24/06/2025,09:32:56
M,46.0,35022,20,24/06/2025,09:00:41,14,24/06/2025,09:14:55
F,34.0,21791,20,24/06/2025,09:28:21,17,24/06/2025,09:46:00
M,27.0,66265,20,24/06/2025,09:16:29,24,24/06/2025,09:41:07
M,40.0,82908,22,24/06/2025,09:47:28,12,24/06/2025,10:19:11
F,27.0,25837,22,24/06/2025,09:29:05,21,24/06/2025,09:44:55
M,31.0,28918,22,24/06/2025,09:26:38,21,24/06/2025,09:43:39
F,55.0,88033,24,24/06/2025,09:13:11,19,24/06/2025,09:16:11
M,28.0,30917,3,24/06/2025,10:21:24,4,24/06/2025,10:24:24
M,23.0,78793,3,24/06/2025,10:48:57,13,24/06/2025,11:06:14
F,25.0,94972,4,24/06/2025,10:56:28,7,24/06/2025,11:09:31
M,24.0,16353,4,24/06/2025,10:48:00,10,24/06/2025,11:08:16
F,34.0,59001,4,24/06/2025,10:26:57,2,24/06/2025,10:52:51
M,41.0,35489,5,24/06/2025,10:12:02,7,24/06/2025,10:23:46
M,37.0,38541,6,24/06/2025,10:15:08,2,24/06/2025,10:34:30
M,34.0,61185,6,24/06/2025,10:13:27,11,24/06/2025,10:20:27
M,42.0,96615,8,24/06/2025,10:29:00,6,24/06/2025,10:47:13
M,44.0,82235,8,24/06/2025,10:29:43,2,24/06/2025,10:46:23
M,32.0,74930,9,24/06/2025,10:11:39,4,24/06/2025,10:33:06
F,27.0,96928,9,24/06/2025,10:32:09,14,24/06/2025,10:36:17
F,24.0,3672,9,24/06/2025,10:23:40,20,24/06/2025,10:43:38
F,22.0,8998,10,24/06/2025,10:39:42,4,24/06/2025,10:48:40
M,28.0,73021,11,24/06/2025,10:34:52,6,24/06/2025,10:48:20
F,34.0,35527,12,24/06/2025,10:47:58,5,24/06/2025,11:06:55
M,27.0,89499,13,24/06/2025,10:40:49,12,24/06/2025,11:03:13
F,30.0,40332,15,24/06/2025,10:03:39,20,24/06/2025,10:17:17
M,40.0,12272,17,24/06/2025,10:46:31,11,24/06/2025,11:04:29
F,28.0,75786,21,24/06/2025,10:40:00,4,24/06/2025,11:00:01
F,22.0,52637,22,24/06/2025,10:39:41,23,24/06/2025,11:15:14
F,48.0,78292,23,24/06/2025,10:48:43,4,24/06/2025,11:11:43
M,40.0,95506,24,24/06/2025,10:12:20,22,24/06/2025,10:16:21
M,45.0,33999,2,24/06/2025,11:08:36,5,24/06/2025,11:24:08
M,39.0,15854,4,24/06/2025,11:59:56,15,24/06/2025,12:13:23
M,30.0,16431,4,24/06/2025,11:54:37,14,24/06/2025,12:01:42
M,45.0,81091,11,24/06/2025,11:46:43,21,24/06/2025,11:56:07
F,42.0,79662,17,24/06/2025,11:38:31,19,24/06/2025,12:00:47
M,33.0,18833,18,24/06/2025,11:12:38,12,24/06/2025,11:43:18
M,43.0,38803,18,24/06/2025,11:37:38,1,24/06/2025,11:40:38
M,28.0,10765,21,24/06/2025,11:19:59,23,24/06/2025,11:24:34
M,33.0,73118,11,24/06/2025,12:00:24,5,24/06/2025,12:27:59
M,27.0,97488,13,24/06/2025,12:21:08,14,24/06/2025,12:42:36
M,41.0,70851,14,24/06/2025,12:30:41,17,24/06/2025,12:46:15
M,26.0,46889,4,24/06/2025,13:50:42,6,24/06/2025,13:53:42
M,28.0,8192,16,24/06/2025,13:00:10,12,24/06/2025,13:15:08
M,41.0,5034,18,24/06/2025,13:46:06,7,24/06/2025,13:58:55
M,38.0,72162,21,24/06/2025,13:24:59,16,24/06/2025,13:37:27
M,26.0,90125,23,24/06/2025,13:31:23,2,24/06/2025,13:37:01
F,32.0,87604,1,24/06/2025,14:15:38,2,24/06/2025,14:24:55
M,26.0,12211,6,24/06/2025,14:27:06,9,24/06/2025,14:42:21
M,16.0,20421,13,24/06/2025,14:35:40,18,24/06/2025,14:45:59
M,38.0,10623,17,24/06/2025,14:04:12,6,24/06/2025,14:24:44
F,54.0,17561,18,24/06/2025,14:54:43,7,24/06/2025,15:03:43
M,41.0,39970,20,24/06/2025,14:10:16,18,24/06/2025,14:22:28
F,37.0,42537,22,24/06/2025,14:53:01,18,24/06/2025,15:11:44
M,22.0,66971,3,24/06/2025,15:49:12,6,24/06/2025,16:02:58
M,46.0,13652,6,24/06/2025,15:46:03,1,24/06/2025,15:49:03
M,31.0,85200,6,24/06/2025,15:19:10,3,24/06/2025,15:39:28
M,38.0,22975,6,24/06/2025,15:01:27,12,24/06/2025,15:24:39
M,28.0,79532,11,24/06/2025,15:40:07,19,24/06/2025,16:00:57
M,32.0,87459,12,24/06/2025,15:13:48,3,24/06/2025,15:43:36
M,41.0,72132,18,24/06/2025,15:52:54,13,24/06/2025,15:55:54
M,24.0,62042,19,24/06/2025,15:57:59,3,24/06/2025,16:10:26
M,42.0,15163,20,24/06/2025,15:24:08,10,24/06/2025,15:32:58
M,39.0,65114,1,24/06/2025,16:57:24,6,24/06/2025,17:15:28
F,34.0,28074,2,24/06/2025,16:41:18,7,24/06/2025,16:58:56
M,70.0,31985,2,24/06/2025,16:21:46,1,24/06/2025,16:43:33
F,36.0,50577,2,24/06/2025,16:09:54,1,24/06/2025,16:40:33
F,42.0,40054,2,24/06/2025,16:25:21,8,24/06/2025,16:28:21
F,22.0,49076,3,24/06/2025,16:51:17,5,24/06/2025,17:14:12
M,26.0,6113,4,24/06/2025,16:30:32,8,24/06/2025,16:38:37
M,36.0,6709,5,24/06/2025,16:06:46,16,24/06/2025,16:09:55
F,41.0,13882,5,24/06/2025,16:38:59,8,24/06/2025,16:41:59
F,31.0,38320,5,24/06/2025,16:14:14,1,24/06/2025,16:23:21
M,53.0,94406,5,24/06/2025,16:51:19,7,24/06/2025,17:05:02
F,22.0,38395,8,24/06/2025,16:09:08,22,24/06/2025,16:16:15
M,32.0,21064,8,24/06/2025,16:38:08,9,24/06/2025,16:58:12
F,41.0,26689,10,24/06/2025,16:24:35,17,24/06/2025,16:49:10
M,26.0,67021,14,24/06/2025,16:55:04,3,24/06/2025,17:22:12
M,29.0,11954,16,24/06/2025,16:17:27,20,24/06/2025,16:28:42
M,27.0,63883,17,24/06/2025,16:38:47,12,24/06/2025,16:52:17
M,24.0,91780,17,24/06/2025,16:23:33,1,24/06/2025,16:38:24
M,20.0,49987,18,24/06/2025,16:28:13,20,24/06/2025,16:50:02
M,36.0,43168,20,24/06/2025,16:14:31,19,24/06/2025,16:34:22
M,33.0,34852,23,24/06/2025,16:50:45,7,24/06/2025,17:01:58
F,19.0,59680,1,24/06/2025,17:55:12,3,24/06/2025,18:07:40
F,37.0,21342,1,24/06/2025,17:07:08,16,24/06/2025,17:33:53
M,16.0,75799,1,24/06/2025,17:19:03,8,24/06/2025,17:35:00
M,18.0,49254,1,24/06/2025,17:52:31,11,24/06/2025,18:05:11
F,16.0,96306,1,24/06/2025,17:06:09,7,24/06/2025,17:18:49
F,66.0,63591,2,24/06/2025,17:07:46,11,24/06/2025,17:15:11
F,39.0,98640,2,24/06/2025,17:50:14,15,24/06/2025,18:11:25
M,42.0,6753,3,24/06/2025,17:16:04,4,24/06/2025,17:22:41
M,28.0,33460,3,24/06/2025,17:02:06,16,24/06/2025,17:23:12
M,39.0,13804,4,24/06/2025,17:23:33,10,24/06/2025,17:40:06
M,32.0,64508,4,24/06/2025,17:58:39,10,24/06/2025,18:15:43
M,32.0,19810,5,24/06/2025,17:45:10,3,24/06/2025,17:56:18
F,29.0,85018,6,24/06/2025,17:59:59,11,24/06/2025,18:02:59
M,28.0,13029,9,24/06/2025,17:55:04,20,24/06/2025,18:14:07
F,32.0,21016,10,24/06/2025,17:27:21,13,24/06/2025,17:51:40
F,44.0,90868,10,24/06/2025,17:28:07,9,24/06/2025,17:41:27
M,19.0,18356,10,24/06/2025,17:29:54,4,24/06/2025,17:43:16
M,31.0,64955,10,24/06/2025,17:32:20,8,24/06/2025,17:50:05
M,43.0,88105,11,24/06/2025,17:20:37,6,24/06/2025,17:23:37
M,18.0,4063,11,24/06/2025,17:55:06,12,24/06/2025,18:09:20
F,46.0,38305,11,24/06/2025,17:00:21,8,24/06/2025,17:15:34
M,49.0,64975,11,24/06/2025,17:26:34,18,24/06/2025,17:52:01
F,40.0,34270,11,24/06/2025,17:50:41,18,24/06/2025,18:08:48
F,37.0,18133,12,24/06/2025,17:55:35,19,24/06/2025,18:08:04
F,35.0,31228,12,24/06/2025,17:08:14,8,24/06/2025,17:11:14
M,50.0,70398,12,24/06/2025,17:45:40,1,24/06/2025,17:56:11
F,51.0,31968,13,24/06/2025,17:03:25,3,24/06/2025,17:06:25
F,30.0,35009,14,24/06/2025,17:34:57,5,24/06/2025,17:53:40
F,35.0,18887,14,24/06/2025,17:05:13,13,24/06/2025,17:08:13
M,40.0,94291,14,24/06/2025,17:43:01,4,24/06/2025,17:59:49
M,35.0,9890,14,24/06/2025,17:57:09,9,24/06/2025,18:10:01
M,16.0,78460,14,24/06/2025,17:54:54,22,24/06/2025,18:12:47
F,37.0,70636,15,24/06/2025,17:35:05,3,24/06/2025,18:00:09
F,47.0,46198,16,24/06/2025,17:01:15,6,24/06/2025,17:10:55
M,39.0,66031,16,24/06/2025,17:25:18,1,24/06/2025,17:42:54
M,22.0,98134,17,24/06/2025,17:24:47,11,24/06/2025,17:35:11
M,44.0,63413,18,24/06/2025,17:52:11,12,24/06/2025,17:55:11
F,45.0,75908,18,24/06/2025,17:44:14,23,24/06/2025,17:47:14
F,32.0,46181,19,24/06/2025,17:34:30,10,24/06/2025,18:00:24
M,23.0,23995,20,24/06/2025,17:31:57,18,24/06/2025,17:46:10
F,32.0,48289,20,24/06/2025,17:52:34,3,24/06/2025,18:04:59
M,32.0,70625,21,24/06/2025,17:27:21,12,24/06/2025,17:46:01
F,32.0,64221,21,24/06/2025,17:19:54,17,24/06/2025,17:34:22
F,37.0,66090,21,24/06/2025,17:33:24,14,24/06/2025,17:38:29
M,21.0,18828,22,24/06/2025,17:49:34,11,24/06/2025,18:16:15
F,23.0,5431,1,24/06/2025,18:24:50,4,24/06/2025,18:56:52
M,37.0,38208,1,24/06/2025,18:36:37,11,24/06/2025,18:54:17
M,16.0,87774,2,24/06/2025,18:10:36,7,24/06/2025,18:30:55
F,38.0,5222,2,24/06/2025,18:59:02,6,24/06/2025,19:09:24
M,34.0,3138,2,24/06/2025,18:51:20,19,24/06/2025,19:20:49
F,31.0,92605,2,24/06/2025,18:24:01,3,24/06/2025,18:38:35
M,49.0,63873,2,24/06/2025,18:22:54,11,24/06/2025,18:56:01
M,28.0,88403,3,24/06/2025,18:11:14,9,24/06/2025,18:27:34
M,53.0,18006,3,24/06/2025,18:46:07,8,24/06/2025,19:00:16
F,40.0,81311,3,24/06/2025,18:13:16,13,24/06/2025,18:16:16
M,50.0,75093,5,24/06/2025,18:41:28,10,24/06/2025,18:45:54
M,28.0,99241,5,24/06/2025,18:35:27,10,24/06/2025,18:38:27
M,46.0,27671,6,24/06/2025,18:29:25,7,24/06/2025,18:58:03
F,34.0,12341,8,24/06/2025,18:11:39,11,24/06/2025,18:15:30
F,56.0,45145,10,24/06/2025,18:36:46,4,24/06/2025,18:49:26
M,44.0,71992,10,24/06/2025,18:20:43,2,24/06/2025,18:38:02
F,42.0,83918,10,24/06/2025,18:26:24,18,24/06/2025,18:50:26
M,30.0,76559,10,24/06/2025,18:32:47,4,24/06/2025,18:58:45
F,34.0,66222,11,24/06/2025,18:12:27,1,24/06/2025,18:17:13
M,37.0,60354,12,24/06/2025,18:47:32,15,24/06/2025,19:10:19
M,42.0,58217,12,24/06/2025,18:29:10,1,24/06/2025,18:41:55
M,32.0,72894,13,24/06/2025,18:25:22,11,24/06/2025,18:34:08
F,31.0,40292,13,24/06/2025,18:39:35,12,24/06/2025,19:03:52
F,41.0,13802,14,24/06/2025,18:41:51,13,24/06/2025,19:00:29
M,27.0,16770,14,24/06/2025,18:17:52,15,24/06/2025,18:30:50
F,29.0,13889,14,24/06/2025,18:09:41,13,24/06/2025,18:16:03
M,29.0,71468,15,24/06/2025,18:36:46,4,24/06/2025,19:12:45
M,42.0,44955,15,24/06/2025,18:59:32,20,24/06/2025,19:28:25
F,31.0,19519,15,24/06/2025,18:58:25,14,24/06/2025,19:04:08
M,41.0,86358,16,24/06/2025,18:58:57,23,24/06/2025,19:05:31
M,23.0,76608,17,24/06/2025,18:43:53,22,24/06/2025,18:48:44
M,29.0,52531,17,24/06/2025,18:52:28,24,24/06/2025,19:08:30
M,16.0,42736,17,24/06/2025,18:32:15,9,24/06/2025,18:47:38
F,35.0,99098,17,24/06/2025,18:09:43,19,24/06/2025,18:23:26
F,19.0,40278,18,24/06/2025,18:13:28,16,24/06/2025,18:38:36
M,34.0,32876,19,24/06/2025,18:19:38,20,24/06/2025,18:34:53
F,35.0,62240,19,24/06/2025,18:08:28,23,24/06/2025,18:24:16
M,41.0,65281,20,24/06/2025,18:11:38,11,24/06/2025,18:19:26
M,22.0,91303,20,24/06/2025,18:08:49,15,24/06/2025,18:22:39
M,41.0,73653,21,24/06/2025,18:50:08,7,24/06/2025,18:57:54
F,34.0,61966,21,24/06/2025,18:30:42,19,24/06/2025,18:47:34
M,32.0,79470,21,24/06/2025,18:41:09,24,24/06/2025,19:15:11
M,31.0,6640,21,24/06/2025,18:54:11,22,24/06/2025,19:07:48
F,42.0,12101,21,24/06/2025,18:12:52,2,24/06/2025,18:22:02
M,44.0,83131,21,24/06/2025,18:48:19,17,24/06/2025,19:02:14
M,40.0,46974,22,24/06/2025,18:14:11,20,24/06/2025,18:43:40
F,20.0,55604,23,24/06/2025,18:54:46,11,24/06/2025,19:19:09
F,35.0,7663,23,24/06/2025,18:52:22,14,24/06/2025,18:58:06
M,24.0,45891,23,24/06/2025,18:56:35,1,24/06/2025,19:01:28
F,44.0,20492,24,24/06/2025,18:43:33,13,24/06/2025,18:57:10
M,38.0,88229,1,24/06/2025,19:45:57,9,24/06/2025,20:08:11
F,43.0,5050,3,24/06/2025,19:24:30,12,24/06/2025,19:37:46
M,21.0,25120,3,24/06/2025,19:54:58,10,24/06/2025,20:20:41
M,47.0,78742,4,24/06/2025,19:36:06,9,24/06/2025,19:48:03
M,26.0,84269,6,24/06/2025,19:22:56,11,24/06/2025,19:30:00
M,18.0,36795,7,24/06/2025,19:33:51,12,24/06/2025,19:45:12
F,27.0,19906,7,24/06/2025,19:14:28,2,24/06/2025,19:21:05
M,32.0,81038,9,24/06/2025,19:02:23,13,24/06/2025,19:18:55
F,28.0,11687,9,24/06/2025,19:29:12,8,24/06/2025,19:42:21
M,19.0,82697,10,24/06/2025,19:50:02,18,24/06/2025,19:53:02
M,27.0,10437,10,24/06/2025,19:05:24,19,24/06/2025,19:10:09
F,20.0,34944,11,24/06/2025,19:09:56,21,24/06/2025,19:28:32
F,39.0,46519,12,24/06/2025,19:11:02,22,24/06/2025,19:19:57
M,38.0,77229,13,24/06/2025,19:07:29,20,24/06/2025,19:11:22
F,42.0,6878,15,24/06/2025,19:39:26,2,24/06/2025,19:45:56
F,26.0,93502,15,24/06/2025,19:28:50,17,24/06/2025,19:49:04
F,36.0,65597,16,24/06/2025,19:30:08,13,24/06/2025,19:36:52
M,16.0,93877,17,24/06/2025,19:47:57,22,24/06/2025,19:50:57
M,45.0,1801,18,24/06/2025,19:39:42,6,24/06/2025,19:58:09
F,32.0,49949,19,24/06/2025,19:24:08,24,24/06/2025,19:42:26
M,27.0,16270,20,24/06/2025,19:13:30,2,24/06/2025,19:36:00
F,47.0,16286,21,24/06/2025,19:00:04,16,24/06/2025,19:17:26
F,35.0,94038,21,24/06/2025,19:36:58,19,24/06/2025,19:50:52
F,22.0,32376,21,24/06/2025,19:13:21,8,24/06/2025,19:30:15
M,38.0,8195,22,24/06/2025,19:57:00,17,24/06/2025,20:08:31
M,29.0,48833,22,24/06/2025,19:56:28,23,24/06/2025,20:03:50
F,35.0,29623,24,24/06/2025,19:16:49,23,24/06/2025,19:42:29
M,16.0,20539,1,24/06/2025,20:58:01,2,24/06/2025,21:06:48
M,34.0,39249,2,24/06/2025,20:17:33,13,24/06/2025,20:23:57
M,51.0,71422,3,24/06/2025,20:26:39,1,24/06/2025,20:48:59
M,32.0,13724,8,24/06/2025,20:21:46,7,24/06/2025,20:41:52
M,30.0,89691,10,24/06/2025,20:46:57,15,24/06/2025,20:58:45
M,28.0,16147,15,24/06/2025,20:13:18,18,24/06/2025,20:23:03
F,16.0,78721,17,24/06/2025,20:20:54,4,24/06/2025,20:23:54
F,31.0,30326,17,24/06/2025,20:31:48,16,24/06/2025,20:38:28
M,44.0,24038,19,24/06/2025,20:26:30,14,24/06/2025,20:37:40
M,17.0,87611,19,24/06/2025,20:49:32,24,24/06/2025,21:06:04
F,29.0,93403,20,24/06/2025,20:12:37,24,24/06/2025,20:30:58
F,28.0,73414,21,24/06/2025,20:09:10,3,24/06/2025,20:26:13
M,47.0,19268,21,24/06/2025,20:47:59,22,24/06/2025,20:57:03
F,26.0,22290,21,24/06/2025,20:12:18,1,24/06/2025,20:24:35
F,48.0,15626,22,24/06/2025,20:34:28,23,24/06/2025,20:37:28
F,31.0,80784,22,24/06/2025,20:42:24,18,24/06/2025,20:58:07
M,31.0,40838,23,24/06/2025,20:19:58,6,24/06/2025,20:33:59
F,38.0,84400,23,24/06/2025,20:32:34,17,24/06/2025,20:46:09
F,17.0,94349,24,24/06/2025,20:07:46,11,24/06/2025,20:31:04
F,27.0,68812,2,24/06/2025,21:52:48,12,24/06/2025,22:04:43
M,16.0,60717,3,24/06/2025,21:04:15,24,24/06/2025,21:15:55
M,32.0,49380,4,24/06/2025,21:42:48,15,24/06/2025,21:45:48
M,39.0,84619,9,24/06/2025,21:41:48,2,24/06/2025,22:03:12
M,36.0,37607,11,24/06/2025,21:46:05,12,24/06/2025,22:16:50
M,54.0,63034,13,24/06/2025,21:41:45,20,24/06/2025,21:44:45
M,27.0,69405,14,24/06/2025,21:09:39,5,24/06/2025,21:23:35
M,45.0,21922,16,24/06/2025,21:09:46,21,24/06/2025,21:17:43
M,44.0,8865,17,24/06/2025,21:50:44,14,24/06/2025,21:57:47
F,57.0,91053,17,24/06/2025,21:47:08,9,24/06/2025,22:00:41
M,42.0,3749,18,24/06/2025,21:49:07,22,24/06/2025,22:13:05
M,32.0,86425,21,24/06/2025,21:31:17,22,24/06/2025,21:47:21
M,41.0,83958,22,24/06/2025,21:06:00,15,24/06/2025,21:16:56
F,16.0,94816,15,24/06/2025,22:40:07,10,24/06/2025,23:14:27
F,23.0,63901,23,24/06/2025,22:11:03,17,24/06/2025,22:16:50
F,39.0,84235,24,24/06/2025,22:21:52,3,24/06/2025,22:45:25
M,43.0,16210,3,24/06/2025,23:40:33,9,25/06/2025,00:03:39
M,41.0,20131,4,24/06/2025,23:30:39,15,24/06/2025,23:39:14
F,45.0,32780,5,24/06/2025,23:11:13,18,24/06/2025,23:24:10
F,52.0,85333,11,24/06/2025,23:50:08,23,25/06/2025,00:09:11
F,24.0,61575,16,24/06/2025,23:36:52,14,24/06/2025,23:54:33
F,32.0,68959,19,24/06/2025,23:40:56,1,24/06/2025,23:47:18
M,16.0,83142,22,24/06/2025,23:25:18,17,24/06/2025,23:41:28
M,22.0,62413,1,25/06/2025,00:04:12,12,25/06/2025,00:24:19
F,38.0,86861,21,25/06/2025,00:21:12,11,25/06/2025,00:28:16
M,25.0,17065,24,25/06/2025,00:57:24,17,25/06/2025,01:00:24
M,31.0,6757,2,25/06/2025,01:01:54,18,25/06/2025,01:21:23
F,34.0,55196,6,25/06/2025,01:46:11,22,25/06/2025,01:58:28
M,33.0,36371,7,25/06/2025,01:42:56,12,25/06/2025,01:54:18
F,47.0,94304,1,25/06/2025,02:46:49,10,25/06/2025,02:49:49
M,43.0,33738,3,25/06/2025,02:20:02,12,25/06/2025,02:28:08
M,23.0,54695,4,25/06/2025,02:02:06,14,25/06/2025,02:24:36
F,32.0,78173,16,25/06/2025,02:30:28,23,25/06/2025,02:57:09
M,27.0,11982,18,25/06/2025,02:13:37,17,25/06/2025,02:35:14
M,43.0,73679,20,25/06/2025,02:33:07,10,25/06/2025,02:42:48
F,16.0,57234,21,25/06/2025,02:13:39,20,25/06/2025,02:22:25
F,24.0,47297,5,25/06/2025,03:31:09,16,25/06/2025,03:40:55
F,28.0,41172,8,25/06/2025,03:18:57,23,25/06/2025,03:22:58
F,32.0,34940,16,25/06/2025,03:37:57,12,25/06/2025,03:52:53
M,29.0,46220,19,25/06/2025,03:29:43,22,25/06/2025,03:34:13
M,32.0,6553,17,25/06/2025,04:28:08,22,25/06/2025,04:39:13
F,47.0,20766,18,25/06/2025,04:34:16,21,25/06/2025,04:42:23
F,33.0,94062,22,25/06/2025,04:22:36,11,25/06/2025,04:38:48
F,57.0,45746,10,25/06/2025,05:10:03,22,25/06/2025,05:23:13
M,22.0,55184,11,25/06/2025,05:21:33,22,25/06/2025,05:28:49
M,46.0,36911,14,25/06/2025,05:57:59,20,25/06/2025,06:14:17
M,43.0,64908,15,25/06/2025,05:33:57,10,25/06/2025,05:50:03
M,34.0,95094,17,25/06/2025,05:49:32,12,25/06/2025,06:13:40
M,30.0,33324,20,25/06/2025,05:15:49,4,25/06/2025,05:34:01
F,29.0,85574,2,25/06/2025,06:33:08,7,25/06/2025,06:50:28
F,16.0,96787,6,25/06/2025,06:33:22,21,25/06/2025,06:40:24
M,39.0,26010,8,25/06/2025,06:55:14,3,25/06/2025,07:26:17
M,45.0,45429,10,25/06/2025,06:49:29,18,25/06/2025,06:52:29
M,23.0,15733,10,25/06/2025,06:27:36,18,25/06/2025,06:44:08
M,26.0,2622,11,25/06/2025,06:07:28,6,25/06/2025,06:22:06
M,31.0,67073,11,25/06/2025,06:56:13,23,25/06/2025,07:17:32
F,30.0,64071,15,25/06/2025,06:03:01,14,25/06/2025,06:20:50
M,48.0,12758,19,25/06/2025,06:42:31,15,25/06/2025,06:53:02
M,50.0,77420,21,25/06/2025,06:15:52,6,25/06/2025,06:36:02
M,37.0,65565,21,25/06/2025,06:27:47,18,25/06/2025,06:38:12
M,23.0,14427,24,25/06/2025,06:34:03,17,25/06/2025,06:43:24
M,41.0,1905,1,25/06/2025,07:27:13,11,25/06/2025,07:46:06
M,42.0,44819,2,25/06/2025,07:22:40,11,25/06/2025,07:31:05
M,38.0,75512,2,25/06/2025,07:07:16,3,25/06/2025,07:24:37
F,47.0,84461,3,25/06/2025,07:23:02,5,25/06/2025,07:39:22
F,31.0,75650,5,25/06/2025,07:39:53,8,25/06/2025,07:51:32
F,46.0,54486,5,25/06/2025,07:29:36,24,25/06/2025,07:34:19
F,51.0,52423,5,25/06/2025,07:12:06,15,25/06/2025,07:15:49
M,31.0,8791,6,25/06/2025,07:26:33,2,25/06/2025,07:49:13
M,30.0,84717,7,25/06/2025,07:09:20,11,25/06/2025,07:19:50
M,27.0,20501,8,25/06/2025,07:08:52,6,25/06/2025,07:11:52
M,27.0,57482,10,25/06/2025,07:11:36,18,25/06/2025,07:27:47
F,53.0,82253,11,25/06/2025,07:41:12,7,25/06/2025,07:46:29
M,22.0,67696,11,25/06/2025,07:30:54,16,25/06/2025,07:46:26
M,25.0,28874,11,25/06/2025,07:22:34,12,25/06/2025,07:47:09
M,16.0,49240,14,25/06/2025,07:48:29,3,25/06/2025,07:54:53
M,17.0,96098,14,25/06/2025,07:59:35,15,25/06/2025,08:10:45
F,35.0,94962,16,25/06/2025,07:59:13,5,25/06/2025,08:04:25
M,17.0,73511,16,25/06/2025,07:58:25,21,25/06/2025,08:01:25
M,62.0,50625,16,25/06/2025,07:44:07,11,25/06/2025,08:01:23
M,24.0,8800,18,25/06/2025,07:09:21,17,25/06/2025,07:20:36
F,40.0,80502,19,25/06/2025,07:11:23,13,25/06/2025,07:23:12
F,36.0,18850,19,25/06/2025,07:18:42,21,25/06/2025,07:29:13
M,56.0,69706,24,25/06/2025,07:34:47,18,25/06/2025,07:37:47
M,16.0,7207,1,25/06/2025,08:46:04,21,25/06/2025,08:57:42
F,51.0,26345,2,25/06/2025,08:54:53,1,25/06/2025,09:01:53
M,32.0,96199,2,25/06/2025,08:45:42,12,25/06/2025,09:02:45
M,42.0,79561,2,25/06/2025,08:51:10,7,25/06/2025,08:59:34
F,43.0,7855,2,25/06/2025,08:23:54,15,25/06/2025,08:35:48
M,36.0,98532,2,25/06/2025,08:57:37,6,25/06/2025,09:18:40
M,45.0,86019,3,25/06/2025,08:56:16,17,25/06/2025,09:09:14
F,33.0,37814,3,25/06/2025,08:12:53,21,25/06/2025,08:29:41
M,39.0,24312,3,25/06/2025,08:34:56,16,25/06/2025,08:48:53
M,23.0,45438,4,25/06/2025,08:03:32,2,25/06/2025,08:17:49
M,41.0,55892,4,25/06/2025,08:32:10,19,25/06/2025,08:51:58
F,24.0,3064,4,25/06/2025,08:36:30,9,25/06/2025,08:49:46
F,33.0,10342,5,25/06/2025,08:41:50,10,25/06/2025,08:59:29
F,28.0,61053,8,25/06/2025,08:42:58,15,25/06/2025,08:55:07
M,17.0,65703,9,25/06/2025,08:51:38,10,25/06/2025,09:05:00
M,22.0,81427,11,25/06/2025,08:12:31,15,25/06/2025,08:21:24
M,50.0,44650,12,25/06/2025,08:38:23,18,25/06/2025,08:51:42
F,42.0,94483,13,25/06/2025,08:02:48,11,25/06/2025,08:24:13
M,28.0,17699,13,25/06/2025,08:33:46,16,25/06/2025,08:55:33
M,46.0,23025,14,25/06/2025,08:01:42,15,25/06/2025,08:19:15
M,30.0,5590,15,25/06/2025,08:58:43,19,25/06/2025,09:15:57
F,25.0,53477,15,25/06/2025,08:49:08,9,25/06/2025,08:58:42
M,41.0,63965,15,25/06/2025,08:25:29,4,25/06/2025,08:45:41
M,30.0,94828,15,25/06/2025,08:59:51,19,25/06/2025,09:13:38
M,32.0,13727,16,25/06/2025,08:35:13,13,25/06/2025,08:53:09
M,28.0,15061,16,25/06/2025,08:58:55,6,25/06/2025,09:08:46
M,24.0,15259,16,25/06/2025,08:35:08,12,25/06/2025,08:58:43
F,47.0,6338,17,25/06/2025,08:39:31,12,25/06/2025,08:50:57
M,32.0,39028,17,25/06/2025,08:45:18,13,25/06/2025,08:58:29
M,25.0,59103,19,25/06/2025,08:09:27,15,25/06/2025,08:24:40
M,27.0,62804,19,25/06/2025,08:31:28,20,25/06/2025,08:55:16
F,34.0,4286,22,25/06/2025,08:57:56,15,25/06/2025,09:10:17
F,29.0,98459,22,25/06/2025,08:46:04,11,25/06/2025,09:13:12
F,41.0,53237,23,25/06/2025,08:35:40,19,25/06/2025,08:40:13
M,36.0,79616,24,25/06/2025,08:54:16,23,25/06/2025,09:03:08
F,47.0,17023,1,25/06/2025,09:57:35,22,25/06/2025,10:14:35
M,28.0,17552,2,25/06/2025,09:37:37,17,25/06/2025,09:57:05
F,43.0,57619,3,25/06/2025,09:50:33,17,25/06/2025,10:07:31
F,34.0,10607,3,25/06/2025,09:29:32,23,25/06/2025,09:32:56
M,26.0,16455,3,25/06/2025,09:16:12,20,25/06/2025,09:36:37
M,42.0,4049,3,25/06/2025,09:09:56,4,25/06/2025,09:12:56
F,22.0,37366,4,25/06/2025,09:10:01,3,25/06/2025,09:15:58
F,41.0,93944,4,25/06/2025,09:59:16,20,25/06/2025,10:27:44
M,47.0,87138,4,25/06/2025,09:30:02,9,25/06/2025,09:38:44
F,35.0,54837,4,25/06/2025,09:42:05,7,25/06/2025,10:09:18
F,51.0,4187,6,25/06/2025,09:37:19,1,25/06/2025,09:47:02
M,24.0,27592,7,25/06/2025,09:28:54,6,25/06/2025,09:53:09
M,18.0,29533,8,25/06/2025,09:30:04,4,25/06/2025,09:41:59
F,35.0,29197,8,25/06/2025,09:34:31,4,25/06/2025,09:58:33
F,35.0,95462,10,25/06/2025,09:50:23,12,25/06/2025,10:05:44
F,28.0,2405,10,25/06/2025,09:27:10,5,25/06/2025,09:34:18
M,47.0,38836,11,25/06/2025,09:09:11,3,25/06/2025,09:12:25
M,32.0,55577,11,25/06/2025,09:32:23,22,25/06/2025,09:44:23
F,26.0,84324,11,25/06/2025,09:36:19,6,25/06/2025,09:45:42
M,38.0,1392,14,25/06/2025,09:18:29,18,25/06/2025,09:35:20
M,21.0,7809,15,25/06/2025,09:37:38,18,25/06/2025,09:40:38
F,29.0,82268,15,25/06/2025,09:40:11,3,25/06/2025,09:48:21
M,48.0,28326,16,25/06/2025,09:41:02,4,25/06/2025,09:51:51
M,32.0,16728,17,25/06/2025,09:53:04,18,25/06/2025,10:19:40
M,30.0,13725,18,25/06/2025,09:03:33,4,25/06/2025,09:22:10
F,32.0,71444,18,25/06/2025,09:14:35,24,25/06/2025,09:23:31
M,29.0,94702,18,25/06/2025,09:15:52,12,25/06/2025,09:27:11
F,32.0,47799,19,25/06/2025,09:22:17,6,25/06/2025,09:40:49
F,32.0,27698,19,25/06/2025,09:37:57,5,25/06/2025,09:55:50
M,16.0,35255,20,25/06/2025,09:48:00,18,25/06/2025,10:01:37
M,22.0,98949,21,25/06/2025,09:36:51,12,25/06/2025,09:39:51
F,50.0,90507,21,25/06/2025,09:49:08,9,25/06/2025,10:09:28
F,38.0,27358,24,25/06/2025,09:23:47,15,25/06/2025,09:40:06
M,16.0,29358,1,25/06/2025,10:19:40,17,25/06/2025,10:45:50
M,48.0,92748,8,25/06/2025,10:53:25,2,25/06/2025,11:12:12
F,34.0,17369,8,25/06/2025,10:33:21,1,25/06/2025,10:45:49
M,38.0,77789,14,25/06/2025,10:22:17,18,25/06/2025,10:40:16
M,35.0,35196,17,25/06/2025,10:05:11,22,25/06/2025,10:13:21
F,41.0,11235,17,25/06/2025,10:47:41,12,25/06/2025,11:10:07
M,36.0,7753,17,25/06/2025,10:53:52,11,25/06/2025,11:08:44
M,38.0,97713,19,25/06/2025,10:09:25,18,25/06/2025,10:30:31
F,26.0,51730,19,25/06/2025,10:23:13,18,25/06/2025,10:43:25
F,29.0,31586,20,25/06/2025,10:31:24,23,25/06/2025,10:42:10
M,31.0,35517,21,25/06/2025,10:24:27,20,25/06/2025,10:40:39
M,40.0,27838,21,25/06/2025,10:11:08,20,25/06/2025,10:25:07
M,26.0,67107,23,25/06/2025,10:39:17,22,25/06/2025,10:58:53
M,23.0,7337,2,25/06/2025,11:46:12,5,25/06/2025,11:58:51
F,44.0,79763,2,25/06/2025,11:21:52,11,25/06/2025,11:35:27
M,37.0,69870,3,25/06/2025,11:57:59,14,25/06/2025,12:05:47
F,40.0,9248,3,25/06/2025,11:22:36,19,25/06/2025,11:37:17
M,34.0,38916,6,25/06/2025,11:36:55,14,25/06/2025,11:39:55
F,36.0,55598,11,25/06/2025,11:30:57,16,25/06/2025,11:39:12
M,18.0,2621,12,25/06/2025,11:18:43,6,25/06/2025,11:32:59
M,41.0,10168,14,25/06/2025,11:44:34,6,25/06/2025,12:01:15
M,39.0,21467,14,25/06/2025,11:22:35,4,25/06/2025,11:31:13
M,23.0,84027,16,25/06/2025,11:28:52,24,25/06/2025,11:46:07
F,16.0,87329,17,25/06/2025,11:36:44,11,25/06/2025,11:53:39
M,26.0,62272,19,25/06/2025,11:44:42,17,25/06/2025,12:02:31
M,33.0,14935,20,25/06/2025,11:13:13,13,25/06/2025,11:30:49
F,25.0,85602,24,25/06/2025,11:07:32,1,25/06/2025,11:27:24
M,31.0,65617,3,25/06/2025,12:08:46,20,25/06/2025,12:11:46
M,26.0,91300,7,25/06/2025,12:20:04,6,25/06/2025,12:25:02
F,34.0,85092,18,25/06/2025,12:32:59,22,25/06/2025,12:50:31
F,40.0,57214,18,25/06/2025,12:28:24,8,25/06/2025,12:42:49
M,18.0,27951,24,25/06/2025,12:55:07,13,25/06/2025,13:07:28
F,32.0,64499,3,25/06/2025,13:01:45,5,25/06/2025,13:13:19
M,37.0,25965,3,25/06/2025,13:06:33,17,25/06/2025,13:29:44
F,44.0,51209,5,25/06/2025,13:44:49,1,25/06/2025,13:56:43
M,16.0,24359,12,25/06/2025,13:18:21,6,25/06/2025,13:46:56
M,45.0,90442,17,25/06/2025,13:25:01,22,25/06/2025,13:44:49
M,28.0,12842,18,25/06/2025,13:17:18,20,25/06/2025,13:37:55
M,16.0,11469,20,25/06/2025,13:08:52,19,25/06/2025,13:27:57
F,28.0,73614,22,25/06/2025,13:12:24,21,25/06/2025,13:23:07
M,38.0,51328,2,25/06/2025,14:09:55,11,25/06/2025,14:17:48
F,33.0,59331,5,25/06/2025,14:48:21,14,25/06/2025,15:01:01
F,35.0,58311,5,25/06/2025,14:23:56,3,25/06/2025,14:37:23
F,29.0,1227,10,25/06/2025,14:05:13,18,25/06/2025,14:16:22
M,16.0,22575,11,25/06/2025,14:07:30,7,25/06/2025,14:20:05
F,49.0,4752,14,25/06/2025,14:05:25,15,25/06/2025,14:22:24
M,30.0,96077,16,25/06/2025,14:10:10,11,25/06/2025,14:26:12
M,48.0,52438,1,25/06/2025,15:44:31,9,25/06/2025,16:01:19
M,28.0,15316,3,25/06/2025,15:36:20,13,25/06/2025,15:58:10
M,42.0,43499,3,25/06/2025,15:18:13,15,25/06/2025,15:38:03
F,28.0,76751,3,25/06/2025,15:15:14,18,25/06/2025,15:32:43
F,54.0,63616,5,25/06/2025,15:50:31,14,25/06/2025,16:11:46
M,44.0,6380,8,25/06/2025,15:14:14,15,25/06/2025,15:29:32
M,17.0,97751,10,25/06/2025,15:05:07,5,25/06/2025,15:29:04
M,33.0,48688,10,25/06/2025,15:15:02,12,25/06/2025,15:36:07
M,44.0,58426,16,25/06/2025,15:41:17,22,25/06/2025,15:53:51
M,33.0,38761,18,25/06/2025,15:07:16,12,25/06/2025,15:21:32
F,31.0,34817,19,25/06/2025,15:37:40,18,25/06/2025,15:47:45
F,27.0,34962,3,25/06/2025,16:42:58,4,25/06/2025,16:54:36
M,41.0,42074,3,25/06/2025,16:03:55,16,25/06/2025,16:12:48
M,33.0,18989,5,25/06/2025,16:33:04,23,25/06/2025,16:36:04
F,52.0,41934,6,25/06/2025,16:56:36,13,25/06/2025,17:08:14
M,34.0,57456,6,25/06/2025,16:09:40,5,25/06/2025,16:19:42
F,30.0,74781,9,25/06/2025,16:48:47,7,25/06/2025,17:05:29
M,39.0,10175,9,25/06/2025,16:32:40,7,25/06/2025,16:35:40
M,20.0,11141,9,25/06/2025,16:04:28,13,25/06/2025,16:13:54
M,27.0,54394,11,25/06/2025,16:42:31,1,25/06/2025,16:48:24
M,22.0,71982,11,25/06/2025,16:28:38,17,25/06/2025,16:51:43
M,27.0,64392,13,25/06/2025,16:46:28,8,25/06/2025,16:49:28
M,30.0,44352,16,25/06/2025,16:20:33,11,25/06/2025,16:38:23
F,31.0,3020,19,25/06/2025,16:22:03,20,25/06/2025,16:36:09
M,40.0,52003,22,25/06/2025,16:26:56,21,25/06/2025,16:40:45
M,47.0,97590,22,25/06/2025,16:32:09,19,25/06/2025,16:48:43
M,28.0,67554,22,25/06/2025,16:19:12,21,25/06/2025,16:34:32
M,41.0,62256,24,25/06/2025,16:46:18,16,25/06/2025,17:05:24
M,23.0,50655,2,25/06/2025,17:09:50,15,25/06/2025,17:15:33
M,38.0,35382,2,25/06/2025,17:39:03,1,25/06/2025,17:45:59
M,42.0,25161,3,25/06/2025,17:13:55,5,25/06/2025,17:25:54
F,24.0,78013,3,25/06/2025,17:10:05,1,25/06/2025,17:13:25
M,20.0,77647,3,25/06/2025,17:40:44,11,25/06/2025,17:45:55
F,26.0,67107,4,25/06/2025,17:53:20,2,25/06/2025,18:13:25
M,47.0,78492,5,25/06/2025,17:41:02,7,25/06/2025,17:50:06
M,60.0,37281,6,25/06/2025,17:59:18,19,25/06/2025,18:28:06
M,20.0,63893,9,25/06/2025,17:32:33,19,25/06/2025,17:49:04
M,28.0,88171,10,25/06/2025,17:55:21,2,25/06/2025,18:12:30
F,42.0,65716,11,25/06/2025,17:12:54,6,25/06/2025,17:25:27
M,16.0,80817,11,25/06/2025,17:56:29,6,25/06/2025,18:15:07
F,37.0,44279,11,25/06/2025,17:06:06,13,25/06/2025,17:28:20
M,45.0,54436,11,25/06/2025,17:42:52,8,25/06/2025,17:58:40
M,36.0,25262,13,25/06/2025,17:32:26,6,25/06/2025,17:53:38
M,39.0,37155,13,25/06/2025,17:33:18,18,25/06/2025,17:52:35
M,45.0,31655,14,25/06/2025,17:19:49,9,25/06/2025,17:28:28
M,16.0,61292,15,25/06/2025,17:13:45,8,25/06/2025,17:31:24
F,48.0,74508,16,25/06/2025,17:38:47,3,25/06/2025,17:55:28
M,33.0,25317,16,25/06/2025,17:28:33,13,25/06/2025,17:49:01
F,30.0,76457,16,25/06/2025,17:48:50,11,25/06/2025,18:07:07
F,28.0,20016,16,25/06/2025,17:01:56,22,25/06/2025,17:08:59
M,43.0,23098,17,25/06/2025,17:28:34,22,25/06/2025,17:54:00
M,32.0,26484,18,25/06/2025,17:15:13,13,25/06/2025,17:27:11
F,24.0,78578,18,25/06/2025,17:45:11,23,25/06/2025,17:56:56
M,16.0,84435,19,25/06/2025,17:21:30,23,25/06/2025,17:45:40
M,43.0,30310,19,25/06/2025,17:37:16,7,25/06/2025,17:50:47
M,27.0,44259,20,25/06/2025,17:30:44,6,25/06/2025,17:39:20
F,33.0,10198,20,25/06/2025,17:28:32,6,25/06/2025,17:49:41
F,48.0,16030,20,25/06/2025,17:16:24,19,25/06/2025,17:30:05
F,32.0,39971,21,25/06/2025,17:19:21,17,25/06/2025,17:22:21
M,24.0,18692,23,25/06/2025,17:22:47,11,25/06/2025,17:36:36
M,35.0,55075,23,25/06/2025,17:48:18,10,25/06/2025,18:08:31
F,22.0,80803,24,25/06/2025,17:31:11,3,25/06/2025,17:35:15
M,46.0,34310,1,25/06/2025,18:14:28,7,25/06/2025,18:26:51
M,46.0,79445,1,25/06/2025,18:40:28,6,25/06/2025,18:49:52
M,23.0,6105,1,25/06/2025,18:11:17,6,25/06/2025,18:24:20
F,33.0,99807,2,25/06/2025,18:37:42,7,25/06/2025,18:56:30
M,43.0,75976,2,25/06/2025,18:32:18,6,25/06/2025,18:37:43
M,45.0,43720,3,25/06/2025,18:09:34,4,25/06/2025,18:17:09
F,16.0,99812,5,25/06/2025,18:42:09,14,25/06/2025,19:08:12
F,27.0,20991,5,25/06/2025,18:57:10,22,25/06/2025,19:09:37
F,40.0,46954,6,25/06/2025,18:15:37,10,25/06/2025,18:41:14
M,31.0,65384,6,25/06/2025,18:56:58,23,25/06/2025,19:04:48
F,26.0,80592,8,25/06/2025,18:04:46,20,25/06/2025,18:32:26
M,16.0,9877,8,25/06/2025,18:57:42,9,25/06/2025,19:12:07
M,46.0,39796,8,25/06/2025,18:41:02,13,25/06/2025,18:49:56
F,43.0,2414,8,25/06/2025,18:21:34,24,25/06/2025,18:38:16
F,46.0,88565,8,25/06/2025,18:36:19,11,25/06/2025,18:47:10
M,52.0,67815,8,25/06/2025,18:54:53,3,25/06/2025,19:13:58
M,33.0,84117,8,25/06/2025,18:35:34,12,25/06/2025,18:57:35
M,34.0,53168,8,25/06/2025,18:44:07,15,25/06/2025,18:47:07
F,31.0,35962,9,25/06/2025,18:23:58,15,25/06/2025,18:37:36
M,31.0,57439,9,25/06/2025,18:54:41,13,25/06/2025,19:16:57
M,35.0,38470,10,25/06/2025,18:03:20,5,25/06/2025,18:19:23
M,20.0,33682,11,25/06/2025,18:01:39,6,25/06/2025,18:13:28
F,43.0,67310,11,25/06/2025,18:06:13,4,25/06/2025,18:18:08
F,37.0,42754,11,25/06/2025,18:42:36,16,25/06/2025,19:02:39
F,24.0,84410,11,25/06/2025,18:08:38,13,25/06/2025,18:29:39
F,24.0,71938,11,25/06/2025,18:50:31,2,25/06/2025,19:04:12
M,44.0,24389,12,25/06/2025,18:53:59,22,25/06/2025,19:06:07
F,40.0,61320,14,25/06/2025,18:38:28,8,25/06/2025,18:56:59
F,45.0,94341,15,25/06/2025,18:32:08,4,25/06/2025,18:35:08
M,19.0,95083,16,25/06/2025,18:37:59,7,25/06/2025,18:43:11
M,31.0,8698,18,25/06/2025,18:58:54,7,25/06/2025,19:11:17
F,47.0,68752,19,25/06/2025,18:24:39,12,25/06/2025,18:42:33
M,28.0,92495,20,25/06/2025,18:56:37,23,25/06/2025,18:59:37
M,39.0,83700,20,25/06/2025,18:05:37,17,25/06/2025,18:08:37
F,28.0,86388,20,25/06/2025,18:34:13,18,25/06/2025,18:42:01
M,18.0,11213,20,25/06/2025,18:41:11,4,25/06/2025,18:44:11
M,40.0,52138,20,25/06/2025,18:39:25,14,25/06/2025,18:56:40
M,43.0,13117,20,25/06/2025,18:41:50,22,25/06/2025,19:00:03
M,49.0,68833,21,25/06/2025,18:55:17,11,25/06/2025,19:16:23
F,21.0,69366,21,25/06/2025,18:20:01,22,25/06/2025,18:38:26
F,19.0,65095,21,25/06/2025,18:51:39,23,25/06/2025,19:14:22
M,30.0,55245,21,25/06/2025,18:33:13,15,25/06/2025,18:36:13
M,52.0,77097,22,25/06/2025,18:23:00,21,25/06/2025,18:35:12
M,34.0,88541,1,25/06/2025,19:16:40,14,25/06/2025,19:42:19
M,38.0,83428,2,25/06/2025,19:22:58,7,25/06/2025,19:28:00
M,20.0,62295,2,25/06/2025,19:09:29,8,25/06/2025,19:25:20
M,35.0,66470,3,25/06/2025,19:29:55,1,25/06/2025,19:53:50
F,34.0,61962,3,25/06/2025,19:03:48,8,25/06/2025,19:14:41
M,32.0,20269,4,25/06/2025,19:42:39,5,25/06/2025,19:50:02
F,20.0,38830,4,25/06/2025,19:37:11,14,25/06/2025,19:40:49
F,39.0,14759,5,25/06/2025,19:32:01,9,25/06/2025,19:51:07
M,38.0,86409,5,25/06/2025,19:52:58,15,25/06/2025,20:14:49
M,43.0,34719,5,25/06/2025,19:05:41,9,25/06/2025,19:23:05
F,28.0,81592,5,25/06/2025,19:27:36,8,25/06/2025,19:47:29
M,35.0,34121,9,25/06/2025,19:05:36,1,25/06/2025,19:10:35
M,40.0,56440,9,25/06/2025,19:02:07,13,25/06/2025,19:07:57
M,17.0,20582,10,25/06/2025,19:50:25,9,25/06/2025,20:13:00
M,42.0,19704,12,25/06/2025,19:07:05,7,25/06/2025,19:23:18
F,24.0,74790,14,25/06/2025,19:25:23,5,25/06/2025,19:39:39
F,30.0,33036,15,25/06/2025,19:07:15,24,25/06/2025,19:29:28
M,48.0,81165,15,25/06/2025,19:51:45,11,25/06/2025,20:08:06
F,37.0,82091,15,25/06/2025,19:53:05,14,25/06/2025,19:58:02
F,39.0,49729,17,25/06/2025,19:48:13,1,25/06/2025,19:53:16
M,39.0,1092,17,25/06/2025,19:40:53,19,25/06/2025,19:43:53
M,32.0,89355,18,25/06/2025,19:55:30,24,25/06/2025,20:10:57
M,26.0,14428,21,25/06/2025,19:18:51,9,25/06/2025,19:23:02
M,21.0,35713,21,25/06/2025,19:57:38,23,25/06/2025,20:01:07
F,18.0,55330,21,25/06/2025,19:20:49,9,25/06/2025,19:28:11
F,29.0,32462,22,25/06/2025,19:24:37,11,25/06/2025,19:32:39
M,40.0,14113,22,25/06/2025,19:44:05,8,25/06/2025,20:01:19
M,41.0,64926,2,25/06/2025,20:11:08,7,25/06/2025,20:17:31
F,42.0,41350,2,25/06/2025,20:21:43,5,25/06/2025,20:24:43
M,29.0,77030,4,25/06/2025,20:10:18,6,25/06/2025,20:26:15
M,41.0,24248,5,25/06/2025,20:50:00,10,25/06/2025,21:03:49
F,56.0,21458,6,25/06/2025,20:33:35,5,25/06/2025,20:58:00
M,48.0,96444,8,25/06/2025,20:59:38,23,25/06/2025,21:07:51
M,24.0,43201,11,25/06/2025,20:02:23,17,25/06/2025,20:25:43
M,37.0,95742,11,25/06/2025,20:14:21,6,25/06/2025,20:29:08
M,51.0,54823,11,25/06/2025,20:35:40,13,25/06/2025,20:48:22
F,36.0,89456,11,25/06/2025,20:33:40,1,25/06/2025,20:44:09
F,44.0,33977,11,25/06/2025,20:07:48,18,25/06/2025,20:14:47
M,38.0,42925,13,25/06/2025,20:08:15,12,25/06/2025,20:14:48
F,45.0,43926,13,25/06/2025,20:33:28,18,25/06/2025,20:37:56
F,35.0,61148,16,25/06/2025,20:38:18,23,25/06/2025,20:56:13
F,32.0,23745,19,25/06/2025,20:09:36,21,25/06/2025,20:38:12
F,33.0,5368,20,25/06/2025,20:42:49,19,25/06/2025,21:00:59
M,41.0,60937,21,25/06/2025,20:57:31,22,25/06/2025,21:17:37
M,38.0,7485,21,25/06/2025,20:26:38,6,25/06/2025,20:42:02
M,44.0,26061,21,25/06/2025,20:12:52,12,25/06/2025,20:23:04
F,51.0,65818,22,25/06/2025,20:24:05,23,25/06/2025,20:27:05
M,26.0,71640,9,25/06/2025,21:40:46,18,25/06/2025,21:50:14
M,31.0,46264,11,25/06/2025,21:03:16,19,25/06/2025,21:16:13
M,28.0,49199,15,25/06/2025,21:51:16,14,25/06/2025,22:05:59
M,60.0,1311,16,25/06/2025,21:12:59,13,25/06/2025,21:42:03
F,48.0,14735,18,25/06/2025,21:17:55,12,25/06/2025,21:20:55
M,36.0,47780,18,25/06/2025,21:21:38,22,25/06/2025,21:42:14
M,37.0,52042,4,25/06/2025,22:06:48,14,25/06/2025,22:24:48
M,27.0,70387,5,25/06/2025,22:24:48,20,25/06/2025,22:37:53
F,29.0,76860,10,25/06/2025,22:05:53,9,25/06/2025,22:23:52
M,27.0,66930,15,25/06/2025,22:39:55,19,25/06/2025,22:55:12
M,28.0,85452,16,25/06/2025,22:31:26,18,25/06/2025,22:38:30
M,40.0,74505,20,25/06/2025,22:02:13,24,25/06/2025,22:10:16
M,48.0,55803,14,25/06/2025,23:54:52,8,25/06/2025,23:58:55
M,32.0,20662,9,26/06/2025,00:43:26,15,26/06/2025,00:59:46
M,36.0,3433,14,26/06/2025,00:38:09,20,26/06/2025,00:56:23
M,38.0,62587,14,26/06/2025,00:43:26,13,26/06/2025,00:48:15
F,30.0,46945,21,26/06/2025,00:29:24,8,26/06/2025,00:34:25
M,22.0,81680,1,26/06/2025,01:00:17,10,26/06/2025,01:04:51
M,45.0,78384,2,26/06/2025,01:31:06,20,26/06/2025,01:40:00
M,26.0,48193,10,26/06/2025,01:42:16,14,26/06/2025,01:45:16
F,35.0,64436,10,26/06/2025,01:29:32,16,26/06/2025,01:56:48
M,48.0,8731,11,26/06/2025,01:38:10,16,26/06/2025,01:50:28
M,16.0,10390,11,26/06/2025,01:35:23,22,26/06/2025,01:49:09
F,26.0,11952,16,26/06/2025,01:18:50,19,26/06/2025,01:30:07
M,34.0,26806,20,26/06/2025,01:57:56,19,26/06/2025,02:17:57
M,44.0,52113,12,26/06/2025,02:30:53,18,26/06/2025,02:39:34
M,24.0,49620,15,26/06/2025,02:29:00,10,26/06/2025,02:45:57
F,32.0,31271,16,26/06/2025,02:43:35,17,26/06/2025,02:52:19
M,19.0,36978,2,26/06/2025,03:31:08,10,26/06/2025,03:49:05
M,26.0,18792,6,26/06/2025,03:02:53,17,26/06/2025,03:20:36
F,43.0,87712,6,26/06/2025,03:32:09,9,26/06/2025,03:41:00
F,28.0,15501,15,26/06/2025,03:44:13,13,26/06/2025,04:13:10
F,24.0,90275,17,26/06/2025,03:25:22,18,26/06/2025,03:36:55
M,16.0,77653,20,26/06/2025,03:53:40,24,26/06/2025,04:27:15
M,49.0,87375,22,26/06/2025,03:03:25,13,26/06/2025,03:12:16
F,22.0,13254,7,26/06/2025,04:45:07,18,26/06/2025,04:53:49
F,36.0,52870,11,26/06/2025,04:20:39,9,26/06/2025,04:42:37
M,55.0,57338,14,26/06/2025,04:53:24,19,26/06/2025,04:58:02
F,32.0,16001,14,26/06/2025,04:59:36,8,26/06/2025,05:15:42
M,40.0,58937,21,26/06/2025,04:51:21,9,26/06/2025,04:54:21
F,36.0,64345,1,26/06/2025,05:46:44,21,26/06/2025,06:03:38
M,31.0,93063,2,26/06/2025,05:57:52,8,26/06/2025,06:22:24
M,35.0,33565,4,26/06/2025,05:46:13,5,26/06/2025,05:52:36
F,34.0,90985,6,26/06/2025,05:31:10,13,26/06/2025,05:34:10
M,23.0,44686,11,26/06/2025,05:50:00,12,26/06/2025,06:03:46
F,42.0,40621,13,26/06/2025,05:21:45,3,26/06/2025,05:36:50
F,37.0,2959,16,26/06/2025,05:01:50,22,26/06/2025,05:13:04
M,36.0,21246,19,26/06/2025,05:33:54,20,26/06/2025,05:55:28
M,37.0,11896,19,26/06/2025,05:16:02,10,26/06/2025,05:40:51
M,48.0,88393,2,26/06/2025,06:21:45,13,26/06/2025,06:34:41
F,41.0,88431,2,26/06/2025,06:46:02,11,26/06/2025,07:16:13
F,37.0,49977,3,26/06/2025,06:05:58,11,26/06/2025,06:10:37
M,35.0,32682,3,26/06/2025,06:43:38,16,26/06/2025,06:58:27
M,35.0,50477,6,26/06/2025,06:19:58,10,26/06/2025,06:30:51
M,36.0,42226,8,26/06/2025,06:22:13,7,26/06/2025,06:27:55
M,39.0,34217,8,26/06/2025,06:49:20,20,26/06/2025,06:53:56
M,34.0,58147,10,26/06/2025,06:08:34,8,26/06/2025,06:17:47
M,60.0,53339,11,26/06/2025,06:58:31,22,26/06/2025,07:15:13
M,25.0,76643,11,26/06/2025,06:50:24,1,26/06/2025,07:03:14
F,18.0,72994,13,26/06/2025,06:20:06,10,26/06/2025,06:33:23
M,30.0,98774,14,26/06/2025,06:41:23,18,26/06/2025,07:06:15
F,32.0,83278,16,26/06/2025,06:37:51,17,26/06/2025,06:54:59
M,33.0,94214,16,26/06/2025,06:07:29,18,26/06/2025,06:22:57
M,33.0,4687,17,26/06/2025,06:02:22,2,26/06/2025,06:20:00
M,42.0,43635,18,26/06/2025,06:56:42,21,26/06/2025,06:59:42
F,40.0,88260,20,26/06/2025,06:09:40,15,26/06/2025,06:23:56
M,40.0,81408,21,26/06/2025,06:49:45,18,26/06/2025,06:56:21
F,34.0,24475,22,26/06/2025,06:22:09,19,26/06/2025,06:57:56
F,27.0,4244,22,26/06/2025,06:27:44,14,26/06/2025,06:46:52
M,45.0,78883,1,26/06/2025,07:22:49,14,26/06/2025,07:36:45
M,35.0,69757,2,26/06/2025,07:04:28,17,26/06/2025,07:19:15
F,26.0,27475,2,26/06/2025,07:46:34,14,26/06/2025,08:03:28
M,43.0,74282,2,26/06/2025,07:36:56,19,26/06/2025,07:46:29
M,41.0,85830,3,26/06/2025,07:18:23,18,26/06/2025,07:42:06
M,34.0,32335,3,26/06/2025,07:58:00,7,26/06/2025,08:08:55
M,43.0,13201,3,26/06/2025,07:14:36,20,26/06/2025,07:26:36
M,22.0,29362,3,26/06/2025,07:20:06,6,26/06/2025,07:28:06
M,46.0,64558,4,26/06/2025,07:58:40,23,26/06/2025,08:12:04
M,37.0,24960,4,26/06/2025,07:52:00,8,26/06/2025,08:15:58
F,41.0,42448,4,26/06/2025,07:25:30,24,26/06/2025,07:37:47
M,21.0,60981,4,26/06/2025,07:52:50,2,26/06/2025,08:10:51
F,48.0,46385,7,26/06/2025,07:39:43,15,26/06/2025,07:46:50
M,46.0,46015,8,26/06/2025,07:19:09,22,26/06/2025,07:35:47
M,27.0,43865,8,26/06/2025,07:05:07,5,26/06/2025,07:33:52
F,36.0,55035,10,26/06/2025,07:20:01,3,26/06/2025,07:26:03
M,17.0,60787,11,26/06/2025,07:16:05,7,26/06/2025,07:24:38
M,52.0,55566,12,26/06/2025,07:06:09,4,26/06/2025,07:25:17
M,24.0,71247,14,26/06/2025,07:48:03,7,26/06/2025,08:03:40
M,32.0,15190,17,26/06/2025,07:41:37,18,26/06/2025,07:53:47
M,35.0,93619,18,26/06/2025,07:31:04,22,26/06/2025,07:39:37
M,41.0,67685,18,26/06/2025,07:42:41,12,26/06/2025,07:47:37
M,24.0,55715,18,26/06/2025,07:26:37,17,26/06/2025,07:46:07
M,28.0,57084,18,26/06/2025,07:35:55,13,26/06/2025,07:39:16
M,36.0,63265,19,26/06/2025,07:34:06,7,26/06/2025,07:37:06
M,29.0,60099,20,26/06/2025,07:48:52,7,26/06/2025,08:02:49
F,35.0,22321,20,26/06/2025,07:19:04,18,26/06/2025,07:24:07
M,16.0,37879,21,26/06/2025,07:07:09,3,26/06/2025,07:21:06
F,25.0,52468,21,26/06/2025,07:00:45,23,26/06/2025,07:09:42
F,43.0,87596,22,26/06/2025,07:16:15,11,26/06/2025,07:31:39
F,16.0,8851,1,26/06/2025,08:24:10,15,26/06/2025,08:38:44
M,35.0,90000,2,26/06/2025,08:18:08,9,26/06/2025,08:34:44
M,31.0,27191,2,26/06/2025,08:59:06,6,26/06/2025,09:12:32
F,30.0,35191,2,26/06/2025,08:56:37,8,26/06/2025,09:06:35
F,31.0,89157,3,26/06/2025,08:57:10,7,26/06/2025,09:11:47
M,20.0,77669,3,26/06/2025,08:51:49,4,26/06/2025,09:01:23
M,38.0,31577,3,26/06/2025,08:37:38,13,26/06/2025,08:46:44
M,29.0,16237,4,26/06/2025,08:21:11,14,26/06/2025,08:34:12
M,20.0,87657,4,26/06/2025,08:48:50,19,26/06/2025,09:13:30
M,36.0,37587,5,26/06/2025,08:03:06,10,26/06/2025,08:28:55
F,56.0,63493,5,26/06/2025,08:32:46,19,26/06/2025,08:35:46
M,29.0,49885,6,26/06/2025,08:21:07,24,26/06/2025,08:38:43
M,45.0,20684,7,26/06/2025,08:53:43,20,26/06/2025,09:12:41
F,28.0,70090,8,26/06/2025,08:35:43,6,26/06/2025,08:38:43
F,37.0,27913,8,26/06/2025,08:13:06,16,26/06/2025,08:17:29
M,23.0,20335,8,26/06/2025,08:34:25,1,26/06/2025,08:44:06
F,38.0,69993,9,26/06/2025,08:21:58,4,26/06/2025,08:39:55
F,25.0,27506,10,26/06/2025,08:11:52,9,26/06/2025,08:14:52
M,41.0,75561,11,26/06/2025,08:37:37,6,26/06/2025,08:51:35
F,16.0,72767,11,26/06/2025,08:19:54,1,26/06/2025,08:29:10
F,16.0,87536,11,26/06/2025,08:46:26,24,26/06/2025,08:49:26
M,28.0,82363,13,26/06/2025,08:08:46,15,26/06/2025,08:28:21
M,45.0,65139,14,26/06/2025,08:24:59,9,26/06/2025,08:33:00
F,47.0,80180,14,26/06/2025,08:29:22,15,26/06/2025,08:56:36
M,27.0,94962,15,26/06/2025,08:34:43,10,26/06/2025,08:37:43
F,51.0,23487,15,26/06/2025,08:16:24,16,26/06/2025,08:35:03
M,42.0,63426,15,26/06/2025,08:05:29,8,26/06/2025,08:18:38
F,45.0,46333,16,26/06/2025,08:58:06,21,26/06/2025,09:01:06
M,44.0,35990,16,26/06/2025,08:58:46,12,26/06/2025,09:05:32
F,56.0,37540,16,26/06/2025,08:53:17,17,26/06/2025,09:06:48
F,45.0,60053,17,26/06/2025,08:26:43,23,26/06/2025,08:45:08
M,32.0,28492,18,26/06/2025,08:25:20,16,26/06/2025,08:54:44
M,41.0,2720,18,26/06/2025,08:14:32,22,26/06/2025,08:30:31
M,38.0,92257,19,26/06/2025,08:52:55,2,26/06/2025,09:14:23
F,27.0,48484,19,26/06/2025,08:34:30,15,26/06/2025,08:53:38
M,32.0,65475,19,26/06/2025,08:24:16,4,26/06/2025,08:44:58
F,25.0,79105,20,26/06/2025,08:08:24,1,26/06/2025,08:25:59
M,60.0,63126,20,26/06/2025,08:33:05,9,26/06/2025,08:36:05
F,27.0,77477,20,26/06/2025,08:01:51,23,26/06/2025,08:19:53
F,19.0,12878,22,26/06/2025,08:11:56,10,26/06/2025,08:33:19
M,53.0,91660,24,26/06/2025,08:01:36,15,26/06/2025,08:21:53
M,35.0,80598,24,26/06/2025,08:57:34,6,26/06/2025,09:07:12
F,29.0,45946,1,26/06/2025,09:34:46,7,26/06/2025,09:54:56
M,35.0,20704,1,26/06/2025,09:51:51,22,26/06/2025,10:07:42
M,20.0,53592,2,26/06/2025,09:29:18,20,26/06/2025,09:50:36
F,38.0,37558,3,26/06/2025,09:46:35,8,26/06/2025,09:57:03
M,30.0,94216,4,26/06/2025,09:54:29,17,26/06/2025,10:00:23
F,28.0,49193,5,26/06/2025,09:10:50,2,26/06/2025,09:30:45
M,36.0,58667,6,26/06/2025,09:14:57,4,26/06/2025,09:18:53
M,44.0,35307,6,26/06/2025,09:44:11,21,26/06/2025,10:00:54
M,34.0,80623,6,26/06/2025,09:21:18,2,26/06/2025,09:47:06
F,26.0,66017,8,26/06/2025,09:35:26,12,26/06/2025,09:54:26
F,18.0,82527,10,26/06/2025,09:33:48,16,26/06/2025,09:41:32
M,29.0,17629,10,26/06/2025,09:12:21,15,26/06/2025,09:27:50
F,27.0,7874,11,26/06/2025,09:59:33,7,26/06/2025,10:13:11
M,40.0,98729,11,26/06/2025,09:57:03,6,26/06/2025,10:09:33
M,35.0,37902,11,26/06/2025,09:52:41,3,26/06/2025,10:17:57
M,16.0,25942,12,26/06/2025,09:32:47,21,26/06/2025,09:50:35
M,41.0,45981,13,26/06/2025,09:00:37,11,26/06/2025,09:23:46
M,35.0,9372,13,26/06/2025,09:13:06,20,26/06/2025,09:17:43
M,27.0,87142,14,26/06/2025,09:12:30,8,26/06/2025,09:32:18
F,25.0,29623,14,26/06/2025,09:13:08,13,26/06/2025,09:30:01
F,53.0,99687,15,26/06/2025,09:49:41,23,26/06/2025,09:56:15
M,32.0,66640,16,26/06/2025,09:09:00,2,26/06/2025,09:20:58
F,41.0,77466,17,26/06/2025,09:19:55,10,26/06/2025,09:33:09
F,47.0,57723,17,26/06/2025,09:17:23,14,26/06/2025,09:29:10
M,31.0,71786,17,26/06/2025,09:42:35,10,26/06/2025,09:57:05
M,40.0,92212,17,26/06/2025,09:13:21,22,26/06/2025,09:23:43
F,45.0,46314,18,26/06/2025,09:14:53,13,26/06/2025,09:18:50
F,31.0,60484,19,26/06/2025,09:48:55,12,26/06/2025,09:55:01
F,44.0,63504,21,26/06/2025,09:48:52,10,26/06/2025,10:05:01
F,25.0,35588,21,26/06/2025,09:02:56,16,26/06/2025,09:09:44
F,19.0,28539,22,26/06/2025,09:27:49,20,26/06/2025,09:45:11
M,27.0,76397,24,26/06/2025,09:58:51,23,26/06/2025,10:13:26
M,18.0,82371,24,26/06/2025,09:47:58,16,26/06/2025,10:02:17
F,27.0,3429,1,26/06/2025,10:40:08,18,26/06/2025,10:59:06
F,30.0,2749,2,26/06/2025,10:22:49,4,26/06/2025,10:39:24
M,24.0,53526,3,26/06/2025,10:58:09,2,26/06/2025,11:08:43
M,31.0,52731,4,26/06/2025,10:14:23,11,26/06/2025,10:25:15
F,44.0,27879,5,26/06/2025,10:38:38,15,26/06/2025,10:58:19
F,42.0,55801,5,26/06/2025,10:17:30,10,26/06/2025,10:25:57
F,16.0,53526,5,26/06/2025,10:57:26,16,26/06/2025,11:09:29
M,22.0,78867,8,26/06/2025,10:36:39,7,26/06/2025,11:00:19
M,28.0,21933,8,26/06/2025,10:20:51,18,26/06/2025,10:42:09
F,22.0,32792,12,26/06/2025,10:50:21,10,26/06/2025,11:13:56
F,16.0,89549,13,26/06/2025,10:39:06,18,26/06/2025,10:50:03
F,16.0,55254,18,26/06/2025,10:53:55,7,26/06/2025,11:15:34
F,22.0,91246,21,26/06/2025,10:57:05,22,26/06/2025,11:15:16
F,35.0,42313,21,26/06/2025,10:07:28,22,26/06/2025,10:10:28
M,46.0,82932,24,26/06/2025,10:34:43,16,26/06/2025,10:50:47
M,27.0,12126,17,26/06/2025,11:31:59,18,26/06/2025,11:49:04
F,33.0,73834,21,26/06/2025,11:21:32,4,26/06/2025,11:29:37
F,23.0,75001,23,26/06/2025,11:40:15,14,26/06/2025,11:56:38
M,30.0,68075,2,26/06/2025,12:46:51,16,26/06/2025,13:04:11
M,28.0,3188,9,26/06/2025,12:36:07,16,26/06/2025,12:47:51
F,21.0,78324,17,26/06/2025,12:57:40,8,26/06/2025,13:08:46
M,36.0,80753,3,26/06/2025,13:15:21,23,26/06/2025,13:26:07
M,39.0,3515,8,26/06/2025,13:05:48,22,26/06/2025,13:12:06
M,41.0,72930,11,26/06/2025,13:35:08,5,26/06/2025,13:40:14
F,37.0,91034,23,26/06/2025,13:49:18,12,26/06/2025,14:12:09
F,40.0,81885,1,26/06/2025,14:57:15,21,26/06/2025,15:17:56
M,35.0,7825,2,26/06/2025,14:12:32,12,26/06/2025,14:31:51
F,38.0,47804,2,26/06/2025,14:09:04,3,26/06/2025,14:31:52
F,24.0,40446,5,26/06/2025,14:50:47,13,26/06/2025,15:21:29
F,27.0,18976,13,26/06/2025,14:48:18,3,26/06/2025,14:58:10
M,25.0,80518,17,26/06/2025,14:07:40,18,26/06/2025,14:25:12
F,43.0,58044,2,26/06/2025,15:57:06,14,26/06/2025,16:05:03
M,48.0,37059,3,26/06/2025,15:26:31,8,26/06/2025,15:42:24
F,25.0,94726,10,26/06/2025,15:16:39,9,26/06/2025,15:37:21
M,50.0,31810,11,26/06/2025,15:48:18,1,26/06/2025,16:09:43
M,36.0,98868,18,26/06/2025,15:42:54,20,26/06/2025,15:55:23
F,40.0,49976,20,26/06/2025,15:44:29,23,26/06/2025,15:53:59
F,37.0,91051,21,26/06/2025,15:57:52,22,26/06/2025,16:12:01
M,20.0,44157,24,26/06/2025,15:24:43,19,26/06/2025,15:54:08
F,45.0,69099,1,26/06/2025,16:35:49,2,26/06/2025,16:56:54
M,48.0,58718,1,26/06/2025,16:50:59,7,26/06/2025,16:53:59
F,37.0,15597,4,26/06/2025,16:39:00,17,26/06/2025,16:50:13
M,51.0,41745,4,26/06/2025,16:28:06,24,26/06/2025,16:47:23
M,32.0,53953,4,26/06/2025,16:10:50,24,26/06/2025,16:26:30
M,35.0,26008,5,26/06/2025,16:54:28,13,26/06/2025,17:08:07
M,31.0,45053,6,26/06/2025,16:03:10,5,26/06/2025,16:21:44
M,16.0,44056,6,26/06/2025,16:10:31,16,26/06/2025,16:23:47
F,33.0,14929,7,26/06/2025,16:09:34,5,26/06/2025,16:15:00
M,45.0,41134,8,26/06/2025,16:21:00,9,26/06/2025,16:39:36
M,30.0,67337,9,26/06/2025,16:11:24,3,26/06/2025,16:24:43
M,16.0,63084,10,26/06/2025,16:33:35,7,26/06/2025,16:51:19
F,34.0,49386,10,26/06/2025,16:48:05,14,26/06/2025,16:54:38
M,27.0,18891,10,26/06/2025,16:31:38,3,26/06/2025,16:53:09
M,17.0,40206,19,26/06/2025,16:37:00,22,26/06/2025,16:53:33
F,16.0,62662,19,26/06/2025,16:28:33,18,26/06/2025,16:49:29
M,30.0,76110,21,26/06/2025,16:16:57,8,26/06/2025,16:35:56
M,25.0,32426,21,26/06/2025,16:00:55,23,26/06/2025,16:03:55
F,20.0,17410,22,26/06/2025,16:38:42,24,26/06/2025,16:52:26
M,33.0,72757,22,26/06/2025,16:14:22,13,26/06/2025,16:19:52
M,26.0,52855,2,26/06/2025,17:36:39,6,26/06/2025,17:54:42
M,20.0,67285,2,26/06/2025,17:38:36,12,26/06/2025,17:58:45
F,17.0,4122,2,26/06/2025,17:39:36,5,26/06/2025,17:42:48
M,34.0,60525,3,26/06/2025,17:13:58,18,26/06/2025,17:28:19
F,37.0,20458,4,26/06/2025,17:58:00,9,26/06/2025,18:10:09
F,41.0,59732,5,26/06/2025,17:23:16,23,26/06/2025,17:43:15
F,32.0,73852,6,26/06/2025,17:07:31,19,26/06/2025,17:20:26
M,34.0,17567,6,26/06/2025,17:27:02,1,26/06/2025,17:39:49
F,16.0,42617,6,26/06/2025,17:40:54,23,26/06/2025,17:58:14
F,40.0,38729,8,26/06/2025,17:14:24,20,26/06/2025,17:25:31
M,29.0,16405,9,26/06/2025,17:01:13,10,26/06/2025,17:25:13
F,31.0,17375,10,26/06/2025,17:30:18,24,26/06/2025,17:46:15
F,28.0,45391,12,26/06/2025,17:58:41,8,26/06/2025,18:01:41
M,21.0,50920,12,26/06/2025,17:49:32,14,26/06/2025,18:05:59
F,16.0,53887,15,26/06/2025,17:55:06,8,26/06/2025,18:00:42
M,26.0,63534,15,26/06/2025,17:59:04,2,26/06/2025,18:16:17
M,33.0,43138,15,26/06/2025,17:41:20,17,26/06/2025,18:00:28
M,46.0,79156,15,26/06/2025,17:29:33,10,26/06/2025,17:32:33
F,16.0,80410,15,26/06/2025,17:34:37,18,26/06/2025,17:54:17
M,25.0,88627,16,26/06/2025,17:37:48,13,26/06/2025,17:52:55
F,17.0,57288,17,26/06/2025,17:04:12,22,26/06/2025,17:21:49
M,37.0,91207,17,26/06/2025,17:01:11,19,26/06/2025,17:12:24
F,46.0,21292,18,26/06/2025,17:49:34,14,26/06/2025,18:04:51
M,27.0,13859,20,26/06/2025,17:02:12,14,26/06/2025,17:18:30
M,18.0,60671,20,26/06/2025,17:18:40,4,26/06/2025,17:45:24
M,26.0,16821,21,26/06/2025,17:31:18,3,26/06/2025,17:39:16
M,39.0,72969,21,26/06/2025,17:25:10,23,26/06/2025,17:45:21
M,29.0,54857,21,26/06/2025,17:35:02,22,26/06/2025,18:03:14
M,29.0,10266,23,26/06/2025,17:40:36,14,26/06/2025,17:52:04
M,28.0,53691,1,26/06/2025,18:48:09,8,26/06/2025,18:59:31
F,16.0,68020,1,26/06/2025,18:56:27,3,26/06/2025,19:10:03
F,19.0,32403,2,26/06/2025,18:02:17,24,26/06/2025,18:20:49
F,36.0,97744,3,26/06/2025,18:09:54,4,26/06/2025,18:25:18
M,29.0,33265,3,26/06/2025,18:38:47,16,26/06/2025,18:53:42
F,40.0,95626,4,26/06/2025,18:12:49,24,26/06/2025,18:25:03
M,52.0,54125,4,26/06/2025,18:42:48,15,26/06/2025,18:47:43
M,41.0,21265,4,26/06/2025,18:09:58,16,26/06/2025,18:23:48
M,16.0,25444,4,26/06/2025,18:49:50,19,26/06/2025,19:05:28
F,64.0,17744,4,26/06/2025,18:37:15,5,26/06/2025,18:58:45
F,34.0,55409,5,26/06/2025,18:23:16,15,26/06/2025,18:34:16
M,21.0,77581,5,26/06/2025,18:45:48,9,26/06/2025,19:02:10
M,38.0,7964,5,26/06/2025,18:20:14,15,26/06/2025,18:25:18
M,30.0,8662,5,26/06/2025,18:19:55,15,26/06/2025,18:34:52
F,48.0,95737,8,26/06/2025,18:40:00,1,26/06/2025,19:06:42
M,37.0,28255,8,26/06/2025,18:40:38,9,26/06/2025,18:53:43
M,33.0,48938,8,26/06/2025,18:01:37,12,26/06/2025,18:04:37
M,42.0,1259,9,26/06/2025,18:17:02,8,26/06/2025,18:20:28
M,22.0,61526,9,26/06/2025,18:34:06,21,26/06/2025,18:41:51
M,43.0,34429,10,26/06/2025,18:53:10,2,26/06/2025,19:06:21
F,27.0,69392,11,26/06/2025,18:30:57,23,26/06/2025,18:41:37
F,22.0,51271,11,26/06/2025,18:08:19,1,26/06/2025,18:16:57
M,52.0,44379,11,26/06/2025,18:05:22,12,26/06/2025,18:19:52
F,31.0,34134,11,26/06/2025,18:57:33,18,26/06/2025,19:13:43
F,43.0,60650,12,26/06/2025,18:34:08,3,26/06/2025,18:52:51
M,23.0,60960,12,26/06/2025,18:01:14,16,26/06/2025,18:15:21
F,31.0,23966,12,26/06/2025,18:44:00,5,26/06/2025,18:49:38
M,33.0,28948,13,26/06/2025,18:57:27,24,26/06/2025,19:08:44
M,41.0,43042,14,26/06/2025,18:16:13,3,26/06/2025,18:26:32
F,30.0,52660,14,26/06/2025,18:14:05,4,26/06/2025,18:34:38
M,30.0,8049,15,26/06/2025,18:01:15,6,26/06/2025,18:04:15
F,43.0,96410,15,26/06/2025,18:10:44,23,26/06/2025,18:18:51
M,47.0,27843,15,26/06/2025,18:45:31,9,26/06/2025,19:00:08
F,16.0,29991,17,26/06/2025,18:41:10,22,26/06/2025,18:48:06
M,36.0,66634,17,26/06/2025,18:14:52,22,26/06/2025,18:33:53
F,33.0,41789,17,26/06/2025,18:42:16,2,26/06/2025,19:02:25
F,55.0,79660,18,26/06/2025,18:43:27,17,26/06/2025,18:53:08
M,22.0,50545,19,26/06/2025,18:24:35,18,26/06/2025,18:46:29
M,25.0,25767,19,26/06/2025,18:41:30,18,26/06/2025,18:59:23
F,29.0,5600,20,26/06/2025,18:33:49,3,26/06/2025,18:41:31
F,39.0,25467,20,26/06/2025,18:41:38,15,26/06/2025,19:06:56
M,46.0,17346,21,26/06/2025,18:00:21,12,26/06/2025,18:16:00
M,35.0,6405,21,26/06/2025,18:05:11,16,26/06/2025,18:14:12
F,27.0,66697,22,26/06/2025,18:20:58,24,26/06/2025,18:32:09
F,41.0,57143,24,26/06/2025,18:25:22,17,26/06/2025,18:35:51
M,38.0,48669,1,26/06/2025,19:45:45,2,26/06/2025,19:48:45
M,23.0,26032,1,26/06/2025,19:42:38,16,26/06/2025,19:53:09
F,32.0,87518,2,26/06/2025,19:01:26,6,26/06/2025,19:10:22
M,35.0,69683,3,26/06/2025,19:20:33,16,26/06/2025,19:28:37
M,33.0,51557,3,26/06/2025,19:54:58,8,26/06/2025,20:07:41
M,54.0,60130,3,26/06/2025,19:06:55,4,26/06/2025,19:28:15
M,19.0,90451,4,26/06/2025,19:39:18,9,26/06/2025,19:57:39
M,53.0,79221,4,26/06/2025,19:33:58,15,26/06/2025,19:52:53
M,45.0,64097,5,26/06/2025,19:49:35,20,26/06/2025,20:03:11
M,36.0,94137,6,26/06/2025,19:26:41,11,26/06/2025,19:31:55
M,18.0,11234,6,26/06/2025,19:16:47,9,26/06/2025,19:26:07
M,33.0,35151,8,26/06/2025,19:15:17,24,26/06/2025,19:27:43
M,39.0,1464,9,26/06/2025,19:05:50,14,26/06/2025,19:22:55
M,39.0,39750,10,26/06/2025,19:33:57,13,26/06/2025,19:56:33
F,28.0,33024,11,26/06/2025,19:08:50,22,26/06/2025,19:26:54
F,45.0,32656,11,26/06/2025,19:50:18,1,26/06/2025,19:59:12
M,33.0,40229,11,26/06/2025,19:38:38,16,26/06/2025,19:42:31
M,30.0,3210,11,26/06/2025,19:24:44,16,26/06/2025,19:41:07
M,29.0,11625,12,26/06/2025,19:18:00,21,26/06/2025,19:21:51
M,34.0,49036,12,26/06/2025,19:10:15,1,26/06/2025,19:27:54
F,45.0,52977,14,26/06/2025,19:49:25,2,26/06/2025,19:54:56
M,19.0,94324,17,26/06/2025,19:32:47,18,26/06/2025,19:43:46
F,36.0,83807,18,26/06/2025,19:14:55,22,26/06/2025,19:20:13
M,20.0,64668,18,26/06/2025,19:39:24,17,26/06/2025,20:04:28
F,36.0,86271,18,26/06/2025,19:40:31,20,26/06/2025,19:53:49
M,37.0,21776,18,26/06/2025,19:48:31,19,26/06/2025,20:01:14
M,36.0,18890,20,26/06/2025,19:39:32,23,26/06/2025,19:49:29
M,21.0,46172,20,26/06/2025,19:40:50,10,26/06/2025,19:52:27
M,33.0,37257,21,26/06/2025,19:56:19,22,26/06/2025,20:10:57
M,47.0,41471,22,26/06/2025,19:29:17,7,26/06/2025,19:46:31
F,20.0,25818,1,26/06/2025,20:04:51,12,26/06/2025,20:17:01
M,40.0,73439,2,26/06/2025,20:06:38,3,26/06/2025,20:31:09
F,20.0,72446,2,26/06/2025,20:39:22,6,26/06/2025,21:05:22
F,46.0,46187,3,26/06/2025,20:52:01,4,26/06/2025,20:59:37
M,39.0,43063,4,26/06/2025,20:39:52,9,26/06/2025,21:03:01
M,32.0,16592,5,26/06/2025,20:22:47,10,26/06/2025,20:50:00
M,31.0,70575,5,26/06/2025,20:05:07,18,26/06/2025,20:25:34
F,40.0,4039,7,26/06/2025,20:13:04,22,26/06/2025,20:30:07
F,22.0,95138,9,26/06/2025,20:44:08,20,26/06/2025,21:05:05
M,37.0,14179,10,26/06/2025,20:59:42,6,26/06/2025,21:17:10
M,26.0,40424,10,26/06/2025,20:34:58,11,26/06/2025,20:49:55
M,32.0,48893,11,26/06/2025,20:39:22,1,26/06/2025,20:56:48
M,16.0,76113,11,26/06/2025,20:43:53,18,26/06/2025,21:00:47
M,28.0,40370,12,26/06/2025,20:59:32,13,26/06/2025,21:28:36
M,32.0,61666,13,26/06/2025,20:08:00,4,26/06/2025,20:11:00
M,40.0,62296,15,26/06/2025,20:55:26,17,26/06/2025,21:14:00
M,38.0,53431,16,26/06/2025,20:21:19,6,26/06/2025,20:34:29
M,22.0,44443,17,26/06/2025,20:31:17,23,26/06/2025,21:01:45
M,28.0,88745,19,26/06/2025,20:40:33,23,26/06/2025,21:06:21
F,42.0,57386,22,26/06/2025,20:13:30,12,26/06/2025,20:29:18
M,16.0,61686,1,26/06/2025,21:08:52,3,26/06/2025,21:30:01
F,30.0,38833,2,26/06/2025,21:15:40,21,26/06/2025,21:24:17
M,34.0,83691,7,26/06/2025,21:10:02,4,26/06/2025,21:13:02
M,38.0,46721,8,26/06/2025,21:57:41,1,26/06/2025,22:18:23
F,37.0,24052,16,26/06/2025,21:12:20,11,26/06/2025,21:23:49
M,37.0,66957,19,26/06/2025,21:01:43,3,26/06/2025,21:22:57
F,31.0,10904,21,26/06/2025,21:11:21,4,26/06/2025,21:19:48
M,27.0,38404,22,26/06/2025,21:21:38,17,26/06/2025,21:34:41
M,32.0,13132,22,26/06/2025,21:26:24,21,26/06/2025,21:40:59
M,40.0,98461,22,26/06/2025,21:56:47,11,26/06/2025,22:08:20
M,33.0,69828,23,26/06/2025,21:32:21,17,26/06/2025,21:39:13
F,42.0,18508,3,26/06/2025,22:08:59,16,26/06/2025,22:19:12
F,38.0,53831,6,26/06/2025,22:15:38,8,26/06/2025,22:25:18
F,29.0,58397,8,26/06/2025,22:27:26,12,26/06/2025,22:38:53
F,56.0,85878,10,26/06/2025,22:34:14,19,26/06/2025,22:40:14
M,49.0,83095,11,26/06/2025,22:01:59,6,26/06/2025,22:14:38
F,31.0,15672,11,26/06/2025,22:21:43,7,26/06/2025,22:32:26
M,22.0,90554,18,26/06/2025,22:44:45,5,26/06/2025,23:03:57
M,37.0,79806,1,26/06/2025,23:41:35,6,26/06/2025,23:48:32
M,32.0,82051,4,26/06/2025,23:07:33,8,26/06/2025,23:10:54
M,42.0,62186,11,27/06/2025,00:29:07,18,27/06/2025,00:35:33
M,25.0,19078,12,27/06/2025,00:17:30,17,27/06/2025,00:36:11
F,35.0,16588,14,27/06/2025,00:24:58,5,27/06/2025,00:49:48
M,29.0,12406,2,27/06/2025,01:32:57,11,27/06/2025,01:40:24
F,26.0,38387,2,27/06/2025,01:33:08,13,27/06/2025,01:59:39
F,49.0,90649,5,27/06/2025,01:37:34,7,27/06/2025,01:55:28
M,26.0,3434,8,27/06/2025,01:29:12,6,27/06/2025,01:43:19
F,40.0,49073,9,27/06/2025,01:49:20,18,27/06/2025,02:03:38
M,51.0,10694,18,27/06/2025,01:03:49,19,27/06/2025,01:29:21
M,39.0,41117,18,27/06/2025,01:36:42,20,27/06/2025,01:52:27
M,32.0,85891,20,27/06/2025,01:09:58,11,27/06/2025,01:19:15
M,16.0,29388,1,27/06/2025,02:27:49,20,27/06/2025,02:48:50
M,49.0,16958,1,27/06/2025,02:12:17,7,27/06/2025,02:30:42
M,47.0,73566,10,27/06/2025,02:12:50,15,27/06/2025,02:31:10
M,30.0,69130,18,27/06/2025,02:18:43,14,27/06/2025,02:36:40
M,21.0,21471,21,27/06/2025,02:38:28,16,27/06/2025,02:47:22
M,52.0,50081,5,27/06/2025,03:33:38,14,27/06/2025,03:52:29
M,30.0,91255,6,27/06/2025,03:21:56,14,27/06/2025,03:24:56
M,33.0,67908,8,27/06/2025,03:07:54,18,27/06/2025,03:21:35
M,29.0,34172,9,27/06/2025,03:27:53,7,27/06/2025,03:34:48
M,34.0,71560,12,27/06/2025,03:24:00,7,27/06/2025,03:38:22
F,27.0,15432,14,27/06/2025,03:58:26,18,27/06/2025,04:12:13
F,34.0,6082,17,27/06/2025,03:15:53,16,27/06/2025,03:37:15
M,22.0,14272,20,27/06/2025,03:05:44,6,27/06/2025,03:23:24
M,25.0,49868,2,27/06/2025,04:26:50,6,27/06/2025,04:30:04
F,49.0,74117,13,27/06/2025,04:39:00,17,27/06/2025,04:56:29
M,21.0,74911,14,27/06/2025,04:56:36,15,27/06/2025,05:16:18
M,43.0,32507,16,27/06/2025,04:33:05,20,27/06/2025,04:56:59
M,19.0,7875,22,27/06/2025,04:58:43,9,27/06/2025,05:09:22
M,33.0,33634,22,27/06/2025,04:51:02,21,27/06/2025,05:18:13
F,48.0,33433,23,27/06/2025,04:47:25,1,27/06/2025,04:57:00
F,35.0,66935,3,27/06/2025,05:08:47,23,27/06/2025,05:25:53
M,35.0,57071,3,27/06/2025,05:02:42,2,27/06/2025,05:11:32
F,28.0,38564,19,27/06/2025,05:40:23,13,27/06/2025,05:56:41
F,42.0,38380,20,27/06/2025,05:05:04,12,27/06/2025,05:21:00
M,17.0,91948,24,27/06/2025,05:42:43,20,27/06/2025,05:48:30
F,26.0,34326,2,27/06/2025,06:16:05,5,27/06/2025,06:35:33
F,32.0,12553,4,27/06/2025,06:33:44,3,27/06/2025,07:02:10
F,35.0,48412,4,27/06/2025,06:35:05,3,27/06/2025,06:38:05
M,37.0,61583,4,27/06/2025,06:55:28,12,27/06/2025,06:59:55
F,32.0,71165,8,27/06/2025,06:36:05,18,27/06/2025,06:56:09
M,30.0,44608,10,27/06/2025,06:05:00,9,27/06/2025,06:16:06
M,31.0,70212,12,27/06/2025,06:50:06,8,27/06/2025,06:58:13
F,38.0,86398,14,27/06/2025,06:42:34,23,27/06/2025,07:02:30
M,36.0,56575,15,27/06/2025,06:58:36,14,27/06/2025,07:22:47
M,30.0,74495,15,27/06/2025,06:22:11,13,27/06/2025,06:45:05
M,30.0,12876,16,27/06/2025,06:45:12,13,27/06/2025,07:07:22
F,48.0,46604,19,27/06/2025,06:19:15,13,27/06/2025,06:22:15
F,19.0,55154,20,27/06/2025,06:57:03,13,27/06/2025,07:07:14
M,41.0,14740,20,27/06/2025,06:27:23,9,27/06/2025,06:37:52
M,42.0,21655,22,27/06/2025,06:47:13,5,27/06/2025,07:00:40
F,43.0,11571,22,27/06/2025,06:10:14,17,27/06/2025,06:14:13
F,38.0,38688,24,27/06/2025,06:12:34,12,27/06/2025,06:31:51
M,43.0,93574,1,27/06/2025,07:47:30,2,27/06/2025,07:55:12
M,37.0,50750,1,27/06/2025,07:01:24,6,27/06/2025,07:16:00
M,37.0,74942,2,27/06/2025,07:35:57,24,27/06/2025,07:50:27
F,52.0,72249,3,27/06/2025,07:41:44,20,27/06/2025,08:01:06
M,33.0,45677,4,27/06/2025,07:28:06,10,27/06/2025,07:51:53
M,31.0,47211,4,27/06/2025,07:50:11,3,27/06/2025,07:53:11
M,39.0,87230,5,27/06/2025,07:27:31,10,27/06/2025,07:30:31
F,24.0,4384,7,27/06/2025,07:53:32,11,27/06/2025,07:56:32
M,24.0,70828,7,27/06/2025,07:34:25,24,27/06/2025,07:41:20
M,36.0,90058,7,27/06/2025,07:12:49,12,27/06/2025,07:23:37
M,26.0,78759,8,27/06/2025,07:30:06,6,27/06/2025,07:50:55
F,32.0,62308,9,27/06/2025,07:53:08,10,27/06/2025,08:13:26
M,38.0,47303,9,27/06/2025,07:35:39,11,27/06/2025,07:52:57
F,25.0,96720,9,27/06/2025,07:17:42,20,27/06/2025,07:34:53
M,38.0,24768,10,27/06/2025,07:47:52,5,27/06/2025,08:21:21
M,44.0,40890,11,27/06/2025,07:57:37,12,27/06/2025,08:12:33
M,30.0,65314,11,27/06/2025,07:25:41,1,27/06/2025,07:38:26
M,44.0,93921,12,27/06/2025,07:45:07,22,27/06/2025,07:48:07
M,23.0,18766,14,27/06/2025,07:31:05,13,27/06/2025,07:53:48
M,40.0,24738,15,27/06/2025,07:33:45,10,27/06/2025,07:47:01
M,40.0,21833,16,27/06/2025,07:32:03,15,27/06/2025,07:55:48
M,49.0,71333,17,27/06/2025,07:08:23,11,27/06/2025,07:11:23
M,46.0,95397,18,27/06/2025,07:29:59,16,27/06/2025,07:42:54
M,36.0,95246,20,27/06/2025,07:42:27,17,27/06/2025,08:07:05
M,37.0,13353,21,27/06/2025,07:33:33,20,27/06/2025,07:47:39
M,47.0,97933,22,27/06/2025,07:51:52,23,27/06/2025,08:14:18
F,49.0,31981,23,27/06/2025,07:08:34,10,27/06/2025,07:25:44
M,19.0,84534,24,27/06/2025,07:18:05,18,27/06/2025,07:33:26
F,27.0,40086,24,27/06/2025,07:15:01,21,27/06/2025,07:31:48
M,37.0,61796,24,27/06/2025,07:23:42,19,27/06/2025,07:46:36
F,41.0,81103,2,27/06/2025,08:19:20,1,27/06/2025,08:41:14
M,25.0,22792,2,27/06/2025,08:56:49,24,27/06/2025,09:07:55
M,34.0,77194,3,27/06/2025,08:24:49,24,27/06/2025,08:46:16
F,31.0,47035,4,27/06/2025,08:16:18,9,27/06/2025,08:19:18
M,22.0,89686,4,27/06/2025,08:28:46,9,27/06/2025,08:45:18
M,39.0,81385,4,27/06/2025,08:28:26,2,27/06/2025,08:48:48
F,29.0,11422,5,27/06/2025,08:34:57,21,27/06/2025,08:54:05
M,37.0,94496,6,27/06/2025,08:31:11,7,27/06/2025,08:39:58
M,38.0,72217,7,27/06/2025,08:02:07,6,27/06/2025,08:13:03
M,16.0,18614,8,27/06/2025,08:49:44,19,27/06/2025,08:58:39
F,29.0,30079,8,27/06/2025,08:28:02,2,27/06/2025,08:42:20
F,45.0,87305,8,27/06/2025,08:22:48,24,27/06/2025,08:32:28
M,32.0,17765,9,27/06/2025,08:09:39,6,27/06/2025,08:21:33
F,36.0,80662,11,27/06/2025,08:51:12,17,27/06/2025,09:08:50
F,25.0,47752,11,27/06/2025,08:13:29,23,27/06/2025,08:27:11
M,30.0,6645,11,27/06/2025,08:45:17,7,27/06/2025,09:02:52
F,23.0,82371,12,27/06/2025,08:00:39,18,27/06/2025,08:19:52
F,16.0,25905,12,27/06/2025,08:00:48,13,27/06/2025,08:12:06
M,47.0,94024,13,27/06/2025,08:34:47,17,27/06/2025,08:49:53
M,51.0,20209,15,27/06/2025,08:48:01,19,27/06/2025,09:08:43
M,34.0,61659,17,27/06/2025,08:09:10,23,27/06/2025,08:25:08
M,53.0,44570,19,27/06/2025,08:00:40,24,27/06/2025,08:20:45
F,40.0,39089,19,27/06/2025,08:41:10,7,27/06/2025,08:52:27
M,16.0,97192,20,27/06/2025,08:59:21,10,27/06/2025,09:24:27
M,46.0,87688,21,27/06/2025,08:02:15,18,27/06/2025,08:18:56
M,26.0,31243,21,27/06/2025,08:50:15,23,27/06/2025,09:05:42
M,23.0,85489,21,27/06/2025,08:00:39,17,27/06/2025,08:10:38
M,24.0,62299,21,27/06/2025,08:14:26,15,27/06/2025,08:36:11
F,28.0,43935,23,27/06/2025,08:03:33,21,27/06/2025,08:22:05
M,32.0,95054,23,27/06/2025,08:21:32,8,27/06/2025,08:45:06
M,51.0,73162,24,27/06/2025,08:57:09,19,27/06/2025,09:08:53
F,32.0,75665,24,27/06/2025,08:17:06,11,27/06/2025,08:29:25
M,56.0,51799,2,27/06/2025,09:46:40,6,27/06/2025,10:01:33
F,38.0,14963,2,27/06/2025,09:18:58,7,27/06/2025,09:24:43
F,26.0,21312,3,27/06/2025,09:54:32,9,27/06/2025,10:09:33
F,29.0,83423,3,27/06/2025,09:53:35,11,27/06/2025,09:59:11
M,30.0,80961,5,27/06/2025,09:03:53,14,27/06/2025,09:17:12
M,33.0,95333,6,27/06/2025,09:07:47,3,27/06/2025,09:23:14
M,34.0,73259,7,27/06/2025,09:41:31,8,27/06/2025,10:04:42
M,28.0,28355,7,27/06/2025,09:26:22,17,27/06/2025,09:56:53
F,29.0,4392,9,27/06/2025,09:33:48,21,27/06/2025,09:44:15
F,47.0,1206,9,27/06/2025,09:25:14,3,27/06/2025,09:37:28
F,54.0,56502,9,27/06/2025,09:19:17,10,27/06/2025,09:37:08
M,45.0,6029,10,27/06/2025,09:25:47,17,27/06/2025,09:48:20
M,43.0,12980,13,27/06/2025,09:26:10,9,27/06/2025,09:45:56
M,44.0,76742,16,27/06/2025,09:39:19,2,27/06/2025,09:56:49
M,22.0,36918,17,27/06/2025,09:01:34,9,27/06/2025,09:16:58
M,40.0,47673,19,27/06/2025,09:20:37,10,27/06/2025,09:37:52
M,31.0,80006,19,27/06/2025,09:14:33,15,27/06/2025,09:24:20
F,43.0,81582,19,27/06/2025,09:40:32,8,27/06/2025,10:04:09
M,25.0,60557,20,27/06/2025,09:55:40,14,27/06/2025,10:13:41
M,56.0,3357,20,27/06/2025,09:14:44,16,27/06/2025,09:30:29
M,37.0,28003,21,27/06/2025,09:12:44,5,27/06/2025,09:24:01
M,33.0,55096,21,27/06/2025,09:41:30,18,27/06/2025,09:54:55
M,33.0,25654,21,27/06/2025,09:19:37,11,27/06/2025,09:42:50
M,39.0,90048,1,27/06/2025,10:20:11,15,27/06/2025,10:37:15
M,26.0,12182,2,27/06/2025,10:50:19,6,27/06/2025,10:58:47
F,37.0,47972,2,27/06/2025,10:45:14,4,27/06/2025,11:08:29
F,30.0,54471,5,27/06/2025,10:22:41,6,27/06/2025,10:30:47
M,44.0,94974,9,27/06/2025,10:26:51,20,27/06/2025,10:35:04
M,25.0,4224,9,27/06/2025,10:31:55,5,27/06/2025,10:51:58
F,32.0,63312,12,27/06/2025,10:16:10,14,27/06/2025,10:27:49
M,39.0,37251,17,27/06/2025,10:45:46,22,27/06/2025,10:57:47
M,23.0,99147,17,27/06/2025,10:19:36,9,27/06/2025,10:27:19
F,43.0,41116,17,27/06/2025,10:24:38,18,27/06/2025,10:45:31
M,26.0,63813,18,27/06/2025,10:34:20,8,27/06/2025,10:52:10
M,28.0,5570,19,27/06/2025,10:48:53,14,27/06/2025,11:11:06
M,17.0,24870,19,27/06/2025,10:05:08,14,27/06/2025,10:13:59
M,46.0,33925,20,27/06/2025,10:56:42,16,27/06/2025,11:02:58
F,42.0,21919,24,27/06/2025,10:36:06,11,27/06/2025,10:53:48
M,43.0,69810,1,27/06/2025,11:40:18,7,27/06/2025,11:56:08
M,30.0,8370,1,27/06/2025,11:17:05,7,27/06/2025,11:29:22
M,35.0,82252,3,27/06/2025,11:16:11,11,27/06/2025,11:33:59
F,23.0,26410,4,27/06/2025,11:05:32,13,27/06/2025,11:35:39
M,37.0,48294,5,27/06/2025,11:50:15,4,27/06/2025,12:04:22
F,35.0,55997,11,27/06/2025,11:16:42,15,27/06/2025,11:19:42
M,50.0,18698,12,27/06/2025,11:45:27,19,27/06/2025,12:06:04
M,17.0,82653,13,27/06/2025,11:06:51,19,27/06/2025,11:32:27
F,27.0,96328,14,27/06/2025,11:08:02,24,27/06/2025,11:15:59
M,25.0,86015,19,27/06/2025,11:03:15,14,27/06/2025,11:15:26
M,36.0,19511,10,27/06/2025,12:35:21,19,27/06/2025,12:57:42
M,27.0,30381,12,27/06/2025,12:03:53,7,27/06/2025,12:31:17
M,44.0,32518,20,27/06/2025,12:52:57,6,27/06/2025,12:55:57
F,28.0,98402,20,27/06/2025,12:18:22,18,27/06/2025,12:24:51
F,30.0,80464,1,27/06/2025,13:15:29,20,27/06/2025,13:44:34
M,45.0,39130,9,27/06/2025,13:57:31,5,27/06/2025,14:08:01
M,51.0,86997,11,27/06/2025,13:18:31,16,27/06/2025,13:21:31
M,28.0,33537,16,27/06/2025,13:03:00,24,27/06/2025,13:22:03
M,28.0,48483,16,27/06/2025,13:36:39,18,27/06/2025,13:45:39
M,44.0,43627,1,27/06/2025,14:26:45,4,27/06/2025,14:29:48
F,28.0,88404,8,27/06/2025,14:56:22,13,27/06/2025,15:09:47
F,28.0,21057,8,27/06/2025,14:00:31,15,27/06/2025,14:17:15
M,43.0,97905,2,27/06/2025,15:38:00,5,27/06/2025,15:53:05
M,31.0,14852,3,27/06/2025,15:06:09,4,27/06/2025,15:17:20
M,20.0,77797,9,27/06/2025,15:24:34,1,27/06/2025,15:46:01
M,35.0,61578,11,27/06/2025,15:04:46,2,27/06/2025,15:16:56
F,19.0,25975,15,27/06/2025,15:29:49,19,27/06/2025,15:42:40
M,30.0,41540,18,27/06/2025,15:15:03,11,27/06/2025,15:18:17
M,26.0,6540,22,27/06/2025,15:19:58,17,27/06/2025,15:34:32
M,24.0,30553,1,27/06/2025,16:08:34,14,27/06/2025,16:17:43
M,45.0,43506,3,27/06/2025,16:53:52,11,27/06/2025,17:15:28
F,22.0,37319,3,27/06/2025,16:21:27,2,27/06/2025,16:33:09
M,43.0,68398,5,27/06/2025,16:19:58,11,27/06/2025,16:45:10
M,27.0,88176,8,27/06/2025,16:51:05,9,27/06/2025,17:00:04
M,39.0,2701,9,27/06/2025,16:11:08,16,27/06/2025,16:34:43
M,37.0,35449,9,27/06/2025,16:57:17,8,27/06/2025,17:12:29
M,16.0,67910,9,27/06/2025,16:05:45,13,27/06/2025,16:30:08
M,23.0,62886,10,27/06/2025,16:05:49,13,27/06/2025,16:09:26
F,21.0,23317,10,27/06/2025,16:54:14,5,27/06/2025,17:10:33
F,38.0,88702,11,27/06/2025,16:39:46,20,27/06/2025,17:00:46
M,44.0,33248,11,27/06/2025,16:56:17,4,27/06/2025,16:59:17
M,27.0,33046,13,27/06/2025,16:32:15,18,27/06/2025,16:52:23
F,42.0,32966,16,27/06/2025,16:15:31,17,27/06/2025,16:31:02
M,39.0,90324,17,27/06/2025,16:31:54,14,27/06/2025,16:45:21
M,43.0,19164,17,27/06/2025,16:53:54,10,27/06/2025,17:01:00
M,25.0,39974,18,27/06/2025,16:10:47,4,27/06/2025,16:33:29
M,29.0,50452,19,27/06/2025,16:22:31,1,27/06/2025,16:26:40
F,40.0,17746,20,27/06/2025,16:35:24,19,27/06/2025,16:49:13
M,27.0,85910,4,27/06/2025,17:58:33,20,27/06/2025,18:18:27
M,40.0,38800,5,27/06/2025,17:12:38,10,27/06/2025,17:25:44
M,23.0,70635,7,27/06/2025,17:17:15,20,27/06/2025,17:35:57
M,23.0,9768,9,27/06/2025,17:50:49,3,27/06/2025,18:00:01
F,38.0,22728,9,27/06/2025,17:28:19,24,27/06/2025,17:55:28
M,43.0,99760,10,27/06/2025,17:38:07,5,27/06/2025,17:44:26
M,21.0,37954,11,27/06/2025,17:38:32,16,27/06/2025,18:01:09
M,29.0,62155,13,27/06/2025,17:23:26,14,27/06/2025,17:35:28
F,35.0,98830,13,27/06/2025,17:51:05,14,27/06/2025,18:09:23
M,37.0,8874,13,27/06/2025,17:59:17,19,27/06/2025,18:08:28
M,17.0,18396,13,27/06/2025,17:16:20,8,27/06/2025,17:33:18
M,34.0,3534,13,27/06/2025,17:07:34,2,27/06/2025,17:15:35
M,40.0,6053,13,27/06/2025,17:32:30,20,27/06/2025,17:37:57
F,30.0,22782,14,27/06/2025,17:47:10,20,27/06/2025,18:06:47
M,32.0,20096,14,27/06/2025,17:08:36,20,27/06/2025,17:11:36
M,34.0,22934,15,27/06/2025,17:39:39,22,27/06/2025,17:48:13
F,45.0,97933,16,27/06/2025,17:59:39,17,27/06/2025,18:04:52
M,16.0,4553,16,27/06/2025,17:58:50,1,27/06/2025,18:09:32
M,16.0,88383,16,27/06/2025,17:32:15,19,27/06/2025,17:35:15
F,30.0,65755,17,27/06/2025,17:51:20,3,27/06/2025,17:59:41
M,37.0,26446,18,27/06/2025,17:42:51,17,27/06/2025,18:01:16
F,32.0,53272,18,27/06/2025,17:33:58,24,27/06/2025,17:48:20
M,41.0,1988,20,27/06/2025,17:04:02,14,27/06/2025,17:07:02
M,50.0,5818,20,27/06/2025,17:30:24,13,27/06/2025,17:34:01
F,33.0,52929,20,27/06/2025,17:25:58,18,27/06/2025,17:47:32
F,38.0,62017,21,27/06/2025,17:48:12,20,27/06/2025,18:08:28
M,41.0,2566,21,27/06/2025,17:00:04,22,27/06/2025,17:13:38
M,44.0,89387,22,27/06/2025,17:58:12,16,27/06/2025,18:08:37
M,32.0,8022,24,27/06/2025,17:07:24,19,27/06/2025,17:25:14
F,27.0,87923,24,27/06/2025,17:16:06,23,27/06/2025,17:30:46
M,16.0,25127,1,27/06/2025,18:45:44,10,27/06/2025,18:58:43
M,24.0,6581,2,27/06/2025,18:08:00,20,27/06/2025,18:22:48
F,33.0,8630,2,27/06/2025,18:31:27,8,27/06/2025,18:49:59
M,40.0,32842,2,27/06/2025,18:36:53,17,27/06/2025,18:41:54
M,26.0,73119,2,27/06/2025,18:08:41,18,27/06/2025,18:15:25
M,31.0,60975,3,27/06/2025,18:35:23,4,27/06/2025,18:55:45
M,37.0,94816,3,27/06/2025,18:36:42,24,27/06/2025,18:42:23
M,63.0,67962,3,27/06/2025,18:03:58,2,27/06/2025,18:25:49
F,55.0,11455,3,27/06/2025,18:02:36,14,27/06/2025,18:13:11
F,42.0,43635,3,27/06/2025,18:02:33,11,27/06/2025,18:05:33
M,17.0,79368,5,27/06/2025,18:30:11,7,27/06/2025,18:47:32
M,43.0,55429,5,27/06/2025,18:31:17,6,27/06/2025,18:35:58
M,32.0,31319,5,27/06/2025,18:30:11,6,27/06/2025,18:46:06
F,48.0,5726,5,27/06/2025,18:42:03,12,27/06/2025,19:01:11
M,41.0,72491,6,27/06/2025,18:00:31,12,27/06/2025,18:25:29
F,52.0,54220,8,27/06/2025,18:54:46,7,27/06/2025,19:05:02
M,49.0,41540,9,27/06/2025,18:39:22,15,27/06/2025,18:48:08
M,58.0,41654,9,27/06/2025,18:13:44,5,27/06/2025,18:30:17
F,30.0,50120,10,27/06/2025,18:22:18,4,27/06/2025,18:34:20
F,44.0,33138,10,27/06/2025,18:24:40,12,27/06/2025,18:34:35
M,16.0,3855,13,27/06/2025,18:35:46,19,27/06/2025,18:39:27
M,46.0,80251,13,27/06/2025,18:20:52,6,27/06/2025,18:30:26
F,27.0,89517,14,27/06/2025,18:02:13,15,27/06/2025,18:16:39
M,29.0,41166,16,27/06/2025,18:24:28,1,27/06/2025,18:28:36
F,16.0,25827,17,27/06/2025,18:48:50,23,27/06/2025,18:51:50
M,38.0,67802,17,27/06/2025,18:10:16,10,27/06/2025,18:27:50
M,36.0,22891,17,27/06/2025,18:03:51,2,27/06/2025,18:22:03
M,33.0,56968,18,27/06/2025,18:09:36,17,27/06/2025,18:38:11
M,16.0,17757,18,27/06/2025,18:57:53,20,27/06/2025,19:11:18
M,40.0,2359,18,27/06/2025,18:44:56,17,27/06/2025,18:57:56
M,31.0,95476,18,27/06/2025,18:53:39,21,27/06/2025,19:11:20
M,27.0,96536,19,27/06/2025,18:09:01,24,27/06/2025,18:16:16
M,16.0,35302,20,27/06/2025,18:16:48,14,27/06/2025,18:29:34
M,35.0,61611,21,27/06/2025,18:48:13,8,27/06/2025,19:24:09
M,36.0,70244,22,27/06/2025,18:45:30,4,27/06/2025,19:03:02
F,48.0,3203,23,27/06/2025,18:48:26,13,27/06/2025,18:58:47
F,26.0,35710,24,27/06/2025,18:19:05,9,27/06/2025,18:32:35
F,34.0,93614,1,27/06/2025,19:41:37,7,27/06/2025,19:44:37
M,26.0,5836,1,27/06/2025,19:05:16,8,27/06/2025,19:19:04
F,39.0,42132,2,27/06/2025,19:42:25,5,27/06/2025,19:57:24
F,24.0,72803,2,27/06/2025,19:27:46,3,27/06/2025,19:52:03
M,42.0,23802,2,27/06/2025,19:59:56,6,27/06/2025,20:07:54
F,41.0,66465,2,27/06/2025,19:43:36,14,27/06/2025,19:55:58
M,38.0,33957,3,27/06/2025,19:18:54,2,27/06/2025,19:27:00
M,32.0,12764,3,27/06/2025,19:05:22,8,27/06/2025,19:23:48
F,21.0,27616,4,27/06/2025,19:24:12,1,27/06/2025,19:44:01
M,39.0,79637,4,27/06/2025,19:27:10,7,27/06/2025,19:38:04
M,33.0,51124,5,27/06/2025,19:56:29,13,27/06/2025,20:18:11
F,44.0,29842,5,27/06/2025,19:29:48,7,27/06/2025,19:41:54
F,46.0,18737,5,27/06/2025,19:08:54,11,27/06/2025,19:12:19
M,29.0,97062,5,27/06/2025,19:53:34,23,27/06/2025,20:09:05
F,38.0,14225,5,27/06/2025,19:07:40,9,27/06/2025,19:15:54
M,25.0,36457,6,27/06/2025,19:53:54,21,27/06/2025,20:08:54
F,38.0,80835,6,27/06/2025,19:55:14,1,27/06/2025,20:15:37
M,41.0,41385,7,27/06/2025,19:27:10,3,27/06/2025,19:37:57
M,39.0,74512,8,27/06/2025,19:16:38,2,27/06/2025,19:24:52
M,36.0,91732,9,27/06/2025,19:22:58,12,27/06/2025,19:38:26
F,40.0,2270,10,27/06/2025,19:44:07,15,27/06/2025,19:57:52
M,40.0,80012,11,27/06/2025,19:46:31,16,27/06/2025,20:03:10
M,32.0,61135,11,27/06/2025,19:12:24,17,27/06/2025,19:20:58
M,33.0,63646,12,27/06/2025,19:09:15,16,27/06/2025,19:30:49
F,31.0,7042,12,27/06/2025,19:59:03,23,27/06/2025,20:13:21
F,35.0,2330,13,27/06/2025,19:59:48,17,27/06/2025,20:23:25
F,40.0,22547,13,27/06/2025,19:02:06,18,27/06/2025,19:05:06
M,16.0,46621,14,27/06/2025,19:44:18,7,27/06/2025,20:03:34
F,42.0,60116,15,27/06/2025,19:57:06,14,27/06/2025,20:05:18
F,43.0,92242,15,27/06/2025,19:30:33,4,27/06/2025,19:46:18
F,41.0,70212,16,27/06/2025,19:40:59,12,27/06/2025,19:48:19
M,36.0,65047,16,27/06/2025,19:04:56,22,27/06/2025,19:07:56
F,29.0,68090,17,27/06/2025,19:05:49,20,27/06/2025,19:09:04
F,20.0,46772,17,27/06/2025,19:15:31,16,27/06/2025,19:40:48
F,18.0,94626,17,27/06/2025,19:21:43,15,27/06/2025,19:43:16
F,23.0,70649,17,27/06/2025,19:44:52,12,27/06/2025,19:58:04
F,43.0,57968,17,27/06/2025,19:22:19,7,27/06/2025,19:35:51
F,28.0,99135,18,27/06/2025,19:40:58,13,27/06/2025,19:58:01
F,25.0,55756,18,27/06/2025,19:28:47,14,27/06/2025,19:45:27
F,31.0,96546,18,27/06/2025,19:51:16,22,27/06/2025,20:00:43
F,31.0,43616,21,27/06/2025,19:22:18,16,27/06/2025,19:34:19
M,28.0,2815,23,27/06/2025,19:46:56,1,27/06/2025,19:56:00
M,42.0,88958,23,27/06/2025,19:38:29,18,27/06/2025,19:52:30
M,40.0,84447,1,27/06/2025,20:26:58,7,27/06/2025,20:41:41
M,31.0,58183,3,27/06/2025,20:00:41,2,27/06/2025,20:17:44
F,27.0,16108,3,27/06/2025,20:33:56,23,27/06/2025,20:42:20
F,28.0,79015,4,27/06/2025,20:13:31,24,27/06/2025,20:22:47
M,33.0,18975,4,27/06/2025,20:50:04,14,27/06/2025,21:13:32
M,44.0,22683,6,27/06/2025,20:56:27,16,27/06/2025,21:06:49
M,37.0,73812,6,27/06/2025,20:49:07,10,27/06/2025,21:03:29
F,38.0,11602,8,27/06/2025,20:05:08,22,27/06/2025,20:23:57
F,36.0,30268,8,27/06/2025,20:23:56,3,27/06/2025,20:36:10
F,35.0,35610,8,27/06/2025,20:22:49,9,27/06/2025,20:46:27
F,39.0,22062,10,27/06/2025,20:51:09,5,27/06/2025,21:09:18
M,26.0,73455,11,27/06/2025,20:07:46,7,27/06/2025,20:22:48
M,30.0,7676,11,27/06/2025,20:45:34,12,27/06/2025,20:51:04
M,42.0,80381,13,27/06/2025,20:47:10,18,27/06/2025,21:10:07
F,31.0,23802,13,27/06/2025,20:48:20,14,27/06/2025,21:11:05
M,36.0,83658,15,27/06/2025,20:13:11,9,27/06/2025,20:30:38
M,31.0,93847,17,27/06/2025,20:04:23,8,27/06/2025,20:16:08
M,43.0,34086,18,27/06/2025,20:37:40,10,27/06/2025,20:50:07
M,33.0,71614,19,27/06/2025,20:08:43,18,27/06/2025,20:20:16
M,41.0,78453,19,27/06/2025,20:17:08,10,27/06/2025,20:26:21
M,34.0,86981,19,27/06/2025,20:01:01,15,27/06/2025,20:11:54
F,37.0,58527,20,27/06/2025,20:41:46,19,27/06/2025,20:56:14
M,29.0,72957,22,27/06/2025,20:57:25,5,27/06/2025,21:04:15
M,29.0,32436,22,27/06/2025,20:30:00,23,27/06/2025,20:38:34
F,52.0,4911,23,27/06/2025,20:08:28,20,27/06/2025,20:25:56
F,17.0,50503,1,27/06/2025,21:45:41,9,27/06/2025,22:13:27
M,32.0,25005,4,27/06/2025,21:41:38,24,27/06/2025,21:49:49
F,16.0,11138,10,27/06/2025,21:24:44,18,27/06/2025,21:36:07
M,16.0,97298,16,27/06/2025,21:01:48,22,27/06/2025,21:16:18
F,25.0,83042,19,27/06/2025,21:33:26,2,27/06/2025,21:57:05
F,25.0,71205,23,27/06/2025,21:57:02,11,27/06/2025,22:13:18
M,45.0,7318,24,27/06/2025,21:29:02,15,27/06/2025,21:44:48
F,28.0,74255,12,27/06/2025,22:11:34,18,27/06/2025,22:23:02
M,52.0,29966,13,27/06/2025,22:56:33,6,27/06/2025,23:01:36
M,34.0,13051,14,27/06/2025,22:31:58,1,27/06/2025,22:47:51
F,33.0,24492,6,27/06/2025,23:45:41,17,28/06/2025,00:09:49
M,45.0,29107,22,27/06/2025,23:42:37,21,27/06/2025,23:52:22
M,28.0,21594,1,28/06/2025,00:37:15,15,28/06/2025,00:44:27
M,30.0,83130,4,28/06/2025,00:45:02,5,28/06/2025,00:49:55
M,38.0,82669,12,28/06/2025,00:13:03,6,28/06/2025,00:40:58
F,26.0,82972,14,28/06/2025,00:58:19,12,28/06/2025,01:13:48
F,32.0,96226,14,28/06/2025,00:18:44,1,28/06/2025,00:26:13
M,34.0,23541,15,28/06/2025,00:55:26,13,28/06/2025,01:15:40
F,32.0,87206,16,28/06/2025,00:34:01,6,28/06/2025,00:53:30
F,37.0,65413,17,28/06/2025,00:18:02,13,28/06/2025,00:26:32
M,43.0,19990,18,28/06/2025,00:02:55,11,28/06/2025,00:19:00
M,24.0,12268,19,28/06/2025,00:41:02,2,28/06/2025,00:55:22
M,29.0,82260,21,28/06/2025,00:33:26,18,28/06/2025,00:40:31
M,17.0,27256,4,28/06/2025,01:34:20,6,28/06/2025,01:50:15
F,47.0,69366,6,28/06/2025,01:53:22,23,28/06/2025,02:12:51
M,40.0,47374,14,28/06/2025,01:54:10,20,28/06/2025,01:57:10
F,37.0,59454,17,28/06/2025,01:07:44,12,28/06/2025,01:27:47
M,39.0,48293,17,28/06/2025,01:25:16,8,28/06/2025,01:28:16
M,33.0,30536,20,28/06/2025,01:29:13,2,28/06/2025,01:45:42
F,44.0,37458,11,28/06/2025,02:58:48,2,28/06/2025,03:05:11
M,29.0,21547,11,28/06/2025,02:30:22,8,28/06/2025,02:43:58
M,32.0,79433,14,28/06/2025,02:41:20,19,28/06/2025,02:55:35
M,27.0,91314,22,28/06/2025,02:30:01,10,28/06/2025,02:43:52
F,30.0,6259,2,28/06/2025,03:02:47,6,28/06/2025,03:15:30
M,28.0,33657,5,28/06/2025,03:59:24,2,28/06/2025,04:09:49
M,40.0,95648,10,28/06/2025,03:29:32,7,28/06/2025,03:50:30
M,33.0,44298,12,28/06/2025,03:06:58,11,28/06/2025,03:17:29
M,28.0,85602,14,28/06/2025,03:34:38,6,28/06/2025,03:50:12
F,40.0,1516,14,28/06/2025,03:53:54,5,28/06/2025,03:57:26
M,41.0,13197,19,28/06/2025,03:23:18,8,28/06/2025,03:42:17
M,24.0,93613,22,28/06/2025,03:35:37,21,28/06/2025,03:47:07
M,16.0,17022,2,28/06/2025,04:25:11,6,28/06/2025,04:42:41
F,24.0,96703,3,28/06/2025,04:43:38,9,28/06/2025,04:53:07
F,25.0,4654,6,28/06/2025,04:31:22,8,28/06/2025,04:44:32
M,21.0,54400,13,28/06/2025,04:35:47,10,28/06/2025,04:44:29
M,38.0,22055,14,28/06/2025,04:56:16,3,28/06/2025,05:14:44
F,29.0,97189,17,28/06/2025,04:49:56,18,28/06/2025,04:57:12
F,42.0,89734,20,28/06/2025,04:04:01,4,28/06/2025,04:16:33
F,43.0,30546,22,28/06/2025,04:30:09,2,28/06/2025,04:35:06
F,35.0,9480,1,28/06/2025,05:32:14,6,28/06/2025,05:49:11
F,38.0,9700,4,28/06/2025,05:35:26,18,28/06/2025,05:52:13
M,48.0,70948,8,28/06/2025,05:27:09,21,28/06/2025,05:50:39
M,42.0,76323,12,28/06/2025,05:37:08,16,28/06/2025,06:01:32
M,25.0,36542,14,28/06/2025,05:42:56,5,28/06/2025,06:01:08
M,36.0,34442,15,28/06/2025,05:21:11,14,28/06/2025,05:24:11
M,33.0,79823,16,28/06/2025,05:37:15,17,28/06/2025,05:50:13
F,48.0,93689,17,28/06/2025,05:49:28,18,28/06/2025,06:07:59
M,51.0,17112,19,28/06/2025,05:18:12,14,28/06/2025,05:41:19
M,25.0,67755,20,28/06/2025,05:08:16,15,28/06/2025,05:25:50
M,37.0,6917,20,28/06/2025,05:28:43,15,28/06/2025,05:36:34
F,41.0,90058,21,28/06/2025,05:05:45,18,28/06/2025,05:29:11
F,44.0,93436,21,28/06/2025,05:43:54,9,28/06/2025,05:58:13
F,42.0,72308,23,28/06/2025,05:31:32,24,28/06/2025,05:36:43
F,34.0,16053,23,28/06/2025,05:45:45,22,28/06/2025,06:00:15
M,41.0,79315,1,28/06/2025,06:34:36,19,28/06/2025,06:44:34
F,32.0,20773,2,28/06/2025,06:30:10,15,28/06/2025,06:37:04
M,36.0,47470,3,28/06/2025,06:24:13,5,28/06/2025,06:36:27
F,16.0,31895,5,28/06/2025,06:20:13,24,28/06/2025,06:46:38
M,34.0,74061,6,28/06/2025,06:23:34,7,28/06/2025,06:26:57
M,27.0,13944,14,28/06/2025,06:18:43,15,28/06/2025,06:36:13
F,29.0,16553,17,28/06/2025,06:39:03,22,28/06/2025,06:53:29
M,37.0,37305,18,28/06/2025,06:29:24,20,28/06/2025,06:45:25
F,30.0,62385,20,28/06/2025,06:22:48,3,28/06/2025,06:32:15
M,24.0,23103,22,28/06/2025,06:24:59,18,28/06/2025,06:37:15
M,53.0,68459,1,28/06/2025,07:38:03,4,28/06/2025,07:49:09
M,18.0,27698,4,28/06/2025,07:08:28,17,28/06/2025,07:12:59
F,33.0,33492,7,28/06/2025,07:23:42,14,28/06/2025,07:27:42
M,49.0,35438,12,28/06/2025,07:59:12,16,28/06/2025,08:21:27
F,16.0,75683,17,28/06/2025,07:41:39,24,28/06/2025,08:03:13
F,16.0,4672,19,28/06/2025,07:34:28,22,28/06/2025,07:46:59
M,31.0,18661,20,28/06/2025,07:41:14,15,28/06/2025,07:46:21
M,16.0,45097,20,28/06/2025,07:53:45,17,28/06/2025,08:09:23
M,39.0,60088,24,28/06/2025,07:45:27,23,28/06/2025,07:59:17
F,26.0,89407,2,28/06/2025,08:41:59,6,28/06/2025,09:00:13
M,22.0,50820,4,28/06/2025,08:19:05,2,28/06/2025,08:30:21
M,24.0,52597,6,28/06/2025,08:58:58,3,28/06/2025,09:07:01
M,36.0,64862,6,28/06/2025,08:36:48,12,28/06/2025,08:42:28
F,45.0,44596,6,28/06/2025,08:10:33,7,28/06/2025,08:16:45
M,31.0,8843,7,28/06/2025,08:06:43,4,28/06/2025,08:21:19
F,36.0,68651,9,28/06/2025,08:27:22,24,28/06/2025,08:44:47
F,28.0,64246,10,28/06/2025,08:50:42,1,28/06/2025,09:10:26
M,23.0,34792,14,28/06/2025,08:08:45,15,28/06/2025,08:15:31
F,34.0,64460,19,28/06/2025,08:30:00,11,28/06/2025,08:33:00
M,27.0,40993,20,28/06/2025,08:59:41,19,28/06/2025,09:04:55
M,39.0,16316,2,28/06/2025,09:32:34,14,28/06/2025,09:43:36
F,37.0,13797,2,28/06/2025,09:06:25,19,28/06/2025,09:23:52
M,25.0,43570,3,28/06/2025,09:53:18,16,28/06/2025,10:22:09
M,60.0,57980,3,28/06/2025,09:50:13,5,28/06/2025,09:58:00
F,27.0,5967,11,28/06/2025,09:17:35,15,28/06/2025,09:29:39
M,42.0,14476,16,28/06/2025,09:11:09,17,28/06/2025,09:23:41
M,33.0,94954,17,28/06/2025,09:13:50,14,28/06/2025,09:16:50
F,45.0,56198,18,28/06/2025,09:47:58,16,28/06/2025,09:59:11
F,45.0,25248,20,28/06/2025,09:37:40,22,28/06/2025,09:58:08
M,20.0,1568,20,28/06/2025,09:03:41,12,28/06/2025,09:21:34
F,34.0,17659,21,28/06/2025,09:10:55,13,28/06/2025,09:24:55
F,30.0,67137,22,28/06/2025,09:20:54,23,28/06/2025,09:25:35
F,29.0,54256,22,28/06/2025,09:59:12,23,28/06/2025,10:13:21
M,34.0,94141,23,28/06/2025,09:30:52,18,28/06/2025,09:47:59
F,61.0,96283,1,28/06/2025,10:29:25,7,28/06/2025,10:36:06
F,39.0,85195,3,28/06/2025,10:56:31,22,28/06/2025,11:07:00
M,20.0,17381,5,28/06/2025,10:59:27,2,28/06/2025,11:11:29
F,37.0,90571,6,28/06/2025,10:06:47,20,28/06/2025,10:29:40
M,21.0,29893,6,28/06/2025,10:00:25,7,28/06/2025,10:16:18
M,44.0,88279,12,28/06/2025,10:47:23,6,28/06/2025,11:06:32
M,39.0,21588,13,28/06/2025,10:28:23,8,28/06/2025,10:47:51
F,38.0,40739,14,28/06/2025,10:40:59,1,28/06/2025,11:01:25
M,35.0,47990,15,28/06/2025,10:13:29,14,28/06/2025,10:32:13
M,23.0,13256,16,28/06/2025,10:52:26,14,28/06/2025,11:16:56
M,22.0,6408,19,28/06/2025,10:00:14,13,28/06/2025,10:20:58
M,34.0,16614,22,28/06/2025,10:47:04,9,28/06/2025,11:09:54
F,30.0,56810,1,28/06/2025,11:20:35,19,28/06/2025,11:23:35
M,63.0,46049,1,28/06/2025,11:46:45,7,28/06/2025,11:51:53
M,41.0,50535,2,28/06/2025,11:40:07,3,28/06/2025,11:55:33
M,42.0,80199,2,28/06/2025,11:44:48,6,28/06/2025,12:00:03
M,29.0,75653,3,28/06/2025,11:21:47,5,28/06/2025,11:34:30
M,16.0,77221,4,28/06/2025,11:39:25,15,28/06/2025,11:55:50
F,44.0,49595,4,28/06/2025,11:07:12,5,28/06/2025,11:14:55
M,25.0,49842,6,28/06/2025,11:11:43,14,28/06/2025,11:15:14
F,55.0,74326,6,28/06/2025,11:29:28,11,28/06/2025,11:32:28
M,17.0,22998,8,28/06/2025,11:04:02,20,28/06/2025,11:13:19
M,25.0,14136,11,28/06/2025,11:16:02,16,28/06/2025,11:20:19
M,18.0,14553,11,28/06/2025,11:38:46,16,28/06/2025,11:52:23
F,44.0,71267,11,28/06/2025,11:11:49,6,28/06/2025,11:32:19
M,36.0,40671,11,28/06/2025,11:21:52,7,28/06/2025,11:33:55
F,35.0,10952,12,28/06/2025,11:55:36,4,28/06/2025,12:17:59
M,31.0,31619,12,28/06/2025,11:52:39,11,28/06/2025,11:55:39
F,26.0,49704,14,28/06/2025,11:58:58,10,28/06/2025,12:12:03
M,31.0,83133,18,28/06/2025,11:38:49,24,28/06/2025,11:41:54
F,43.0,95763,19,28/06/2025,11:54:43,2,28/06/2025,11:58:21
F,24.0,5352,20,28/06/2025,11:54:54,6,28/06/2025,12:09:15
M,27.0,94047,21,28/06/2025,11:55:29,12,28/06/2025,12:01:23
F,49.0,68869,21,28/06/2025,11:40:20,14,28/06/2025,11:54:50
F,38.0,88341,22,28/06/2025,11:10:59,17,28/06/2025,11:20:15
F,48.0,49456,22,28/06/2025,11:13:23,14,28/06/2025,11:26:21
F,19.0,53154,24,28/06/2025,11:00:00,12,28/06/2025,11:16:45
M,41.0,7220,24,28/06/2025,11:55:25,18,28/06/2025,12:11:16
F,29.0,85345,1,28/06/2025,12:16:23,6,28/06/2025,12:20:36
M,35.0,83610,2,28/06/2025,12:23:36,8,28/06/2025,12:39:08
F,42.0,57585,4,28/06/2025,12:25:11,5,28/06/2025,12:40:04
M,21.0,92237,4,28/06/2025,12:38:57,9,28/06/2025,12:55:13
M,18.0,68781,5,28/06/2025,12:32:21,2,28/06/2025,12:47:18
M,39.0,74487,5,28/06/2025,12:50:03,17,28/06/2025,13:06:21
M,35.0,18716,5,28/06/2025,12:45:40,11,28/06/2025,13:01:56
M,22.0,60642,6,28/06/2025,12:17:48,22,28/06/2025,12:28:23
M,26.0,50383,8,28/06/2025,12:40:59,7,28/06/2025,12:51:56
F,37.0,93221,9,28/06/2025,12:13:41,5,28/06/2025,12:33:56
M,40.0,55341,9,28/06/2025,12:45:43,13,28/06/2025,12:53:38
F,16.0,97713,10,28/06/2025,12:26:08,18,28/06/2025,12:44:24
M,33.0,27895,12,28/06/2025,12:38:37,23,28/06/2025,13:01:03
M,31.0,65850,12,28/06/2025,12:56:45,17,28/06/2025,13:17:07
M,39.0,62694,13,28/06/2025,12:30:43,18,28/06/2025,12:46:48
M,34.0,46442,16,28/06/2025,12:45:13,18,28/06/2025,13:06:38
M,19.0,29901,16,28/06/2025,12:28:07,11,28/06/2025,12:31:07
F,29.0,23599,16,28/06/2025,12:15:28,12,28/06/2025,12:35:17
F,53.0,1659,16,28/06/2025,12:42:25,6,28/06/2025,12:55:25
M,16.0,31472,17,28/06/2025,12:53:45,6,28/06/2025,13:08:33
F,26.0,77010,20,28/06/2025,12:16:52,19,28/06/2025,12:19:52
F,28.0,82929,22,28/06/2025,12:17:04,16,28/06/2025,12:28:34
M,31.0,3368,22,28/06/2025,12:40:09,1,28/06/2025,12:56:44
M,37.0,8406,24,28/06/2025,12:57:05,13,28/06/2025,13:10:35
F,36.0,13900,1,28/06/2025,13:51:27,17,28/06/2025,14:09:50
F,57.0,45217,1,28/06/2025,13:24:11,2,28/06/2025,13:37:20
M,48.0,8136,1,28/06/2025,13:17:38,6,28/06/2025,13:40:18
M,18.0,29912,2,28/06/2025,13:28:25,1,28/06/2025,13:31:25
M,25.0,2413,3,28/06/2025,13:05:00,13,28/06/2025,13:23:01
M,33.0,77507,3,28/06/2025,13:04:59,9,28/06/2025,13:27:48
M,20.0,34499,4,28/06/2025,13:41:05,14,28/06/2025,13:49:56
M,22.0,89669,4,28/06/2025,13:15:19,13,28/06/2025,13:31:23
M,38.0,21108,4,28/06/2025,13:51:52,2,28/06/2025,14:06:35
M,16.0,18123,4,28/06/2025,13:16:29,18,28/06/2025,13:42:23
M,39.0,15146,4,28/06/2025,13:41:08,13,28/06/2025,13:51:58
M,16.0,60612,9,28/06/2025,13:31:53,2,28/06/2025,13:53:08
F,33.0,98043,10,28/06/2025,13:47:55,9,28/06/2025,13:59:48
M,39.0,75229,10,28/06/2025,13:07:33,13,28/06/2025,13:11:37
M,27.0,36222,10,28/06/2025,13:25:40,22,28/06/2025,13:41:06
F,32.0,93780,11,28/06/2025,13:49:37,23,28/06/2025,14:04:06
M,24.0,3063,11,28/06/2025,13:41:15,4,28/06/2025,14:06:34
F,39.0,48453,11,28/06/2025,13:28:19,15,28/06/2025,13:52:12
M,47.0,45963,11,28/06/2025,13:18:51,12,28/06/2025,13:36:09
M,39.0,4229,11,28/06/2025,13:33:20,6,28/06/2025,13:36:20
M,34.0,53127,12,28/06/2025,13:09:43,21,28/06/2025,13:36:47
M,24.0,77347,13,28/06/2025,13:11:18,6,28/06/2025,13:27:15
F,18.0,35261,13,28/06/2025,13:48:44,23,28/06/2025,14:03:27
F,34.0,13022,14,28/06/2025,13:00:11,3,28/06/2025,13:19:41
M,41.0,56636,16,28/06/2025,13:03:28,10,28/06/2025,13:28:12
M,19.0,72850,16,28/06/2025,13:20:22,23,28/06/2025,13:41:35
F,42.0,17605,18,28/06/2025,13:05:07,22,28/06/2025,13:14:13
F,25.0,8484,18,28/06/2025,13:05:37,20,28/06/2025,13:08:37
F,32.0,50085,18,28/06/2025,13:38:58,21,28/06/2025,13:52:17
M,32.0,50185,19,28/06/2025,13:40:13,12,28/06/2025,13:56:58
M,35.0,26838,19,28/06/2025,13:42:46,22,28/06/2025,13:55:18
M,30.0,93445,19,28/06/2025,13:45:14,2,28/06/2025,14:01:39
F,19.0,83547,19,28/06/2025,13:47:20,15,28/06/2025,14:00:43
M,56.0,53974,20,28/06/2025,13:30:42,14,28/06/2025,13:39:25
F,30.0,12350,20,28/06/2025,13:02:51,3,28/06/2025,13:09:43
M,24.0,33640,20,28/06/2025,13:51:47,14,28/06/2025,13:54:47
M,16.0,48943,21,28/06/2025,13:12:44,7,28/06/2025,13:38:34
M,30.0,15601,21,28/06/2025,13:18:35,11,28/06/2025,13:38:51
M,48.0,72829,21,28/06/2025,13:24:14,22,28/06/2025,13:35:33
M,16.0,21324,22,28/06/2025,13:04:38,17,28/06/2025,13:14:21
M,33.0,45115,22,28/06/2025,13:49:16,17,28/06/2025,13:52:16
F,19.0,52272,22,28/06/2025,13:10:05,14,28/06/2025,13:29:51
M,24.0,16242,23,28/06/2025,13:20:32,19,28/06/2025,13:39:12
M,21.0,14404,23,28/06/2025,13:44:00,19,28/06/2025,13:47:43
M,33.0,79553,23,28/06/2025,13:32:22,6,28/06/2025,13:46:15
F,31.0,89920,1,28/06/2025,14:25:56,24,28/06/2025,14:43:26
M,33.0,90408,1,28/06/2025,14:21:10,8,28/06/2025,14:34:37
F,32.0,98618,2,28/06/2025,14:55:58,15,28/06/2025,15:07:43
F,30.0,47007,2,28/06/2025,14:50:55,7,28/06/2025,14:59:57
M,49.0,45503,3,28/06/2025,14:29:32,12,28/06/2025,14:38:42
F,31.0,95136,3,28/06/2025,14:01:03,4,28/06/2025,14:23:05
M,37.0,89987,8,28/06/2025,14:55:17,17,28/06/2025,15:15:20
M,25.0,63265,8,28/06/2025,14:01:48,11,28/06/2025,14:32:29
M,22.0,74674,8,28/06/2025,14:39:20,4,28/06/2025,14:43:52
M,28.0,45997,8,28/06/2025,14:44:34,9,28/06/2025,14:49:32
M,39.0,66465,9,28/06/2025,14:40:55,16,28/06/2025,15:00:03
M,41.0,16015,9,28/06/2025,14:37:16,3,28/06/2025,14:55:41
M,51.0,93697,10,28/06/2025,14:57:54,17,28/06/2025,15:00:54
M,18.0,78592,10,28/06/2025,14:07:27,8,28/06/2025,14:32:17
M,30.0,94523,10,28/06/2025,14:51:30,8,28/06/2025,15:04:00
M,32.0,50573,10,28/06/2025,14:51:22,11,28/06/2025,15:11:28
M,32.0,95956,11,28/06/2025,14:13:06,4,28/06/2025,14:38:36
F,43.0,30165,11,28/06/2025,14:23:28,16,28/06/2025,14:38:51
M,33.0,55286,13,28/06/2025,14:38:04,23,28/06/2025,15:00:31
M,17.0,37209,14,28/06/2025,14:04:53,11,28/06/2025,14:15:59
F,25.0,23119,15,28/06/2025,14:53:33,6,28/06/2025,14:57:17
F,17.0,3523,15,28/06/2025,14:46:55,6,28/06/2025,15:02:12
M,39.0,83533,15,28/06/2025,14:11:05,10,28/06/2025,14:20:22
M,29.0,88675,15,28/06/2025,14:16:34,8,28/06/2025,14:28:02
F,22.0,85404,16,28/06/2025,14:54:44,6,28/06/2025,15:00:25
M,31.0,98822,16,28/06/2025,14:06:09,5,28/06/2025,14:15:58
F,57.0,19335,16,28/06/2025,14:52:31,17,28/06/2025,15:05:08
M,37.0,52276,17,28/06/2025,14:46:01,13,28/06/2025,15:07:46
F,33.0,26679,18,28/06/2025,14:55:17,17,28/06/2025,15:04:14
F,31.0,76545,19,28/06/2025,14:19:35,20,28/06/2025,14:25:56
F,57.0,33648,20,28/06/2025,14:54:50,19,28/06/2025,15:04:26
M,58.0,45718,20,28/06/2025,14:00:03,19,28/06/2025,14:30:36
M,36.0,77412,20,28/06/2025,14:25:04,6,28/06/2025,14:33:09
F,20.0,36450,21,28/06/2025,14:36:27,11,28/06/2025,14:48:46
F,21.0,65569,21,28/06/2025,14:55:01,18,28/06/2025,15:09:38
F,39.0,89678,21,28/06/2025,14:25:19,4,28/06/2025,14:37:41
F,54.0,67116,21,28/06/2025,14:42:45,13,28/06/2025,14:59:58
M,32.0,57176,22,28/06/2025,14:25:46,17,28/06/2025,14:45:56
F,16.0,75467,23,28/06/2025,14:17:32,24,28/06/2025,14:34:39
M,52.0,54785,23,28/06/2025,14:58:16,9,28/06/2025,15:10:07
F,32.0,3825,3,28/06/2025,15:06:12,9,28/06/2025,15:16:52
M,41.0,29965,5,28/06/2025,15:06:20,4,28/06/2025,15:13:04
M,45.0,74810,5,28/06/2025,15:22:30,4,28/06/2025,15:47:39
M,21.0,47139,5,28/06/2025,15:13:16,10,28/06/2025,15:16:16
M,43.0,39640,6,28/06/2025,15:46:32,16,28/06/2025,15:52:27
M,22.0,37234,9,28/06/2025,15:01:37,19,28/06/2025,15:21:20
M,43.0,26175,10,28/06/2025,15:23:25,4,28/06/2025,15:34:57
M,50.0,8745,10,28/06/2025,15:37:30,4,28/06/2025,16:01:59
F,24.0,41159,10,28/06/2025,15:31:45,24,28/06/2025,15:51:46
M,18.0,25750,10,28/06/2025,15:39:47,1,28/06/2025,15:42:47
F,37.0,33436,11,28/06/2025,15:58:09,2,28/06/2025,16:12:17
M,54.0,60279,13,28/06/2025,15:50:31,8,28/06/2025,16:03:30
M,36.0,64461,14,28/06/2025,15:41:20,8,28/06/2025,15:44:20
M,53.0,81522,14,28/06/2025,15:00:55,19,28/06/2025,15:09:36
F,42.0,47584,16,28/06/2025,15:00:13,11,28/06/2025,15:16:40
F,33.0,87567,16,28/06/2025,15:23:53,21,28/06/2025,15:40:12
M,32.0,72477,17,28/06/2025,15:45:28,14,28/06/2025,16:07:35
M,36.0,67568,17,28/06/2025,15:53:30,10,28/06/2025,15:56:30
F,35.0,92511,18,28/06/2025,15:28:07,13,28/06/2025,15:42:14
M,30.0,22157,18,28/06/2025,15:20:33,11,28/06/2025,15:30:43
M,25.0,52271,18,28/06/2025,15:10:09,13,28/06/2025,15:27:36
M,37.0,20778,18,28/06/2025,15:03:08,21,28/06/2025,15:11:53
M,27.0,77869,18,28/06/2025,15:32:55,22,28/06/2025,15:44:01
F,39.0,25934,19,28/06/2025,15:12:30,12,28/06/2025,15:27:47
M,22.0,71962,19,28/06/2025,15:26:34,12,28/06/2025,15:48:43
M,28.0,76706,19,28/06/2025,15:35:32,14,28/06/2025,15:52:35
F,50.0,84846,20,28/06/2025,15:06:01,13,28/06/2025,15:22:13
F,25.0,99993,21,28/06/2025,15:46:13,10,28/06/2025,16:01:32
F,36.0,7436,22,28/06/2025,15:58:03,7,28/06/2025,16:06:47
F,20.0,62667,22,28/06/2025,15:14:36,7,28/06/2025,15:30:02
M,39.0,24273,23,28/06/2025,15:58:42,24,28/06/2025,16:07:57
M,19.0,9643,1,28/06/2025,16:41:40,6,28/06/2025,17:12:52
M,27.0,55796,2,28/06/2025,16:05:39,9,28/06/2025,16:09:38
F,52.0,73756,3,28/06/2025,16:19:48,15,28/06/2025,16:22:48
M,38.0,51779,3,28/06/2025,16:11:16,11,28/06/2025,16:20:51
M,43.0,52300,4,28/06/2025,16:52:25,3,28/06/2025,16:55:45
M,28.0,18310,6,28/06/2025,16:06:44,18,28/06/2025,16:16:25
M,48.0,8494,6,28/06/2025,16:32:58,18,28/06/2025,16:48:59
M,40.0,33767,6,28/06/2025,16:49:57,18,28/06/2025,17:01:51
M,31.0,40429,8,28/06/2025,16:50:49,3,28/06/2025,17:02:53
M,36.0,85857,9,28/06/2025,16:18:14,21,28/06/2025,16:34:32
M,41.0,45847,12,28/06/2025,16:36:52,21,28/06/2025,16:46:14
M,29.0,16545,15,28/06/2025,16:40:21,16,28/06/2025,16:43:21
F,49.0,50914,16,28/06/2025,16:02:23,12,28/06/2025,16:22:27
F,33.0,81089,16,28/06/2025,16:12:46,5,28/06/2025,16:31:58
F,37.0,4026,17,28/06/2025,16:13:25,1,28/06/2025,16:33:38
M,32.0,39934,19,28/06/2025,16:58:30,9,28/06/2025,17:16:12
F,21.0,37657,19,28/06/2025,16:59:57,15,28/06/2025,17:13:01
F,26.0,20630,20,28/06/2025,16:07:25,15,28/06/2025,16:21:15
M,37.0,23509,20,28/06/2025,16:32:23,19,28/06/2025,16:38:33
M,39.0,79285,21,28/06/2025,16:29:13,11,28/06/2025,16:32:13
M,23.0,89392,22,28/06/2025,16:07:03,21,28/06/2025,16:36:58
M,55.0,57689,1,28/06/2025,17:00:56,11,28/06/2025,17:13:17
M,32.0,83542,2,28/06/2025,17:30:36,7,28/06/2025,17:39:54
F,24.0,3495,2,28/06/2025,17:19:38,17,28/06/2025,17:32:34
M,19.0,83398,3,28/06/2025,17:36:52,2,28/06/2025,17:46:46
M,34.0,59637,4,28/06/2025,17:41:49,16,28/06/2025,18:06:03
F,19.0,79615,5,28/06/2025,17:01:18,16,28/06/2025,17:21:05
M,44.0,45385,6,28/06/2025,17:51:27,8,28/06/2025,18:07:48
M,24.0,67326,8,28/06/2025,17:07:30,7,28/06/2025,17:23:13
M,38.0,52445,9,28/06/2025,17:33:05,7,28/06/2025,17:40:47
F,29.0,24599,9,28/06/2025,17:35:28,7,28/06/2025,17:47:47
M,34.0,92441,10,28/06/2025,17:32:27,13,28/06/2025,17:35:27
F,39.0,72080,10,28/06/2025,17:26:50,15,28/06/2025,17:38:11
M,35.0,11748,11,28/06/2025,17:22:15,6,28/06/2025,17:36:00
M,36.0,81199,11,28/06/2025,17:26:29,10,28/06/2025,17:56:45
M,53.0,66010,14,28/06/2025,17:47:29,10,28/06/2025,18:05:32
M,24.0,57483,14,28/06/2025,17:15:30,7,28/06/2025,17:27:12
M,21.0,92501,15,28/06/2025,17:56:40,1,28/06/2025,18:07:05
M,35.0,47969,16,28/06/2025,17:45:16,11,28/06/2025,18:01:12
M,25.0,72462,16,28/06/2025,17:58:50,23,28/06/2025,18:14:03
M,21.0,31411,18,28/06/2025,17:14:53,19,28/06/2025,17:17:53
M,29.0,46674,18,28/06/2025,17:27:45,7,28/06/2025,17:45:12
M,45.0,88017,18,28/06/2025,17:37:18,10,28/06/2025,18:01:00
M,25.0,33552,19,28/06/2025,17:21:41,20,28/06/2025,17:24:41
M,28.0,13785,19,28/06/2025,17:10:23,11,28/06/2025,17:24:32
M,38.0,9287,20,28/06/2025,17:16:33,5,28/06/2025,17:24:32
F,27.0,3162,21,28/06/2025,17:22:32,23,28/06/2025,17:25:55
M,27.0,96498,21,28/06/2025,17:31:21,2,28/06/2025,17:48:03
F,37.0,50707,22,28/06/2025,17:47:46,24,28/06/2025,18:01:18
M,37.0,8905,23,28/06/2025,17:34:39,7,28/06/2025,17:46:23
M,26.0,17715,1,28/06/2025,18:13:25,24,28/06/2025,18:30:55
M,40.0,5185,2,28/06/2025,18:48:54,1,28/06/2025,18:58:15
M,34.0,33229,2,28/06/2025,18:11:01,7,28/06/2025,18:18:02
F,47.0,86629,2,28/06/2025,18:15:57,15,28/06/2025,18:24:27
M,24.0,92414,5,28/06/2025,18:31:05,6,28/06/2025,18:47:39
M,38.0,28396,7,28/06/2025,18:22:56,10,28/06/2025,18:35:30
M,35.0,69824,8,28/06/2025,18:23:45,6,28/06/2025,18:36:06
M,16.0,87602,10,28/06/2025,18:53:40,9,28/06/2025,19:06:26
F,36.0,38429,10,28/06/2025,18:10:03,19,28/06/2025,18:18:30
M,31.0,91664,10,28/06/2025,18:29:04,1,28/06/2025,18:33:35
M,50.0,57638,11,28/06/2025,18:27:46,24,28/06/2025,18:41:26
M,48.0,64624,11,28/06/2025,18:27:22,10,28/06/2025,18:35:37
M,16.0,47049,11,28/06/2025,18:16:39,17,28/06/2025,18:21:57
M,38.0,92163,15,28/06/2025,18:00:49,1,28/06/2025,18:27:44
F,27.0,23530,15,28/06/2025,18:58:12,10,28/06/2025,19:08:12
M,51.0,86635,16,28/06/2025,18:42:40,11,28/06/2025,18:56:36
F,27.0,10602,17,28/06/2025,18:09:24,23,28/06/2025,18:15:23
F,41.0,78105,17,28/06/2025,18:35:48,4,28/06/2025,18:47:44
M,43.0,98805,17,28/06/2025,18:13:13,4,28/06/2025,18:27:03
F,29.0,50117,18,28/06/2025,18:45:07,20,28/06/2025,18:54:00
M,16.0,71843,19,28/06/2025,18:02:11,23,28/06/2025,18:28:06
F,50.0,72885,19,28/06/2025,18:25:48,20,28/06/2025,18:42:01
F,47.0,21106,20,28/06/2025,18:39:28,14,28/06/2025,19:02:25
M,33.0,88251,21,28/06/2025,18:48:23,16,28/06/2025,18:57:26
M,39.0,99982,22,28/06/2025,18:28:01,21,28/06/2025,18:42:24
M,54.0,18705,23,28/06/2025,18:59:08,14,28/06/2025,19:15:02
F,54.0,59959,6,28/06/2025,19:38:03,11,28/06/2025,20:07:16
M,40.0,31982,7,28/06/2025,19:26:04,1,28/06/2025,19:38:03
M,18.0,91513,9,28/06/2025,19:20:37,15,28/06/2025,19:26:51
M,29.0,76977,10,28/06/2025,19:16:37,5,28/06/2025,19:33:28
M,42.0,39109,10,28/06/2025,19:23:41,12,28/06/2025,19:42:31
F,29.0,20590,10,28/06/2025,19:31:25,14,28/06/2025,19:42:19
F,35.0,50751,11,28/06/2025,19:47:57,1,28/06/2025,19:56:17
M,31.0,89824,11,28/06/2025,19:52:27,6,28/06/2025,20:11:35
M,48.0,96189,12,28/06/2025,19:19:49,20,28/06/2025,19:29:05
F,34.0,77579,13,28/06/2025,19:12:48,9,28/06/2025,19:23:21
F,35.0,30513,16,28/06/2025,19:36:42,11,28/06/2025,19:46:47
M,20.0,41741,17,28/06/2025,19:33:11,9,28/06/2025,19:55:20
M,19.0,60277,18,28/06/2025,19:12:04,1,28/06/2025,19:34:08
M,43.0,23456,18,28/06/2025,19:46:13,1,28/06/2025,19:59:19
M,22.0,72310,20,28/06/2025,19:54:59,24,28/06/2025,20:09:48
F,23.0,23034,20,28/06/2025,19:32:09,14,28/06/2025,19:55:47
M,36.0,28378,21,28/06/2025,19:18:56,12,28/06/2025,19:32:44
M,39.0,34319,1,28/06/2025,20:23:04,4,28/06/2025,20:26:04
M,24.0,41808,2,28/06/2025,20:28:09,24,28/06/2025,20:56:38
F,34.0,67954,3,28/06/2025,20:38:16,10,28/06/2025,20:53:05
M,46.0,62990,5,28/06/2025,20:44:44,10,28/06/2025,20:58:07
F,48.0,34820,10,28/06/2025,20:16:59,6,28/06/2025,20:35:55
F,25.0,66141,10,28/06/2025,20:46:05,18,28/06/2025,21:05:35
M,33.0,37221,10,28/06/2025,20:07:32,17,28/06/2025,20:34:51
M,38.0,44698,11,28/06/2025,20:55:56,15,28/06/2025,21:04:17
F,29.0,58727,12,28/06/2025,20:56:31,1,28/06/2025,21:18:36
F,36.0,34793,12,28/06/2025,20:28:46,19,28/06/2025,20:36:53
M,42.0,70820,13,28/06/2025,20:27:55,17,28/06/2025,20:42:32
M,16.0,21512,16,28/06/2025,20:31:19,17,28/06/2025,20:46:21
F,35.0,88415,19,28/06/2025,20:06:22,15,28/06/2025,20:21:30
M,23.0,58655,20,28/06/2025,20:19:30,15,28/06/2025,20:32:14
M,52.0,47136,23,28/06/2025,20:44:20,18,28/06/2025,21:10:53
M,42.0,63311,24,28/06/2025,20:12:06,10,28/06/2025,20:24:30
M,38.0,24684,2,28/06/2025,21:18:09,1,28/06/2025,21:33:09
F,40.0,93022,3,28/06/2025,21:44:04,1,28/06/2025,22:10:20
F,18.0,72891,11,28/06/2025,21:38:25,21,28/06/2025,21:52:54
M,31.0,48759,13,28/06/2025,21:29:42,15,28/06/2025,21:50:32
M,28.0,25407,15,28/06/2025,21:02:00,20,28/06/2025,21:16:16
M,41.0,98533,16,28/06/2025,21:00:52,3,28/06/2025,21:18:46
F,24.0,41793,18,28/06/2025,21:22:50,19,28/06/2025,21:31:22
M,29.0,54831,19,28/06/2025,21:43:50,6,28/06/2025,21:54:52
M,25.0,62162,21,28/06/2025,21:11:34,23,28/06/2025,21:27:23
F,34.0,48191,1,28/06/2025,22:39:49,7,28/06/2025,22:55:06
M,43.0,99992,1,28/06/2025,22:09:02,11,28/06/2025,22:12:02
M,41.0,55585,2,28/06/2025,22:26:05,1,28/06/2025,22:31:17
F,31.0,43456,2,28/06/2025,22:39:15,1,28/06/2025,23:05:56
M,29.0,36474,3,28/06/2025,22:50:04,9,28/06/2025,22:56:57
F,32.0,39327,4,28/06/2025,22:09:04,9,28/06/2025,22:15:33
M,31.0,64765,7,28/06/2025,22:50:29,6,28/06/2025,23:04:42
F,44.0,61928,8,28/06/2025,22:18:04,4,28/06/2025,22:39:11
M,42.0,18529,11,28/06/2025,22:59:40,2,28/06/2025,23:08:34
F,31.0,3129,12,28/06/2025,22:55:54,13,28/06/2025,23:21:05
M,50.0,35072,13,28/06/2025,22:16:59,9,28/06/2025,22:49:48
M,16.0,89552,19,28/06/2025,22:33:51,22,28/06/2025,22:55:20
F,45.0,10039,3,28/06/2025,23:57:48,17,29/06/2025,00:22:39
F,39.0,81462,6,28/06/2025,23:29:06,22,28/06/2025,23:48:54
M,53.0,31587,6,28/06/2025,23:06:37,19,28/06/2025,23:15:42
F,30.0,5532,7,28/06/2025,23:16:05,2,28/06/2025,23:44:55
F,24.0,61074,13,28/06/2025,23:34:44,19,28/06/2025,23:52:35
F,16.0,55634,16,28/06/2025,23:10:07,21,28/06/2025,23:18:04
M,27.0,72212,16,28/06/2025,23:02:35,11,28/06/2025,23:20:54
F,44.0,75073,19,28/06/2025,23:05:33,1,28/06/2025,23:14:27
F,30.0,45425,20,28/06/2025,23:44:27,5,28/06/2025,23:47:28
F,43.0,41938,21,28/06/2025,23:04:24,11,28/06/2025,23:09:24
F,53.0,1230,22,28/06/2025,23:46:45,13,29/06/2025,00:07:29
F,32.0,70165,23,28/06/2025,23:49:50,18,28/06/2025,23:55:42
M,52.0,51413,23,28/06/2025,23:45:43,12,29/06/2025,00:10:30
F,40.0,17455,1,01/06/2025,00:54:30,3,01/06/2025,01:11:51
F,24.0,96947,7,01/06/2025,00:22:45,5,01/06/2025,00:34:15
M,16.0,72439,7,01/06/2025,00:04:05,6,01/06/2025,00:15:42
F,40.0,17455,1,01/06/2025,00:54:30,3,01/06/2025,05:54:30
F,24.0,96947,7,01/06/2025,00:22:45,5,01/06/2025,05:22:45
F,40.0,17455,,01/06/2025,00:54:30,3,01/06/2025,01:11:51
F,24.0,96947,,01/06/2025,00:22:45,5,01/06/2025,00:34:15
